Keyword,Run,Song
a-single-moment-of-change,run1,397
abandoned-plans,run1,743
abandoned-plans,run2,743
abandonment,run1,8
abandonment,run1,125
abandonment,run1,790
abandonment,run1,803
abandonment,run2,8
abandonment,run2,125
abandonment,run2,790
abandonment,run2,803
abandonment-and-solitude,run2,707
absent-father,run1,141
absent-father,run1,849
absent-father,run2,141
absent-father,run2,849
academic-metaphor,run1,752
acceptance-of-absence,run2,555
acceptance-of-an-ending,run1,261
acceptance-of-ending,run1,44
acceptance-of-fate,run1,686
acceptance-of-fate,run2,686
acceptance-of-flaws,run1,253
acceptance-of-flaws,run2,253
acceptance-of-hardship,run1,420
acceptance-of-inevitable-endings,run2,46
acceptance-of-lifes-unpredictability,run2,602
acceptance-of-lifes-ups-and-downs,run1,602
acceptance-of-loss,run2,665
acceptance-of-struggle,run2,409
acceptance-of-struggle,run2,420
acceptance-of-suffering-for-love,run1,665
accountability-and-confrontation,run2,439
actions-over-words,run1,74
actions-over-words,run1,466
actions-over-words,run2,74
actions-over-words,run2,466
actions-speak-louder-than-words,run1,143
adaptability-in-love,run2,469
addiction,run1,72
addiction,run1,666
addiction,run2,72
addiction-and-compulsion,run1,751
addiction-and-compulsion,run2,751
addiction-and-obsession,run1,770
addiction-and-obsession,run2,770
addiction-and-sobriety,run1,599
addiction-and-sobriety,run2,599
addiction-metaphor,run1,454
addiction-metaphor,run2,454
addiction-to-a-person,run2,722
addictive-love,run2,56
admiration-and-beauty,run1,381
admiration-and-beauty,run2,381
admiration-and-desire,run1,294
admiration-and-desire,run1,779
admiration-and-desire,run2,294
admiration-despite-differences,run1,730
admiration-despite-differences,run2,730
admiration-of-a-partner,run1,354
admiration-of-a-woman,run1,295
admiration-of-beauty,run1,210
admiration-of-beauty,run2,210
admiration-of-beauty,run2,779
admiration-of-partner,run2,354
admiration-of-partner,run2,712
admiration-of-womans-hustle,run2,295
admiring-a-partner's-beauty,run1,193
admiring-a-partner's-beauty,run2,193
admiring-a-womans-beauty,run2,549
adoration,run1,371
adoration,run2,371
adrenaline-and-drive,run2,224
adult-hardship,run1,138
adult-hardship,run1,258
adult-hardship,run2,258
adult-responsibilities,run1,506
adult-responsibilities,run2,506
adult-stress-and-anxiety,run1,5
adult-stress-and-anxiety,run2,5
adventure-and-exploration,run2,845
adventure-and-freedom,run2,418
adventure-and-spontaneity,run1,100
adventurous-freedom,run2,458
adversity-and-struggle,run1,864
adversity-and-struggle,run2,864
affordable-date-night,run1,481
affordable-date-night,run2,481
after-party-hookup,run1,613
after-party-hookup,run2,613
afterglow-and-satisfaction,run1,704
aftermath-of-intimacy,run2,696
aggression-and-threats,run1,801
aggression-and-toughness,run1,309
aggression-and-toughness,run1,410
aggression-and-toughness,run2,309
aggression-and-toughness,run2,410
aging-and-passage-of-time,run2,863
aging-and-time,run1,863
agricultural-hardship,run1,323
alcohol,run1,809
alcohol-and-arousal,run1,584
alcohol-and-arousal,run2,584
alcohol-and-bad-habits,run1,716
alcohol-and-bad-habits,run2,716
alcohol-and-drinking,run1,776
alcohol-and-drinking,run2,776
alcohol-and-escapism,run1,3
alcohol-and-escapism,run1,467
alcohol-and-escapism,run2,3
alcohol-and-escapism,run2,467
alcohol-and-impulsive-decisions,run1,81
alcohol-and-impulsive-decisions,run2,81
alcohol-and-intimacy,run1,345
alcohol-and-intimacy,run2,345
alcohol-and-intoxication,run1,633
alcohol-and-intoxication,run1,721
alcohol-and-intoxication,run2,633
alcohol-and-intoxication,run2,668
alcohol-and-intoxication,run2,721
alcohol-and-late-night-emotions,run1,275
alcohol-and-late-night-emotions,run2,275
alcohol-and-lowered-inhibitions,run1,873
alcohol-and-lowered-inhibitions,run2,873
alcohol-and-nightlife,run1,871
alcohol-and-nightlife,run2,871
alcohol-and-numbness,run1,303
alcohol-and-partying,run1,114
alcohol-and-partying,run1,520
alcohol-and-partying,run2,114
alcohol-and-partying,run2,520
alcohol-and-self-destruction,run1,725
alcohol-and-self-destruction,run2,725
alcohol-and-struggle,run1,882
alcohol-and-struggle,run2,882
alcohol-and-substance-abuse,run2,630
alcohol-and-substances,run1,668
alcohol-as-comfort,run1,333
alcohol-as-coping,run1,226
alcohol-as-coping,run1,428
alcohol-as-coping,run1,433
alcohol-as-coping,run1,763
alcohol-as-coping,run2,226
alcohol-as-coping,run2,433
alcohol-as-coping,run2,563
alcohol-as-coping,run2,707
alcohol-as-coping,run2,763
alcohol-as-escape,run1,322
alcohol-as-escape,run1,571
alcohol-as-escape,run1,623
alcohol-as-escape,run1,677
alcohol-as-escape,run1,690
alcohol-as-escape,run1,698
alcohol-as-escape,run1,707
alcohol-as-escape,run1,858
alcohol-as-escape,run2,303
alcohol-as-escape,run2,322
alcohol-as-escape,run2,623
alcohol-as-escape,run2,677
alcohol-as-escape,run2,690
alcohol-as-escape,run2,698
alcohol-as-escape,run2,858
alcohol-as-liquid-courage,run1,243
alcohol-as-liquid-courage,run2,243
alcohol-failing-as-remedy,run1,800
alcohol-failing-as-remedy,run2,800
alcohol-fueled-confession,run1,210
alcohol-fueled-conflict,run1,635
alcohol-fueled-conflict,run2,635
alcohol-fueled-honesty,run2,210
alcohol-fueled-longing,run1,532
alcohol-fueled-longing,run2,532
alcohol-intoxication,run1,117
alcohol-intoxication,run2,117
alcoholism-and-self-destruction,run1,702
alcoholism-and-self-destruction,run2,702
alien-abduction-metaphor,run1,803
alien-abduction-metaphor,run2,803
all-consuming-grief,run1,627
all-consuming-grief,run2,627
all-consuming-love,run1,704
all-consuming-love,run1,846
all-consuming-love,run2,149
all-consuming-love,run2,704
all-consuming-love,run2,846
all-night-intimacy,run1,475
all-night-intimacy,run2,475
all-night-lovemaking,run1,89
all-night-lovemaking,run2,89
all-night-passion,run2,154
all-or-nothing-love,run1,300
altered-mental-state,run2,207
ambiguous-relationship,run2,290
ambition-and-achievement,run2,33
ambition-and-aspiration,run1,286
ambition-and-aspiration,run2,286
ambition-and-big-dreams,run2,146
ambition-and-dreaming,run1,146
ambition-and-drive,run1,436
ambition-and-drive,run1,579
ambition-and-drive,run2,436
ambition-and-drive,run2,579
ambition-and-grind,run1,389
ambition-and-growth,run1,311
ambition-and-growth,run2,311
ambition-and-hustle,run1,19
ambition-and-hustle,run1,260
ambition-and-hustle,run1,576
ambition-and-hustle,run2,19
ambition-and-hustle,run2,576
ambition-and-leaving,run2,453
ambition-and-legacy,run1,411
ambition-and-legacy,run2,411
ambition-and-self-determination,run1,78
ambition-and-self-determination,run2,78
ambition-and-success,run1,331
ambition-and-success,run1,476
ambition-and-success,run1,729
ambition-and-success,run2,331
ambition-and-success,run2,476
ambition-and-success,run2,729
ambition-and-success,run2,868
ambition-since-youth,run1,109
ambition-since-youth,run2,109
ambivalence-about-love,run1,822
ambivalence-and-indecision,run2,572
american-identity,run1,237
american-identity,run2,237
amicable-breakup,run1,785
amicable-breakup,run2,785
angelic-imagery,run2,353
angelic-presence,run1,73
angelic-presence,run2,73
angelic-yet-worldly-woman,run1,868
anger-and-rejection,run2,390
anger-and-resentment,run1,460
anger-and-resentment,run1,562
anger-and-resentment,run1,589
anger-at-ex-partner,run1,424
anger-at-ex-partner,run2,424
anger-at-lover,run2,803
animalistic-desire,run1,281
anniversary-of-a-breakup,run1,485
anniversary-of-pain,run2,485
anonymous-fleeting-connection,run2,750
anonymous-intimacy,run1,584
anonymous-intimacy,run2,584
answered-prayer,run1,353
answered-prayer,run1,596
answered-prayer,run2,353
answered-prayer,run2,596
anti-authority-behavior,run2,692
anti-commitment,run2,231
anti-establishment-attitude,run1,231
anti-hero-identity,run2,638
anti-law-enforcement,run1,368
anti-lgbtq-bigotry,run1,310
anti-lgbtq-bigotry,run2,310
anti-police-sentiment,run2,368
anticipating-heartbreak,run1,79
anticipating-heartbreak,run2,79
anticipation,run1,132
anticipation,run2,306
anticipation-and-desire,run1,633
anticipation-and-desire,run2,633
anticipation-and-longing,run1,41
anticipation-and-longing,run2,41
anticipation-and-waiting,run2,51
anticipation-of-intimacy,run1,451
anticipation-of-intimacy,run2,451
anxiety-and-fear,run1,731
anxiety-and-fear,run2,731
anxiety-and-mental-struggle,run1,829
anxiety-and-mental-struggle,run2,829
anxiety-and-overthinking,run2,755
anxiety-and-overwhelm,run1,341
anxiety-and-overwhelm,run2,341
anxiety-and-overwhelm,run2,441
anxiety-and-panic,run1,233
anxiety-and-panic,run1,441
anxiety-and-panic,run2,233
anxiety-and-worry,run1,724
anxiety-and-worry,run2,724
apocalyptic-ending,run1,179
apocalyptic-ending,run2,179
apocalyptic-fantasy,run1,415
apocalyptic-fantasy,run2,415
apocalyptic-love,run1,772
apocalyptic-love,run2,772
apology-and-desperation,run2,684
apology-and-guilt,run1,684
apology-and-reconciliation,run1,343
apology-and-reconciliation,run2,343
apology-and-regret,run1,243
apology-and-regret,run2,243
appreciation-of-life,run1,126
appreciation-of-life,run2,126
armed-bravado,run1,54
armed-confrontation,run1,457
armed-confrontation,run2,457
armed-lifestyle,run1,144
armed-lifestyle,run2,144
armed-protection,run2,91
armed-readiness,run1,660
armed-readiness,run2,660
armed-self-protection,run1,91
arrogance-of-the-other,run2,479
artificiality-and-performance,run1,703
artificiality-and-performance,run2,703
artist-braggadocio,run1,59
artist-branding-and-legacy,run2,59
artist-confidence,run1,145
artist-confidence,run2,145
artistic-ambition,run1,12
artistic-ambition,run1,160
artistic-ambition,run2,12
artistic-collaboration,run1,443
artistic-collaboration,run2,443
artistic-expression,run1,540
artistic-expression,run2,540
artistic-identity,run2,654
artistic-objectification,run1,720
asking-for-a-clean-break,run2,824
aspiration-and-disappointment,run1,832
aspiring-to-be-worthy,run1,354
aspiring-to-be-worthy,run2,354
atlanta-street-culture,run1,764
atlanta-street-culture,run2,764
atlanta-street-pride,run2,299
atonement-and-debt,run1,663
attention-and-desire,run2,546
attention-seeking,run1,120
attracting-attention,run1,483
attraction-and-admiration,run1,378
attraction-and-being-desired,run1,726
attraction-and-chemistry,run2,482
attraction-and-desire,run1,784
attraction-and-desire,run2,784
attraction-and-keeping-attention,run2,786
attraction-and-keeping-interest,run1,786
attraction-to-a-bad-boy,run2,187
attraction-to-bad-boys,run2,435
attraction-to-bad-girls,run2,422
attraction-to-bad-women,run1,422
attraction-to-danger,run1,750
attraction-to-danger,run2,750
attraction-to-independence,run1,208
attraction-to-trouble,run1,744
attraction-to-unavailable-men,run2,828
attraction-to-women,run2,115
audience-participation,run1,88
audience-participation,run2,88
authentic-identity,run1,320
authentic-identity,run2,320
authenticity,run1,797
authenticity,run2,185
authenticity,run2,797
authenticity-and-credibility,run2,389
authenticity-and-honesty,run2,111
authenticity-and-integrity,run1,230
authenticity-and-integrity,run1,234
authenticity-and-integrity,run2,230
authenticity-and-integrity,run2,234
authenticity-and-loyalty,run2,133
authenticity-and-realness,run1,305
authenticity-and-realness,run1,814
authenticity-and-reputation,run2,305
authenticity-and-self-confidence,run1,92
authenticity-and-self-confidence,run2,92
authenticity-and-vulnerability,run2,671
authenticity-and-wearing-your-heart,run1,450
authenticity-over-fame,run1,607
authenticity-over-fame,run2,607
authenticity-over-image,run2,298
authenticity-over-pretense,run1,488
authenticity-over-pretense,run2,488
authenticity-under-influence,run2,32
authenticity-vs-fakeness,run1,104
authenticity-vs-fakeness,run1,789
authenticity-vs-fakeness,run2,104
authenticity-vs-fakeness,run2,292
authenticity-vs-fakeness,run2,509
authenticity-vs-fakeness,run2,789
authenticity-vs-fakeness,run2,814
authenticity-vs-imitation,run1,111
autumn-and-seasonal-imagery,run2,612
availability-and-desire,run1,464
availability-and-support,run1,43
availability-and-support,run2,43
avoidance-and-denial,run1,80
avoidance-and-denial,run2,80
avoidance-of-commitment,run1,525
avoidance-of-commitment,run2,525
avoidance-of-feelings,run1,471
avoidance-of-feelings,run2,471
avoidance-of-goodbye,run1,415
avoidance-of-goodbye,run2,415
avoidance-of-reminders,run2,683
avoidance-of-shared-memories,run1,648
avoidance-of-the-past,run1,550
avoidance-of-triggers,run1,683
avoiding-bitterness,run1,96
avoiding-bitterness,run2,96
avoiding-commitment,run1,100
avoiding-emotional-attachment,run1,773
avoiding-emotional-attachment,run2,773
avoiding-emotional-vulnerability,run1,408
avoiding-law-enforcement,run1,270
avoiding-law-enforcement,run2,270
avoiding-police,run1,500
avoiding-police,run2,500
avoiding-post-breakup-drama,run2,785
avoiding-vulnerability,run2,408
awakening-and-empowerment,run2,176
awakening-and-empowerment,run2,876
awakening-and-resistance,run1,166
awakening-and-resistance,run2,166
awakening-to-love,run1,94
awakening-to-love,run2,94
awkward-unexpected-encounter,run2,827
bachelor-lifestyle,run1,544
bachelor-lifestyle,run2,544
backing-up-your-words,run2,143
bad-boy-appeal,run1,187
bad-boy-attraction,run1,400
bad-boy-attraction,run2,400
bad-boy-past,run1,799
bad-boy-past,run2,799
bad-boy-persona,run2,269
bad-decisions,run2,356
bad-girl-identity,run1,281
bad-girl-identity,run2,281
bad-girl-image,run2,779
bad-girl-persona,run1,564
bad-girl-persona,run1,779
bad-influences,run1,356
bad-luck-and-misfortune,run1,782
bad-luck-and-misfortune,run2,782
bad-omens,run1,568
bad-omens,run2,568
bad-reputation,run1,77
bad-reputation,run1,857
bad-reputation,run2,857
balancing-ambition-and-pleasure,run2,359
bar-and-music-as-refuge,run2,333
bar-and-music-culture,run1,333
bar-and-nightlife,run1,101
bar-and-nightlife,run1,348
bar-and-nightlife,run2,101
bar-and-nightlife,run2,348
bar-and-nightlife,run2,544
bar-flirtation,run1,782
bar-flirtation,run1,854
bar-flirtation,run2,782
bar-flirtation,run2,854
bar-nightlife-setting,run1,585
bar-party-setting,run1,427
bar-pickup-setting,run1,799
bar-pickup-setting,run2,799
bar-scene,run1,544
bar-scene-as-refuge,run1,800
bar-scene-as-refuge,run2,800
bar-scene-atmosphere,run2,427
bar-scene-atmosphere,run2,585
bar-setting,run1,629
bar-setting,run2,629
barbie-identity,run1,674
barbie-identity,run2,674
bargaining-with-god,run1,567
bargaining-with-god,run2,567
bargaining-with-god,run2,663
basketball-identity,run1,65
basketball-references,run2,65
battle-readiness,run1,853
beach-and-summer-vibes,run1,549
beach-and-tropical-setting,run1,429
beach-and-tropical-setting,run2,429
beach-party,run1,614
beach-party,run2,614
beach-setting,run1,597
beach-setting,run2,597
beauty-and-appearance,run1,338
beauty-and-awe,run2,669
beauty-in-everyday-moments,run2,473
beauty-in-flaws,run2,317
beauty-in-imperfection,run1,317
beauty-in-imperfection,run1,537
beauty-in-imperfection,run2,537
beauty-of-the-beloved,run1,665
beauty-of-the-beloved,run2,665
beauty-standards-critique,run1,78
beauty-standards-critique,run2,78
becoming-ones-parents,run1,599
becoming-ones-parents,run2,599
beef-and-rivalry,run1,230
being-a-better-partner,run2,35
being-at-a-crossroads,run1,606
being-coupled-up,run2,204
being-haunted-by-exes,run1,63
being-ignored,run1,168
being-ignored,run2,168
being-in-the-zone,run1,9
being-kept-guessing,run1,121
being-kept-guessing,run2,121
being-lost-in-love,run2,371
being-loved-authentically,run1,212
being-loved-authentically,run2,212
being-lovestruck,run1,317
being-lovestruck,run2,306
being-lovestruck,run2,317
being-mesmerized,run1,353
being-overwhelmed,run1,610
being-pursued-for-status,run2,616
being-replaced,run1,468
being-saved-by-love,run1,181
being-saved-by-love,run2,181
being-seen-and-invisible,run2,742
being-seen-and-noticed,run2,378
being-stood-up,run1,743
being-stood-up,run2,743
being-taken-advantage-of,run1,616
being-targeted-or-watched,run1,553
being-targeted-or-watched,run2,553
being-the-primary-partner,run2,643
being-the-ride-or-die,run1,643
being-truly-known,run1,536
being-truly-known,run2,536
being-used,run1,259
being-used,run1,399
being-used,run2,259
being-used,run2,399
being-used-for-comfort,run1,705
being-used-for-comfort,run2,705
being-watched,run1,17
being-watched,run2,17
belief-and-wonder,run2,76
belonging,run1,330
belonging,run2,330
belonging-and-exclusivity,run2,505
belonging-and-identity,run1,642
belonging-and-identity,run2,642
belonging-and-initiation,run1,21
belonging-and-possession,run1,512
belonging-and-possession,run2,512
belonging-to-the-outcasts,run2,21
belonging-together,run1,507
belonging-together,run2,465
belonging-with-true-friends,run2,39
betrayal,run1,40
betrayal,run1,135
betrayal,run1,137
betrayal,run1,163
betrayal,run1,189
betrayal,run1,226
betrayal,run1,244
betrayal,run1,280
betrayal,run1,324
betrayal,run1,412
betrayal,run1,433
betrayal,run1,574
betrayal,run2,135
betrayal,run2,137
betrayal,run2,189
betrayal,run2,226
betrayal,run2,280
betrayal,run2,324
betrayal,run2,525
betrayal,run2,574
betrayal-and-broken-promises,run1,176
betrayal-and-broken-promises,run2,176
betrayal-and-cheating,run1,277
betrayal-and-cheating,run2,277
betrayal-and-deception,run1,211
betrayal-and-deception,run1,351
betrayal-and-deception,run1,598
betrayal-and-deception,run1,656
betrayal-and-deception,run1,729
betrayal-and-deception,run1,824
betrayal-and-deception,run2,123
betrayal-and-deception,run2,351
betrayal-and-deception,run2,586
betrayal-and-deception,run2,598
betrayal-and-deception,run2,656
betrayal-and-deception,run2,743
betrayal-and-disappointment,run2,717
betrayal-and-distrust,run2,412
betrayal-and-distrust,run2,484
betrayal-and-fake-people,run1,151
betrayal-and-fake-people,run2,151
betrayal-and-fake-praise,run1,561
betrayal-and-fake-praise,run2,561
betrayal-and-heartbreak,run1,558
betrayal-and-heartbreak,run1,639
betrayal-and-heartbreak,run2,558
betrayal-and-heartbreak,run2,639
betrayal-and-humiliation,run1,262
betrayal-and-humiliation,run2,262
betrayal-and-hurt,run1,4
betrayal-and-hurt,run1,525
betrayal-and-hurt,run2,4
betrayal-and-hurt,run2,217
betrayal-and-infidelity,run1,376
betrayal-and-infidelity,run2,376
betrayal-and-infidelity,run2,433
betrayal-and-ingratitude,run2,163
betrayal-and-lies,run1,792
betrayal-and-lies,run2,792
betrayal-and-loss,run1,484
betrayal-and-loyalty,run1,175
betrayal-and-loyalty,run2,175
betrayal-and-mistrust,run1,123
betrayal-and-replacement,run2,468
betrayal-by-a-close-person,run2,311
betrayal-by-a-friend,run1,556
betrayal-by-a-friend,run2,556
betrayal-by-someone-close,run1,311
betrayal-in-relationships,run2,112
betrayal-of-shared-intimacy,run1,468
betrayal-of-trust,run1,8
betrayal-of-trust,run2,8
betrayal-of-trust,run2,249
betrayal-without-cheating,run1,491
betrayal-without-cheating,run2,491
bible-as-moral-guide,run1,716
bitter-consequences,run2,143
bitter-farewell,run1,795
bitter-farewell,run2,795
bitter-resentment,run1,582
bitter-resentment,run2,582
bitter-sarcasm,run1,460
bitter-well-wishing,run1,376
bitter-well-wishing,run2,376
bitterness-and-resentment,run2,460
bittersweet-attraction,run2,744
bittersweet-farewell,run1,187
bittersweet-longing,run1,851
bittersweet-nostalgia,run2,851
bittersweet-summer,run1,647
black-economic-empowerment,run1,237
black-economic-empowerment,run2,237
blame-and-accountability,run1,137
blame-shifting,run1,332
blame-shifting,run1,809
blame-shifting,run2,137
blame-shifting,run2,332
blame-shifting,run2,809
blaming-an-ex,run1,289
blaming-the-ex,run2,289
blaming-the-lover,run1,207
blaming-upbringing,run2,828
blessing-and-destiny,run1,652
blind-love,run1,280
blind-love,run2,280
blind-love,run2,394
blocking-and-digital-rejection,run2,741
boastful-self-confidence,run1,520
boastful-self-confidence,run1,862
boasting-and-superiority,run1,788
boasting-and-superiority,run2,788
bodily-autonomy,run1,797
bodily-autonomy,run2,797
body-admiration,run2,107
body-confidence,run1,308
body-confidence,run1,327
body-confidence,run1,444
body-confidence,run1,504
body-confidence,run2,308
body-confidence,run2,388
body-confidence,run2,444
body-confidence,run2,475
body-confidence,run2,504
body-confidence,run2,604
body-confidence-and-physical-appeal,run1,778
body-confidence-and-physical-appeal,run2,778
body-confidence-and-sexuality,run1,671
body-exploration,run2,102
body-heat-and-desire,run2,681
body-image-and-self-doubt,run1,224
body-image-and-self-doubt,run2,224
body-image-insecurity,run1,128
body-image-insecurity,run2,128
body-movement,run1,326
body-movement,run2,326
body-positivity,run1,483
body-positivity,run1,767
body-positivity-and-natural-beauty,run1,104
body-pride,run1,600
body-pride,run1,796
body-pride,run2,600
body-swapping,run1,240
body-swapping,run2,240
booking-and-fame,run2,242
boredom-as-motivation,run2,307
boss-mentality,run1,242
boss-mentality,run1,554
boss-mentality,run1,662
boss-mentality,run2,292
boss-mentality,run2,554
boundary-setting,run1,214
boundary-setting,run2,214
boundary-setting,run2,479
bounty-on-head,run1,266
bounty-on-head,run2,266
braggadocio,run1,154
braggadocio-and-rivalry,run2,255
breaking-free,run1,224
breaking-free,run2,224
breaking-free,run2,869
breaking-limits,run2,151
breaking-personal-boundaries,run2,285
breaking-silence,run1,3
breaking-unhealthy-patterns,run1,205
breaking-unhealthy-patterns,run2,205
breakup,run1,125
breakup,run1,486
breakup,run1,562
breakup,run2,125
breakup-aftermath,run1,428
breakup-aftermath,run2,428
breakup-and-closure,run2,26
breakup-and-heartbreak,run1,883
breakup-and-loss,run1,322
breakup-and-moving-on,run1,26
breakup-and-moving-on,run1,262
breakup-and-moving-on,run1,598
breakup-and-moving-on,run1,648
breakup-and-moving-on,run1,717
breakup-and-moving-on,run2,262
breakup-and-moving-on,run2,486
breakup-and-moving-on,run2,598
breakup-and-moving-on,run2,648
breakup-and-moving-on,run2,717
breakup-and-reconciliation,run1,635
breakup-and-separation,run1,202
breakup-and-separation,run1,790
breakup-and-separation,run1,881
breakup-and-separation,run2,790
breakup-and-separation,run2,881
breakup-anger,run1,508
breakup-anger,run2,508
breakup-anger,run2,562
breakup-finality,run1,824
breakup-pain,run1,490
breakup-regret,run1,431
breakup-regret,run2,431
breathless-desire,run1,204
breathless-passion,run2,204
brief-intense-love-affair,run1,739
brief-intense-love-affair,run2,739
brief-romance,run2,597
broken-family,run1,698
broken-identity,run1,516
broken-identity,run2,516
broken-promises,run1,220
broken-promises,run1,223
broken-promises,run1,226
broken-promises,run1,460
broken-promises,run1,463
broken-promises,run1,467
broken-promises,run1,611
broken-promises,run1,626
broken-promises,run1,743
broken-promises,run1,824
broken-promises,run2,220
broken-promises,run2,223
broken-promises,run2,226
broken-promises,run2,460
broken-promises,run2,463
broken-promises,run2,467
broken-promises,run2,611
broken-promises,run2,626
broken-promises,run2,698
broken-promises,run2,731
broken-promises,run2,824
broken-relationship,run1,217
broken-relationship,run2,217
broken-relationship,run2,742
broken-trust,run1,491
broken-trust,run1,543
broken-trust,run2,543
brokenness-and-healing,run1,866
brokenness-and-healing,run2,866
brotherhood,run1,99
brotherhood-and-coping,run2,202
brotherhood-and-family,run1,777
brotherhood-and-family,run2,777
brotherhood-and-hood-ties,run1,618
brotherhood-and-hood-ties,run2,618
brotherly-bond-and-shared-memory,run1,5
building-a-new-foundation,run2,580
building-anticipation,run2,132
burden-of-expectation,run1,592
burden-of-expectation,run2,592
business-acumen,run2,238
busy-schedule-and-demand,run1,213
busy-schedule-and-demand,run2,213
call-and-response,run1,88
call-and-response,run2,88
call-for-peace,run2,310
call-to-action,run1,434
call-to-action,run2,434
calling-out-a-cheater,run1,586
calling-out-a-cheater,run1,598
calling-out-a-cheater,run2,598
calling-out-a-player,run2,586
calling-out-fake-beef,run1,719
calling-out-fake-gangsters,run2,297
calling-out-fake-opponents,run1,358
calling-out-fake-opponents,run2,358
calling-out-fake-people,run1,148
calling-out-fake-people,run1,815
calling-out-fake-people,run2,148
calling-out-fake-people,run2,811
calling-out-fake-toughness,run1,492
calling-out-fake-toughness,run2,492
calling-out-fake-women,run1,338
calling-out-fakers,run2,230
camaraderie-and-brotherhood,run1,607
camaraderie-and-brotherhood,run2,607
campfire-gathering,run1,533
campfire-gathering,run2,533
cancel-culture-defiance,run1,753
cancel-culture-defiance,run2,753
canceling-plans,run2,437
capturing-fleeting-moments,run1,83
capturing-fleeting-moments,run2,83
career-ambition,run2,801
career-dedication,run1,377
career-vs-love,run2,558
carefree-abandon,run1,14
carefree-attitude,run1,77
carefree-attitude,run1,185
carefree-attitude,run1,278
carefree-attitude,run1,411
carefree-attitude,run1,579
carefree-attitude,run1,644
carefree-attitude,run1,657
carefree-attitude,run1,730
carefree-attitude,run2,171
carefree-attitude,run2,185
carefree-attitude,run2,411
carefree-attitude,run2,579
carefree-attitude,run2,644
carefree-attitude,run2,646
carefree-attitude,run2,657
carefree-attitude,run2,723
carefree-attitude,run2,730
carefree-escape,run2,669
carefree-escapism,run1,429
carefree-escapism,run1,456
carefree-escapism,run2,429
carefree-escapism,run2,456
carefree-euphoria,run1,347
carefree-euphoria,run2,347
carefree-female-energy,run2,854
carefree-fun,run1,11
carefree-fun,run1,533
carefree-fun,run2,11
carefree-fun,run2,533
carefree-good-time,run1,662
carefree-good-time,run2,662
carefree-intimacy,run1,222
carefree-joy,run1,542
carefree-joy,run1,573
carefree-joy,run2,542
carefree-joy,run2,573
carefree-joy,run2,837
carefree-lifestyle,run1,10
carefree-lifestyle,run1,70
carefree-lifestyle,run1,263
carefree-lifestyle,run1,518
carefree-lifestyle,run2,70
carefree-lifestyle,run2,518
carefree-nightlife,run1,723
carefree-recklessness,run1,171
carefree-social-atmosphere,run2,256
carefree-spending,run1,115
carefree-spontaneity,run1,250
carefree-spontaneity,run2,250
carefree-spontaneity,run2,573
carefree-summer-mood,run2,384
carefree-togetherness,run2,871
carefree-vibing,run1,209
caregiving-and-nurturing,run1,354
caroling-and-song,run1,541
carpe-diem,run1,42
cash-and-nightlife,run1,492
cash-and-no-credit,run1,403
cash-only-mentality,run1,147
cash-only-mentality,run2,147
casual-closeness,run2,294
casual-convenience,run1,294
casual-encounters,run1,48
casual-hookup,run1,584
casual-hookup,run2,464
casual-hookup,run2,584
casual-hookups-and-situationships,run2,390
casual-physical-relationship,run1,570
casual-relationship,run1,13
casual-relationship,run1,820
casual-relationship,run2,13
casual-relationship,run2,17
casual-relationship,run2,820
casual-relationship-boundaries,run2,408
casual-relationship-dynamics,run2,570
casual-relationship-pain,run1,834
casual-relationship-pain,run2,834
casual-relationships,run1,410
casual-relationships,run1,435
casual-relationships,run2,126
casual-relationships,run2,410
casual-relationships,run2,435
casual-relationships-as-coping,run1,813
casual-relationships-as-coping,run2,813
casual-relationships-with-women,run1,509
casual-romance,run1,17
casual-romance,run1,292
casual-romance,run2,100
casual-romance,run2,292
casual-sex,run1,715
casual-sex,run1,773
casual-sex,run2,715
casual-sex,run2,773
casual-sexual-conquest,run1,218
casual-sexual-conquest,run2,218
casual-sexual-encounter,run1,464
casual-sexual-encounters,run1,231
casual-sexual-encounters,run2,231
casual-vs-deep-feelings,run1,81
casual-vs-deep-feelings,run2,81
caution-in-love,run1,183
caution-in-love,run2,183
cautious-optimism,run2,194
celebrating-a-lover,run1,596
celebrating-sexuality,run1,308
celebration-and-confidence,run1,804
celebration-and-euphoria,run1,401
celebration-and-euphoria,run2,401
celebration-and-excitement,run2,18
celebration-and-excitement,run2,417
celebration-and-freedom,run1,580
celebration-and-fun,run1,326
celebration-and-fun,run2,326
celebration-and-good-times,run2,804
celebration-and-hype,run1,186
celebration-and-hype,run2,186
celebration-and-letting-go,run1,559
celebration-and-letting-go,run2,559
celebration-and-letting-loose,run1,395
celebration-and-letting-loose,run2,395
celebration-and-living-it-up,run1,646
celebration-and-luxury,run1,236
celebration-and-luxury,run2,236
celebration-and-partying,run1,644
celebration-and-partying,run1,872
celebration-and-partying,run2,14
celebration-and-partying,run2,262
celebration-and-partying,run2,644
celebration-and-romance,run2,596
celebration-of-achievement,run2,109
celebration-of-relationship,run1,625
celebratory-boasting,run2,752
celebrity-and-pop-culture-references,run2,255
celebrity-and-public-attention,run1,736
celebrity-culture,run1,69
celebrity-culture,run2,69
celebrity-culture-critique,run1,320
celebrity-culture-critique,run2,320
celebrity-excess,run1,566
celebrity-fantasy,run1,240
celebrity-fantasy,run2,18
celebrity-fantasy,run2,240
celebrity-isolation,run1,238
celebrity-isolation,run2,238
celebrity-lifestyle,run2,62
celebrity-lifestyle,run2,264
celebrity-scrutiny,run1,264
celebrity-status,run1,58
celebrity-status,run1,118
celebrity-status,run1,425
celebrity-status,run2,58
celebrity-status,run2,118
celebrity-status,run2,425
censorship-resistance,run1,753
certainty-in-love,run2,712
certainty-of-true-love,run1,712
challenge-to-a-partner,run1,740
challenge-to-a-partner,run2,740
championship-mentality,run2,478
championship-success,run1,478
chance-encounter,run1,835
chance-encounter,run2,682
chance-encounter,run2,835
chance-romantic-encounter,run1,873
chance-romantic-encounter,run2,873
change-and-constancy,run1,542
change-and-constancy,run2,542
change-and-growth,run1,53
change-and-loss,run1,550
change-and-loss,run2,550
change-and-moving-on,run1,602
change-and-moving-on,run2,602
changed-feelings,run2,486
chaos-and-confusion,run2,240
chaotic-energy,run1,506
chaotic-energy-and-unpredictability,run1,229
chaotic-relationship,run1,582
chaotic-spectacle-of-life,run2,33
chaotic-tense-atmosphere,run1,831
chaotic-tense-atmosphere,run2,831
charisma-and-confidence,run1,585
chasing-dreams,run1,418
chasing-dreams,run1,453
chasing-dreams,run1,540
chasing-dreams,run1,607
chasing-dreams,run2,540
chasing-dreams,run2,607
chasing-dreams,run2,864
chasing-fleeting-pleasure,run1,470
chasing-past-feelings,run1,816
chasing-past-feelings,run2,816
chasing-your-dreams,run1,864
checking-in-from-the-road,run1,651
checking-in-from-the-road,run2,651
chemical-attraction,run1,684
chemical-attraction,run2,684
cherished-keepsakes-and-heritage,run2,450
cherished-memories,run1,125
cherished-memories,run1,406
cherished-memories,run2,406
cherishing-loved-ones,run1,577
cherishing-loved-ones,run2,577
cherishing-memories,run1,465
cherishing-memories,run2,465
cherishing-the-present,run2,42
cherishing-the-present-moment,run2,840
child-protection,run2,701
childhood-and-innocence,run1,76
childhood-and-innocence,run2,76
childhood-and-nostalgia,run1,96
childhood-and-nostalgia,run2,96
childhood-imagination,run2,5
childhood-memory,run1,745
childhood-nostalgia,run1,138
childhood-nostalgia,run1,713
childhood-nostalgia,run2,138
childhood-nostalgia,run2,713
childhood-nostalgia,run2,745
childhood-trauma,run2,698
childhood-trauma-and-marginalization,run1,561
childhood-trauma-and-marginalization,run2,561
children-growing-up,run1,675
children-growing-up,run2,675
chivalry-and-gentlemanliness,run1,590
choosing-love-over-vices,run2,770
choosing-street-success-over-education,run2,158
choosing-the-streets-over-convention,run1,158
choosing-to-walk-away,run1,787
choosing-to-walk-away,run2,787
christmas-celebration,run1,541
christmas-celebration,run1,621
christmas-celebration,run1,624
christmas-celebration,run2,541
christmas-celebration,run2,621
christmas-celebration,run2,624
christmas-setting,run1,426
christmas-setting,run2,426
cigarettes-as-narrative-device,run1,873
cigarettes-as-narrative-device,run2,873
city-pride,run2,352
clapping-back-at-critics,run1,680
clapping-back-at-critics,run2,680
clapping-back-at-haters,run1,521
clapping-back-at-haters,run2,521
cleansing-and-renewal,run1,409
cleansing-and-renewal,run2,409
clinging-to-love,run1,555
clinging-to-the-present,run1,524
clinging-to-the-present,run2,524
clique-loyalty,run1,309
clique-loyalty,run2,309
closure,run1,394
closure,run2,394
closure-seeking,run2,539
clout-and-attention,run1,455
clout-and-attention,run2,455
clout-and-fame,run2,372
clout-and-fame,run2,526
clout-and-imitation,run1,619
clout-and-imitation,run2,144
clout-and-influence,run1,695
clout-and-originality,run2,619
clout-and-status,run1,248
clout-and-status,run1,754
clout-and-status,run2,248
clout-and-success,run1,719
clout-and-success,run2,719
clout-chasing,run1,355
clout-chasing,run2,355
clout-chasing-and-fakeness,run1,230
clout-chasing-and-imitation,run2,695
club-energy,run2,793
co-dependency,run1,61
co-dependency-and-entrapment,run2,61
coastal-setting,run1,698
codependency,run2,280
collaborations-and-crew,run2,213
collective-celebration,run2,9
collective-empowerment,run2,819
collective-identity,run1,176
collective-identity,run2,176
collective-storytelling,run2,568
collective-voice-and-unity,run1,866
college-football-culture,run2,693
come-up-and-ambition,run1,211
come-up-and-growth,run2,282
come-up-and-rising-status,run2,211
come-up-and-self-made-success,run1,522
come-up-and-success,run1,126
come-up-and-success,run1,350
come-up-and-success,run2,126
come-up-and-success,run2,350
come-up-from-humble-origins,run1,122
come-up-from-humble-origins,run2,122
come-up-from-nothing,run1,113
come-up-from-nothing,run1,213
come-up-from-nothing,run1,242
come-up-from-nothing,run1,301
come-up-from-nothing,run1,321
come-up-from-nothing,run1,368
come-up-from-nothing,run1,501
come-up-from-nothing,run2,213
come-up-from-nothing,run2,242
come-up-from-nothing,run2,321
come-up-from-nothing,run2,368
come-up-from-nothing,run2,501
come-up-from-poverty,run1,104
come-up-from-poverty,run1,509
come-up-from-poverty,run2,30
come-up-from-poverty,run2,104
come-up-from-poverty,run2,175
come-up-from-the-bottom,run1,733
come-up-from-the-bottom,run2,733
come-up-story,run1,282
comeback-and-resilience,run1,298
comeback-and-resilience,run2,298
comeback-resilience,run1,478
comeback-resilience,run2,478
comeback-return,run1,753
comeback-return,run2,753
comfort-and-care,run1,406
comfort-and-care,run2,406
comfort-and-familiarity,run1,14
comfort-and-support,run2,755
comfort-in-another,run2,689
comfort-in-intimacy,run2,581
comfort-turning-to-love,run2,794
coming-of-age,run1,12
coming-of-age,run1,138
coming-of-age,run1,463
coming-of-age,run1,506
coming-of-age,run1,721
coming-of-age,run1,760
coming-of-age,run2,12
coming-of-age,run2,138
coming-of-age,run2,506
coming-of-age,run2,721
coming-of-age-milestone,run2,463
coming-out-and-reclaiming-joy,run1,559
coming-out-and-reclaiming-joy,run2,559
coming-up-from-poverty,run1,618
commercial-success,run1,753
commercial-success,run1,872
commercial-success,run2,753
commercial-success,run2,872
commitment,run1,222
commitment,run1,374
commitment,run1,419
commitment,run2,374
commitment,run2,678
commitment-ambivalence,run1,564
commitment-ambivalence,run2,564
commitment-and-devotion,run1,193
commitment-and-devotion,run1,210
commitment-and-devotion,run1,569
commitment-and-devotion,run2,193
commitment-and-devotion,run2,569
commitment-and-devotion,run2,712
commitment-and-future,run2,210
commitment-and-marriage,run1,165
commitment-and-marriage,run1,517
commitment-and-marriage,run1,675
commitment-and-marriage,run1,736
commitment-and-marriage,run2,165
commitment-and-marriage,run2,517
commitment-and-moving-in-together,run2,675
commitment-and-promise,run1,80
commitment-and-promise,run2,80
commitment-and-return,run1,367
commitment-and-togetherness,run1,544
commitment-and-togetherness,run2,544
commitment-avoidance,run1,159
commitment-avoidance,run1,171
commitment-avoidance,run2,126
commitment-avoidance,run2,159
commitment-conflict,run2,343
commitment-declaration,run1,413
commitment-declaration,run2,413
commitment-phobia,run1,126
commitment-struggle,run2,279
commitment-to-another-relationship,run1,827
commitment-to-current-partner,run2,827
commitment-uncertainty,run1,606
commitment-uncertainty,run2,606
committed-love,run1,354
committed-relationship,run1,204
communal-celebration,run1,9
communication-breakdown,run1,29
communication-breakdown,run1,31
communication-breakdown,run1,163
communication-breakdown,run2,29
communication-breakdown,run2,31
communication-breakdown,run2,163
communication-breakdown,run2,303
community-and-belonging,run2,453
community-and-connection,run1,559
community-and-connection,run2,559
community-and-generational-trauma,run1,156
community-and-giving-back,run1,192
community-and-greeting,run1,624
community-and-greeting,run2,624
community-and-togetherness,run1,401
community-and-togetherness,run2,401
community-and-tradition,run1,323
community-belonging,run1,453
community-belonging,run1,519
community-belonging,run2,519
community-reputation,run1,352
community-responsibility,run2,192
community-solidarity,run1,434
community-solidarity,run1,692
community-solidarity,run2,434
community-solidarity,run2,692
community-struggle,run2,654
companionship,run1,11
companionship,run2,11
companionship,run2,365
companionship-invitation,run2,837
comparing-past-and-present-lovers,run1,868
comparison-of-relationships,run2,591
comparison-to-a-predecessor,run1,794
comparison-to-a-predecessor,run2,794
comparison-to-an-idealized-rival,run1,628
comparison-to-another-woman,run2,628
compassion-turning-to-pity,run2,439
compatibility,run2,100
competition-and-self-doubt,run1,634
competitive-dominance,run1,82
competitive-dominance,run1,853
competitive-dominance,run2,82
competitive-dominance,run2,853
competitive-ego,run1,696
competitive-tension,run2,696
complementary-partnership,run1,314
complementary-partnership,run1,653
complementary-partnership,run2,314
complementary-partnership,run2,653
complete-devotion,run2,419
complicated-ex-relationship,run2,883
complicated-friendship,run2,337
complicated-love,run1,173
complicated-love,run2,173
complicated-relationship,run1,558
complicated-relationship,run1,759
complicated-relationship,run2,311
complicated-relationship,run2,558
complicated-relationship-dynamic,run2,737
complicated-relationships,run1,477
complicated-relationships,run2,477
compton-and-local-pride,run1,727
compton-and-local-pride,run2,727
concealed-feelings,run1,647
concealment-and-identity,run2,113
conditional-affection,run2,649
conditional-commitment,run2,757
conditional-love,run1,67
conditional-love,run1,649
conditional-love,run2,67
conditional-love,run2,415
confessing-feelings,run1,640
confessing-unexpected-feelings,run2,693
confession-and-guilt,run1,249
confession-and-guilt,run2,249
confidence,run1,203
confidence,run2,579
confidence-and-beauty,run1,674
confidence-and-boldness,run1,579
confidence-and-braggadocio,run1,162
confidence-and-bravado,run1,495
confidence-and-bravado,run2,495
confidence-and-charm,run1,655
confidence-and-competition,run1,236
confidence-and-destiny,run1,268
confidence-and-destiny,run2,268
confidence-and-dominance,run1,256
confidence-and-dominance,run1,657
confidence-and-dominance,run2,256
confidence-and-dominance,run2,657
confidence-and-dominance,run2,718
confidence-and-dominance,run2,879
confidence-and-focus,run1,36
confidence-and-focus,run2,36
confidence-and-rising,run2,162
confidence-and-self-assertion,run1,375
confidence-and-self-assertion,run2,375
confidence-and-self-assurance,run1,604
confidence-and-self-assurance,run2,604
confidence-and-self-worth,run1,254
confidence-and-self-worth,run1,381
confidence-and-self-worth,run1,483
confidence-and-self-worth,run1,699
confidence-and-self-worth,run2,483
confidence-and-self-worth,run2,699
confidence-and-swagger,run1,115
confidence-and-swagger,run1,187
confidence-and-swagger,run1,396
confidence-and-swagger,run2,115
confidence-and-swagger,run2,187
confidence-and-swagger,run2,396
confidence-and-swagger,run2,804
confidence-and-untouchability,run2,45
confidence-in-appearance,run2,143
conflict-and-arguing,run2,445
conflict-and-arguments,run1,589
conflict-and-arguments,run2,589
conflict-and-fighting,run1,684
conflict-and-fighting,run2,684
conflicted-feelings,run1,351
confrontation-and-aggression,run1,480
confrontation-and-aggression,run1,831
confrontation-and-aggression,run2,480
confrontation-and-aggression,run2,831
confrontation-and-demand-for-truth,run1,86
confrontation-and-dismissiveness,run2,218
confrontation-and-dominance,run2,604
confrontation-with-ex,run2,468
confrontational-attitude,run2,815
confronting-challengers,run1,853
confronting-challengers,run2,853
confronting-deception,run1,876
confronting-deception,run2,876
confronting-opps,run1,842
confronting-opps,run2,842
confronting-the-past,run1,875
confronting-the-past,run2,875
confusion-and-questioning,run1,311
confusion-and-uncertainty,run1,163
confusion-and-uncertainty,run1,505
confusion-and-uncertainty,run2,163
connecting-with-suppliers,run1,91
connection-through-movement,run2,378
connection-to-nature,run1,710
consequences-and-risk,run2,211
consequences-of-love,run1,23
consequences-of-love,run2,23
conspicuous-spending,run1,276
conspicuous-spending,run2,276
constant-demand,run2,711
constant-demand-and-hustle,run1,711
constant-devotion,run1,704
constant-devotion,run2,704
constant-hustle,run1,57
constant-hustle,run2,57
consumerist-numbness,run1,166
contentment-and-happiness,run2,263
contentment-and-joy,run1,263
contentment-and-peace,run1,656
contentment-and-peace,run2,656
contentment-in-relationship,run2,549
contentment-in-the-moment,run2,437
contentment-in-togetherness,run1,437
contentment-over-material-wealth,run2,64
contentment-vs-insecurity,run1,724
contentment-vs-insecurity,run2,724
contentment-with-modest-lifestyle,run1,481
contentment-with-modest-lifestyle,run2,481
contentment-with-simplicity,run1,644
contentment-with-simplicity,run2,644
contentment-without-travel,run1,413
contradiction-in-human-nature,run2,267
contradictions-of-human-nature,run1,267
contradictory-expectations,run1,821
contradictory-expectations,run2,821
contradictory-nature,run1,296
contradictory-nature,run2,296
contrasting-personalities,run1,730
contrasting-personalities,run2,730
controlling-anger-and-hate,run1,310
controlling-men,run1,521
convenient-return,run2,490
coolness,run1,466
coolness,run2,466
coping-mechanisms,run1,575
coping-mechanisms,run2,575
coping-mechanisms,run2,666
coping-mechanisms,run2,731
coping-through-denial,run1,690
coping-through-friendship,run1,202
coping-through-substances,run1,731
coping-with-avoidance,run2,690
coping-with-loss,run1,666
coping-with-pain,run1,257
coping-with-pain,run1,518
coping-with-pain,run2,257
coping-with-pain,run2,518
coping-with-separation,run1,275
coping-with-separation,run2,275
corridos-tumbados-culture,run2,711
corridos-tumbados-identity,run1,711
corrupt-institutions,run1,434
corrupt-justice-system,run2,434
corrupt-power-structures,run1,166
corrupt-world,run2,331
cosmic-escapism,run1,458
cosmic-escapism,run2,458
cosmic-love,run1,803
cosmic-love,run2,803
counting-blessings,run1,266
country-authenticity,run1,185
country-dancing,run1,687
country-dancing,run2,687
country-lifestyle,run1,454
country-lifestyle,run1,603
country-lifestyle,run1,683
country-lifestyle,run2,333
country-lifestyle,run2,454
country-lifestyle,run2,603
country-lifestyle,run2,683
country-lifestyle,run2,716
country-music-culture,run1,687
country-music-culture,run2,687
country-music-devotion,run1,620
country-music-devotion,run2,620
country-music-identity,run1,607
country-music-nostalgia,run1,529
country-music-nostalgia,run2,529
country-music-nostalgia,run2,585
country-music-nostalgia,run2,706
country-music-self-awareness,run1,713
country-music-self-awareness,run2,713
country-music-tradition,run1,706
country-music-tribute,run1,627
country-music-tribute,run2,627
country-music-tropes,run1,800
country-music-tropes,run2,800
country-night-atmosphere,run1,873
country-outdoor-lifestyle,run2,712
country-road-freedom,run2,873
country-roots-and-pride,run1,520
country-roots-and-pride,run2,520
country-western-imagery,run1,278
country-western-imagery,run2,278
couple-confidence,run2,203
couple-pride,run1,203
covering-up-problems,run2,630
cowboy-lifestyle,run1,278
cowboy-lifestyle,run2,278
craving-and-addiction,run1,56
craving-and-addiction,run1,384
craving-and-obsession,run1,18
craving-comfort,run1,300
craving-new-experience,run1,740
creating-new-memories,run2,748
creative-aspiration,run1,5
creative-confidence,run1,474
creative-confidence,run2,474
creative-expression,run1,108
creative-inadequacy,run2,5
creative-inspiration,run1,253
creative-inspiration,run1,407
creative-inspiration,run1,653
creative-inspiration,run2,253
creative-inspiration,run2,381
creative-inspiration,run2,407
creative-obsession,run1,302
creative-obsession,run2,302
creative-struggle,run1,634
creative-struggle,run2,634
creative-synergy,run2,653
creativity-and-self-expression,run2,448
creativity-as-coping,run1,448
crew-affiliation,run1,500
crew-and-brotherhood,run2,229
crew-and-social-circle,run2,660
crew-loyalty,run1,319
crew-loyalty,run1,325
crew-loyalty,run1,801
crew-loyalty,run2,319
crew-loyalty,run2,391
crew-loyalty,run2,801
crew-solidarity,run2,211
crime-of-passion,run2,637
criminal-ambition,run2,113
criminal-hustle,run1,358
criminal-hustle,run1,535
criminal-lifestyle,run1,113
criminal-lifestyle,run2,304
criminal-past-and-present,run1,304
criminal-secrecy,run2,305
crisis-and-collapse,run1,52
crisis-and-collapse,run2,52
crisis-of-faith,run2,663
crisis-of-worthiness,run1,663
criticism-and-judgment,run1,821
criticism-and-judgment,run2,821
criticism-of-ex-partner,run2,717
criticism-of-partner,run1,28
criticizing-a-rival-lover,run2,35
critics-and-haters,run2,355
cross-state-rivalry,run1,693
cross-state-rivalry,run2,693
cry-for-help,run1,129
cry-for-help,run1,233
cry-for-help,run1,774
cry-for-help,run2,233
cry-for-help,run2,774
cultural-authenticity,run1,727
cultural-authenticity,run2,727
cultural-contrast,run1,597
cultural-contrast,run2,597
cultural-diversity,run1,48
cultural-diversity,run2,48
cultural-heritage-rejection,run2,718
cultural-identity,run1,174
cultural-identity,run1,340
cultural-identity,run2,174
cultural-identity,run2,187
cultural-identity,run2,340
cultural-pride-and-collaboration,run1,41
cupid-and-fate,run1,672
cupid-and-fate,run2,672
cutting-off-an-ex,run1,277
cutting-off-an-ex,run2,277
cutting-off-fake-people,run2,379
cutting-off-fake-people,run2,695
cutting-off-negativity,run1,133
cutting-off-negativity,run2,133
cutting-off-toxic-people,run1,695
cutting-someone-off,run1,741
cutting-someone-off,run2,741
cutting-ties,run1,574
cutting-ties,run2,574
cycle-of-breakups-and-makeups,run1,798
cycle-of-hurt,run1,459
cycle-of-hurt,run2,459
cycle-of-relapse,run2,688
cycle-of-repetition,run1,470
cycle-of-temptation,run2,470
cyclical-human-failure,run1,179
cyclical-human-failure,run2,179
cynicism-and-attitude,run2,281
cynicism-and-defiance,run1,281
daily-relationship-routine,run1,476
daily-relationship-routine,run2,476
daily-survival,run2,781
damaged-reputation,run1,212
damaged-reputation,run2,212
damnation-and-lost-soul,run1,98
damnation-and-lost-soul,run2,98
dance-and-movement,run1,145
dance-commands,run1,318
dance-floor-romance,run2,349
dance-instruction,run2,326
dance-instructions,run1,326
dance-moves,run1,88
dance-moves,run1,157
dance-moves,run1,396
dance-moves,run2,88
dance-moves,run2,157
dance-moves,run2,396
dancehall-celebration,run2,41
dancing,run1,11
dancing,run1,466
dancing,run2,11
dancing,run2,145
dancing,run2,203
dancing,run2,403
dancing,run2,466
dancing-and-body-movement,run1,272
dancing-and-body-movement,run1,335
dancing-and-body-movement,run2,272
dancing-and-body-movement,run2,335
dancing-and-celebration,run1,458
dancing-and-celebration,run1,552
dancing-and-celebration,run1,614
dancing-and-celebration,run1,746
dancing-and-celebration,run1,767
dancing-and-celebration,run2,458
dancing-and-celebration,run2,746
dancing-and-celebration,run2,767
dancing-and-flirtation,run1,101
dancing-and-flirtation,run2,101
dancing-and-movement,run1,378
dancing-and-music,run1,541
dancing-and-music,run1,621
dancing-and-music,run1,871
dancing-and-music,run2,541
dancing-and-music,run2,621
dancing-and-music,run2,871
dancing-and-nightlife,run1,182
dancing-and-nightlife,run1,308
dancing-and-nightlife,run1,401
dancing-and-nightlife,run1,403
dancing-and-nightlife,run1,655
dancing-and-nightlife,run2,182
dancing-and-nightlife,run2,308
dancing-and-nightlife,run2,401
dancing-and-nightlife,run2,552
dancing-and-nightlife,run2,655
dancing-and-partying,run1,327
dancing-and-partying,run1,584
dancing-and-partying,run1,668
dancing-and-partying,run1,862
dancing-and-partying,run2,327
dancing-and-partying,run2,584
dancing-and-partying,run2,668
dancing-and-partying,run2,862
dancing-and-performance,run2,818
dancing-and-physical-intimacy,run2,3
dancing-and-physical-movement,run1,766
dancing-and-physical-movement,run2,766
dancing-and-rhythm,run1,102
dancing-and-rhythm,run2,102
dancing-and-seduction,run1,134
dancing-and-seduction,run2,134
dancing-and-sensuality,run2,269
dancing-and-showing-off,run1,818
dancing-as-attraction,run2,378
dancing-as-coping,run1,61
dancing-as-defiance,run1,720
dancing-as-escape,run1,664
dancing-as-escape,run2,61
dancing-as-escape,run2,664
dancing-as-freedom,run1,369
dancing-as-joy-and-healing,run2,602
dancing-as-joy-and-liberation,run1,602
dancing-as-liberation,run2,720
dancing-as-release,run2,9
dancing-together,run1,203
dancing-together,run1,347
dancing-together,run2,347
danger-and-consequence,run1,538
danger-and-consequence,run2,538
danger-and-fear,run1,344
danger-and-fear,run2,344
danger-and-mortality,run1,407
danger-and-mortality,run2,407
dangerous-attraction,run1,36
dangerous-attraction,run1,296
dangerous-attraction,run1,647
dangerous-attraction,run2,36
dangerous-attraction,run2,79
dangerous-attraction,run2,296
dangerous-attraction,run2,647
dangerous-charm,run2,744
dangerous-company,run1,21
dangerous-desire,run2,77
dangerous-journey,run1,47
dangerous-journey,run2,47
dark-desire,run1,139
dark-desire,run2,139
dark-humor-and-resignation,run2,776
dark-obsession,run1,342
dark-romance,run1,844
dark-romance,run2,844
dark-supernatural-imagery,run1,722
dark-thoughts,run1,879
dark-thoughts-and-emotional-vulnerability,run2,879
darkness-and-moral-corruption,run1,688
darkness-and-moral-corruption,run2,688
darkness-and-nihilism,run1,789
darkness-and-nihilism,run2,789
darkness-and-struggle,run1,245
darkness-and-struggle,run2,245
darkness-to-light,run2,678
day-to-night-emotional-spiral,run2,300
deal-making,run2,393
dealing-with-haters,run1,264
dealing-with-haters,run1,353
dealing-with-haters,run2,109
dealing-with-haters,run2,264
death-and-burial,run2,710
death-and-burial-wishes,run1,710
death-and-dying,run1,339
death-and-dying,run2,339
death-and-sacrifice,run1,232
deception,run1,249
deception,run2,834
deception-and-betrayal,run1,869
deception-and-betrayal,run2,869
deception-and-dishonesty,run1,628
deception-and-dishonesty,run1,649
deception-and-dishonesty,run1,834
deception-and-dishonesty,run2,404
deception-and-dishonesty,run2,628
deception-and-dishonesty,run2,649
deception-and-distrust,run2,729
deception-and-false-image,run1,727
deception-and-false-image,run2,727
deception-and-false-narratives,run1,404
deception-and-lying,run1,86
deception-and-lying,run2,86
deception-and-manipulation,run1,505
deception-and-manipulation,run2,505
deception-in-love,run1,874
deception-in-love,run2,874
deceptive-partner,run1,201
deceptive-partner,run2,201
decision-and-crossroads,run2,642
decision-making-pressure,run2,153
decisive-moment,run1,349
decisiveness-demanded,run2,274
declarations-of-love,run1,249
dedication-through-song,run1,110
deep-connection,run1,596
deep-connection,run2,596
deep-curiosity-about-a-lover,run1,387
deep-curiosity-about-a-lover,run2,387
deep-emotional-connection,run1,768
deep-emotional-connection,run2,306
deep-emotional-connection,run2,768
deep-friendship,run1,514
deep-friendship,run2,514
deep-longing,run2,183
deep-love,run1,152
deep-love,run2,152
deep-mutual-connection,run2,285
deep-mutual-knowing,run1,285
deep-personal-significance,run1,734
deep-romantic-connection,run1,704
deep-romantic-connection,run2,704
deep-romantic-obsession,run1,569
deep-romantic-obsession,run2,569
defending-a-flawed-partner,run1,735
defending-a-flawed-partner,run2,735
defending-against-disrespect,run1,671
deferred-commitment,run1,783
deferred-commitment,run2,783
defiance,run1,661
defiance,run1,666
defiance,run1,841
defiance,run2,52
defiance,run2,666
defiance-against-conformity,run2,33
defiance-and-aggression,run1,718
defiance-and-confidence,run1,52
defiance-and-confidence,run1,576
defiance-and-confidence,run2,576
defiance-and-confrontation,run1,234
defiance-and-confrontation,run1,260
defiance-and-confrontation,run2,234
defiance-and-dismissal,run2,260
defiance-and-fearlessness,run2,68
defiance-and-fearlessness,run2,421
defiance-and-freedom,run1,807
defiance-and-independence,run1,278
defiance-and-independence,run1,523
defiance-and-independence,run2,278
defiance-and-independence,run2,523
defiance-and-joy,run2,807
defiance-and-nonconformity,run2,390
defiance-and-rebellion,run1,750
defiance-and-rebellion,run2,231
defiance-and-rebellion,run2,750
defiance-and-rejection,run1,390
defiance-and-resilience,run1,68
defiance-and-self-assertion,run1,810
defiance-and-stubbornness,run1,776
defiance-and-stubbornness,run2,776
defiance-of-authority,run1,692
defiance-of-critics,run1,736
defiance-of-critics,run2,736
defiance-of-doubters,run1,478
defiance-of-enemies,run2,547
defiance-of-innocence,run2,281
defiance-of-objectification,run2,720
defiance-of-outside-opinion,run1,846
defiance-of-social-norms,run2,30
defiance-toward-ex,run1,857
defiant-attitude,run2,841
defiant-love,run1,635
deflection-and-denial,run1,725
deflection-and-denial,run2,725
defying-limits,run1,33
defying-others-opinions,run1,617
defying-others-opinions,run2,617
defying-outside-judgment,run1,56
dehumanization,run1,237
dehumanization,run2,237
deja-vu-and-repetition,run1,633
deja-vu-and-repetition,run2,633
demand-for-accountability,run1,176
demand-for-clarity,run1,188
demand-for-clarity,run2,188
demand-for-love-and-trust,run2,176
demand-for-truth,run1,249
demand-for-truth,run2,249
demanding-authentic-love,run1,815
demanding-authentic-love,run2,815
demanding-financial-standards,run1,338
demanding-financial-standards,run2,338
demanding-honesty,run2,288
demanding-respect,run1,238
demanding-space,run2,340
denial,run1,136
denial,run2,136
denial-and-avoidance,run1,702
denial-and-avoidance,run2,180
denial-and-avoidance,run2,702
denial-and-deception,run1,648
denial-and-delusion,run1,708
denial-and-delusion,run2,690
denial-and-delusion,run2,708
denial-and-dishonesty,run2,648
denial-and-gaslighting,run1,491
denial-and-healing,run1,490
denial-and-pretense,run1,477
denial-and-pretense,run1,834
denial-and-pretense,run2,593
denial-and-pretense,run2,834
denial-and-rationalization,run1,637
denial-and-reassurance,run1,72
denial-and-reassurance,run2,72
denial-and-reluctance-to-let-go,run2,324
denial-and-self-awareness,run2,116
denial-and-self-deception,run1,275
denial-and-self-deception,run1,337
denial-and-self-deception,run2,294
denial-and-self-deception,run2,337
denial-and-sobriety,run1,294
denial-of-emotional-attachment,run2,249
denial-of-ending,run1,635
denial-of-ending,run2,635
denial-of-feelings,run1,737
denial-of-feelings,run1,763
denial-of-feelings,run2,737
denial-of-feelings,run2,763
denial-of-pain,run1,833
denial-of-reality,run1,322
denial-of-reality,run2,322
denial-vs-acceptance,run2,349
departure-and-abandonment,run1,878
departure-and-abandonment,run2,878
departure-and-absence,run1,3
dependence-on-a-partner,run2,328
dependency-and-addiction,run2,589
dependency-and-attachment,run2,832
dependency-and-devotion,run1,594
dependency-and-emptiness,run1,643
dependency-on-a-loved-one,run1,859
dependency-on-a-loved-one,run2,859
dependency-on-a-lover,run2,204
dependency-on-a-partner,run1,300
dependency-on-a-person,run2,384
dependency-on-lover,run2,594
dependency-paradox,run1,449
dependency-paradox,run2,449
depression-and-isolation,run1,129
depression-and-mental-anguish,run2,129
depression-and-mental-health,run1,638
depression-and-mental-health,run2,638
desconfiança-e-rivalidade,run1,106
deserving-better,run1,28
deserving-better,run2,28
designer-fashion,run1,54
designer-fashion,run1,144
designer-fashion,run1,155
designer-fashion,run1,190
designer-fashion,run1,196
designer-fashion,run1,221
designer-fashion,run1,225
designer-fashion,run1,246
designer-fashion,run1,416
designer-fashion,run1,440
designer-fashion,run2,54
designer-fashion,run2,155
designer-fashion,run2,172
designer-fashion,run2,195
designer-fashion,run2,196
designer-fashion,run2,221
designer-fashion,run2,225
designer-fashion,run2,389
designer-fashion,run2,480
designer-fashion-and-drip,run1,304
designer-fashion-and-drip,run1,389
designer-fashion-and-drip,run1,604
designer-fashion-and-jewelry,run1,498
designer-fashion-and-jewelry,run2,498
designer-fashion-and-style,run1,216
designer-fashion-and-style,run2,216
designer-fashion-flex,run2,416
designer-fashion-flexing,run2,144
designer-fashion-status,run1,480
designer-flexing,run1,430
designer-flexing,run2,430
designer-lifestyle,run1,6
designer-lifestyle,run2,6
desire,run1,820
desire-and-attraction,run1,383
desire-and-attraction,run1,697
desire-and-attraction,run1,766
desire-and-attraction,run2,18
desire-and-attraction,run2,272
desire-and-attraction,run2,347
desire-and-attraction,run2,383
desire-and-attraction,run2,697
desire-and-availability,run1,522
desire-and-craving,run1,848
desire-and-craving,run2,848
desire-and-fantasy,run2,499
desire-and-indulgence,run2,283
desire-and-intimacy,run2,29
desire-and-intoxication,run1,160
desire-and-intoxication,run2,160
desire-and-longing,run1,70
desire-and-longing,run1,94
desire-and-longing,run1,123
desire-and-longing,run1,173
desire-and-longing,run1,378
desire-and-longing,run1,462
desire-and-longing,run1,549
desire-and-longing,run1,679
desire-and-longing,run1,826
desire-and-longing,run2,94
desire-and-longing,run2,173
desire-and-longing,run2,378
desire-and-longing,run2,679
desire-and-longing,run2,773
desire-and-longing,run2,818
desire-and-lust,run2,327
desire-and-offering,run2,123
desire-and-passion,run1,572
desire-and-passion,run1,578
desire-and-passion,run2,578
desire-and-pleasure,run1,247
desire-and-pleasure,run1,600
desire-and-pleasure,run2,247
desire-and-pursuit,run1,187
desire-and-temptation,run1,538
desire-and-temptation,run1,818
desire-and-temptation,run2,538
desire-and-want,run2,820
desire-and-wanting,run2,444
desire-for-accountability,run1,351
desire-for-affection,run2,672
desire-for-attention-and-validation,run1,128
desire-for-attention-and-validation,run2,128
desire-for-authentic-affection,run1,881
desire-for-authenticity,run1,808
desire-for-authenticity,run2,808
desire-for-change,run1,684
desire-for-change,run1,738
desire-for-change,run2,738
desire-for-clarity,run1,31
desire-for-clarity,run2,31
desire-for-clarity,run2,311
desire-for-closeness,run1,4
desire-for-closeness,run1,66
desire-for-closeness,run1,197
desire-for-closeness,run1,517
desire-for-closeness,run2,4
desire-for-closeness,run2,66
desire-for-closeness,run2,222
desire-for-closeness,run2,689
desire-for-commitment,run1,302
desire-for-commitment,run1,673
desire-for-commitment,run1,762
desire-for-commitment,run1,861
desire-for-commitment,run2,302
desire-for-commitment,run2,736
desire-for-commitment,run2,861
desire-for-committed-love,run1,244
desire-for-committed-love,run2,244
desire-for-companionship,run1,236
desire-for-companionship,run1,408
desire-for-companionship,run2,236
desire-for-connection,run1,119
desire-for-connection,run2,119
desire-for-deeper-connection,run2,761
desire-for-emotional-security,run1,650
desire-for-emotional-security,run2,650
desire-for-energetic-music,run1,393
desire-for-energetic-music,run2,393
desire-for-escape,run1,303
desire-for-escape,run2,661
desire-for-exclusivity,run1,594
desire-for-exclusivity,run2,594
desire-for-forgiveness,run2,670
desire-for-freedom,run1,149
desire-for-freedom,run1,543
desire-for-freedom,run2,398
desire-for-freedom,run2,543
desire-for-genuine-connection,run1,570
desire-for-genuine-connection,run2,570
desire-for-genuine-connection,run2,868
desire-for-intimacy,run1,29
desire-for-intimacy,run1,114
desire-for-intimacy,run1,289
desire-for-intimacy,run2,289
desire-for-intimacy,run2,549
desire-for-loyalty,run2,153
desire-for-peace,run1,142
desire-for-peace,run2,142
desire-for-peace,run2,192
desire-for-physical-intimacy,run1,461
desire-for-physical-intimacy,run2,461
desire-for-reciprocal-love,run1,672
desire-for-reciprocity,run1,837
desire-for-relief,run2,676
desire-for-romantic-love,run1,560
desire-for-romantic-love,run2,560
desire-for-second-chance,run1,53
desire-for-second-chance,run2,53
desire-for-self-love,run1,536
desire-for-simple-love,run1,105
desire-for-simple-love,run2,105
desire-for-someone-taken,run1,307
desire-for-someone-taken,run2,307
desire-for-success,run1,286
desire-for-success,run2,286
desire-for-support,run1,311
desire-for-togetherness,run2,413
desire-for-understanding,run1,567
desire-for-understanding,run2,567
desire-for-validation,run2,628
desire-to-be-pursued,run1,757
desire-to-be-pursued,run2,757
desire-to-escape,run1,39
desire-to-escape,run1,531
desire-to-escape,run2,39
desire-to-escape,run2,146
desire-to-escape,run2,531
desire-to-freeze-time,run1,250
desire-to-freeze-time,run2,250
desire-to-know-everything,run2,387
desire-to-leave-the-single-life,run2,673
desire-to-make-partner-happy,run1,569
desire-to-make-partner-happy,run2,569
desire-to-slow-down-vs-urgency,run1,748
desire-to-stay,run1,222
desire-to-stay-together,run1,239
desire-to-stay-together,run1,871
desire-to-stay-together,run2,239
desire-to-stop-loving,run1,790
desire-to-stop-loving,run2,790
desires-and-ambitions,run1,425
desolation,run1,795
despair-and-hopelessness,run1,233
despair-and-hopelessness,run1,701
despair-and-hopelessness,run2,233
desperate-clinging,run1,86
desperate-devotion,run1,149
desperate-devotion,run2,149
desperate-longing,run1,131
desperate-longing,run1,399
desperate-longing,run2,131
desperate-longing,run2,399
desperate-longing-for-attention,run1,747
desperate-longing-for-connection,run2,702
desperate-plea-for-comfort,run2,859
desperate-plea-for-relief,run1,859
desperate-pleading,run1,243
desperate-pleading,run2,243
desperate-prayer,run1,663
desperate-prayer,run2,663
desperate-pursuit,run1,532
desperate-pursuit-of-love,run1,245
desperate-pursuit-of-love,run2,245
desperate-reconciliation,run1,630
desperate-reconciliation,run2,630
desperation,run1,8
desperation,run1,571
desperation,run2,8
desperation,run2,571
desperation-and-drowning,run2,300
desperation-and-helplessness,run1,23
desperation-and-helplessness,run1,581
desperation-and-helplessness,run2,23
desperation-and-helplessness,run2,581
desperation-and-hopelessness,run2,575
desperation-and-longing,run1,702
desperation-and-longing,run2,223
desperation-and-longing,run2,689
desperation-and-obsession,run1,562
desperation-and-obsession,run2,562
desperation-and-pleading,run1,516
desperation-and-pleading,run2,516
desperation-for-relief,run1,676
desperation-to-reconcile,run2,60
destined-love,run1,458
destined-love,run2,458
destined-love,run2,768
destiny-and-fate,run1,780
destiny-and-fate,run2,780
destiny-and-purpose,run1,819
destruction-and-fire,run1,843
destruction-and-fire,run2,843
destruction-as-emotional-release,run1,790
destruction-as-emotional-release,run2,790
destruction-of-the-enemy,run2,876
destructive-behavior,run2,127
destructive-breakup,run1,795
destructive-breakup,run2,795
detachment-from-women,run2,484
detachment-in-romance,run1,447
detachment-in-romance,run2,447
devoted-partnership,run1,185
devoted-partnership,run2,185
devoted-partnership,run2,578
devoted-waiting,run2,558
devotion,run1,46
devotion,run1,64
devotion,run1,452
devotion,run1,780
devotion,run2,46
devotion,run2,191
devotion,run2,259
devotion,run2,452
devotion,run2,780
devotion-and-admiration,run2,279
devotion-and-adoration,run1,462
devotion-and-adoration,run2,462
devotion-and-adoration,run2,622
devotion-and-attention,run1,381
devotion-and-attention,run2,381
devotion-and-availability,run1,482
devotion-and-availability,run2,417
devotion-and-belief,run2,670
devotion-and-caregiving,run2,354
devotion-and-commitment,run1,191
devotion-and-commitment,run1,253
devotion-and-commitment,run1,469
devotion-and-commitment,run1,473
devotion-and-commitment,run1,537
devotion-and-commitment,run1,678
devotion-and-commitment,run1,712
devotion-and-commitment,run1,734
devotion-and-commitment,run2,204
devotion-and-commitment,run2,253
devotion-and-commitment,run2,469
devotion-and-commitment,run2,537
devotion-and-commitment,run2,641
devotion-and-commitment,run2,734
devotion-and-destiny,run1,665
devotion-and-destiny,run2,665
devotion-and-generosity,run1,845
devotion-and-generosity,run2,845
devotion-and-generosity,run2,874
devotion-and-gratitude,run1,110
devotion-and-honor,run1,488
devotion-and-honor,run2,488
devotion-and-loyalty,run1,204
devotion-and-loyalty,run1,279
devotion-and-loyalty,run1,361
devotion-and-loyalty,run1,546
devotion-and-loyalty,run1,643
devotion-and-loyalty,run1,772
devotion-and-loyalty,run2,55
devotion-and-loyalty,run2,361
devotion-and-loyalty,run2,643
devotion-and-loyalty,run2,772
devotion-and-protection,run2,546
devotion-and-reassurance,run1,55
devotion-and-sacrifice,run2,445
devotion-and-support,run1,259
devotion-and-surrender,run1,505
devotion-and-surrender,run1,622
devotion-and-surrender,run2,505
devotion-and-surrender,run2,617
devotion-and-togetherness,run2,596
devotion-and-trust,run1,258
devotion-and-trust,run2,258
devotion-and-waiting,run1,697
devotion-and-worship,run1,826
devotion-and-worship,run2,720
devotion-and-worship,run2,826
devotion-beyond-death,run2,110
diamond-jewelry,run2,246
diamonds-and-jewelry,run1,164
diamonds-and-jewelry,run2,164
difficult-upbringing,run1,412
difficulty-expressing-feelings,run1,641
difficulty-expressing-feelings,run2,641
difficulty-expressing-love,run2,673
difficulty-letting-go,run1,116
difficulty-letting-go,run1,290
difficulty-letting-go,run1,303
difficulty-letting-go,run2,303
digital-communication-anxiety,run1,696
digital-connection,run1,823
digital-connection,run2,823
digital-flirtation,run1,806
digital-to-real-connection,run2,806
dinheiro-e-acumulação-de-riqueza,run1,106
disappointment-and-betrayal,run1,409
disappointment-and-betrayal,run2,409
disappointment-and-failure,run1,217
disappointment-and-failure,run2,217
disavowal-of-responsibility,run2,125
disbelief-and-shock,run2,40
disbelief-and-surprise,run1,852
disbelief-and-surprise,run2,852
disbelief-from-others,run1,803
disconnecting-from-the-world,run1,765
disconnecting-from-the-world,run2,765
discretion-and-secrecy,run1,438
discretion-and-secrecy,run2,438
discretion-in-relationships,run2,359
dishonesty-and-betrayal,run1,35
dishonesty-and-neglect,run2,828
dishonesty-in-relationships,run2,490
disillusionment,run1,47
disillusionment,run1,142
disillusionment,run2,47
disillusionment,run2,142
disillusionment,run2,701
disillusionment-and-resignation,run1,642
disillusionment-with-existence,run2,738
disillusionment-with-leadership,run1,176
disillusionment-with-leadership,run2,176
disillusionment-with-life,run1,738
disillusionment-with-love,run2,824
disillusionment-with-success,run1,634
disillusionment-with-success,run2,15
disillusionment-with-success,run2,634
dismissal-of-ex,run2,71
dismissal-of-haters,run2,804
dismissal-of-women,run1,219
dismissal-of-women,run2,645
dismissing-conversation,run2,154
dismissing-critics,run2,771
dismissing-critics-and-haters,run1,788
dismissing-critics-and-haters,run2,788
dismissing-fake-competition,run1,719
dismissing-fake-competition,run2,719
dismissing-fake-people,run1,804
dismissing-fake-people,run2,815
dismissing-haters,run1,497
dismissing-haters,run2,345
dismissing-haters,run2,497
dismissing-jealousy,run1,359
dismissing-manipulation,run2,277
dismissing-men,run2,379
dismissing-other-women,run1,345
dismissing-rivals,run1,379
dismissing-rivals,run1,842
dismissing-rivals,run2,842
dismissing-women,run1,645
dismissing-women,run1,764
dismissing-women,run2,764
dismissing-women,run2,793
dismissiveness-toward-lesser-peers,run2,248
dismissiveness-toward-men,run1,357
dismissiveness-toward-others,run1,248
dismissiveness-toward-others,run1,479
dismissiveness-toward-others,run2,479
dismissiveness-toward-partner,run1,13
dismissiveness-toward-partner,run2,13
dismissiveness-toward-rivals,run2,122
disorientation,run2,367
disorientation-and-vulnerability,run1,367
disrespect-and-offense,run1,266
disrespect-and-offense,run2,266
dissatisfaction-in-relationship,run1,35
distance-and-absence,run1,346
distance-and-longing,run1,822
distance-and-separation,run1,24
distance-and-separation,run2,24
distance-in-relationship,run1,569
distance-in-relationship,run2,569
distancing-from-someone,run1,479
distraction-and-entertainment,run1,237
distraction-and-entertainment,run2,237
distraction-and-escapism,run1,166
distraction-and-reflection,run1,415
distraction-from-ex,run2,289
distrust,run1,135
distrust,run1,137
distrust,run2,135
distrust-and-dishonesty,run1,877
distrust-and-dishonesty,run2,877
distrust-and-entitlement,run2,234
distrust-and-fake-friends,run2,195
distrust-and-isolation,run1,526
distrust-and-isolation,run1,676
distrust-and-isolation,run2,137
distrust-and-isolation,run2,526
distrust-and-isolation,run2,676
distrust-and-manipulation,run1,408
distrust-and-paranoia,run1,195
distrust-and-paranoia,run2,106
distrust-and-paranoia,run2,325
distrust-and-secrecy,run1,32
distrust-and-secrecy,run2,32
distrust-and-self-protection,run2,861
distrust-and-suspicion,run1,21
distrust-and-suspicious-behavior,run2,244
distrust-from-past-experience,run1,170
distrust-in-relationships,run1,474
distrust-in-relationships,run2,170
distrust-in-relationships,run2,566
distrust-of-entitlement,run1,234
distrust-of-fake-love,run1,194
distrust-of-fake-love,run2,194
distrust-of-lies,run1,861
distrust-of-others,run1,528
distrust-of-others,run2,528
distrust-of-partner,run1,735
distrust-of-women,run1,336
distrust-of-women,run1,455
distrust-of-women,run2,336
distrust-of-women,run2,435
distrust-of-women,run2,455
divine-affirmation,run1,330
divine-affirmation,run2,330
divine-beauty,run1,353
divine-beauty,run1,594
divine-beauty,run2,353
divine-beauty,run2,594
divine-blessing-of-relationship,run1,488
divine-blessing-of-relationship,run2,488
divine-creation,run1,537
divine-creation,run2,537
divine-creation,run2,603
divine-destiny,run1,192
divine-destiny,run1,253
divine-destiny,run2,192
divine-destiny,run2,253
divine-faithfulness,run1,867
divine-faithfulness,run2,867
divine-favor-and-downfall,run2,464
divine-feminine,run1,247
divine-feminine,run2,247
divine-gratitude,run1,652
divine-gratitude,run2,652
divine-or-fated-love,run1,469
divine-or-fated-love,run2,469
divine-purpose-and-destiny,run1,156
domestic-abuse,run1,682
domestic-abuse,run2,682
domestic-comfort,run2,253
domestic-disarray,run1,197
domestic-disarray,run2,197
domestic-intimacy,run1,446
domestic-intimacy,run1,469
domestic-intimacy,run2,354
domestic-intimacy,run2,446
domestic-intimacy,run2,469
domestic-life,run2,110
domestic-life-and-family,run1,110
dominance-and-clout,run2,430
dominance-and-confidence,run1,260
dominance-and-control,run1,335
dominance-and-control,run1,388
dominance-and-control,run1,583
dominance-and-control,run1,646
dominance-and-control,run1,773
dominance-and-control,run2,335
dominance-and-control,run2,522
dominance-and-control,run2,583
dominance-and-control,run2,646
dominance-and-control,run2,759
dominance-and-intimidation,run1,756
dominance-and-intimidation,run2,756
dominance-and-power,run1,443
dominance-and-power,run2,87
dominance-and-power,run2,443
dominance-and-rivalry,run1,216
dominance-and-rivalry,run1,815
dominance-and-status,run2,260
dominance-and-superiority,run1,297
dominance-and-superiority,run1,793
dominance-and-superiority,run2,104
dominance-and-superiority,run2,216
dominance-and-toughness,run2,281
dominance-and-victory,run1,404
dominance-and-victory,run2,404
dominance-over-men,run1,600
dominance-over-men,run2,388
dominance-over-men,run2,600
dominance-over-others,run1,65
dominance-over-rivals,run1,430
dominance-over-rivals,run1,455
dominance-over-rivals,run1,504
dominance-over-rivals,run1,758
dominance-over-rivals,run2,297
dominance-over-rivals,run2,455
dominance-over-rivals,run2,504
dominance-over-rivals,run2,660
dominance-over-rivals,run2,758
done-being-humble,run2,796
doom-and-foreboding,run1,751
doom-and-foreboding,run2,751
doomed-relationship,run1,531
doomed-relationship,run2,72
doomed-relationship,run2,531
door-left-open,run1,881
door-still-open,run2,881
double-standards,run1,821
double-standards,run2,821
doubt-and-suspicion,run2,74
dramatic-breakup,run2,635
dream-and-awakening,run1,772
dream-imagery,run1,339
dream-imagery,run2,339
dream-vs-reality,run1,331
dream-vs-reality,run2,331
dreaming,run1,42
dreaming-and-awakening,run2,42
dreaming-of-a-lover,run2,826
dreaming-of-romance,run2,672
dreams-and-aspiration,run1,234
dreams-and-aspiration,run2,95
dreams-and-aspiration,run2,234
dreams-and-inner-struggle,run1,443
dreams-and-premonition,run2,772
dreams-versus-reality,run2,382
dreams-vs-reality,run1,382
drinking,run2,14
drinking-and-bar-culture,run2,746
drinking-and-celebration,run1,840
drinking-and-dive-bars,run1,746
drinking-and-escapism,run1,782
drinking-and-escapism,run1,857
drinking-and-escapism,run2,782
drinking-and-escapism,run2,840
drinking-and-escapism,run2,857
drinking-and-good-times,run2,529
drinking-and-intoxication,run1,601
drinking-and-leisure,run1,454
drinking-and-leisure,run1,713
drinking-and-leisure,run2,454
drinking-and-letting-go,run1,854
drinking-and-letting-go,run2,854
drinking-and-moonshine,run1,533
drinking-and-moonshine,run2,533
drinking-and-partying,run1,429
drinking-and-partying,run2,429
drinking-as-coping,run1,373
drinking-as-coping,run2,373
drinking-as-emotional-coping,run1,271
drinking-to-cope,run1,136
drinking-to-cope,run1,563
drinking-to-cope,run1,706
drinking-to-cope,run2,136
drinking-to-cope,run2,428
drinking-to-cope,run2,706
drinking-to-forget,run1,800
drinking-to-forget,run2,571
drinking-to-forget,run2,800
drip-and-jewelry,run1,242
drip-and-style,run1,299
drip-and-style,run1,379
drip-and-style,run2,299
drip-and-style,run2,379
driven-by-passion,run2,685
driving-as-emotional-metaphor,run1,463
driving-to-a-lover,run1,348
driving-to-a-lover,run2,348
dropping-out-and-anti-establishment,run2,390
drowning-sorrows,run1,817
drowning-sorrows,run2,817
drug-addiction,run1,449
drug-addiction,run1,753
drug-addiction,run2,449
drug-addiction,run2,753
drug-and-alcohol-use,run1,54
drug-and-alcohol-use,run1,256
drug-and-alcohol-use,run1,270
drug-and-alcohol-use,run2,54
drug-and-alcohol-use,run2,270
drug-and-alcohol-use,run2,733
drug-and-party-lifestyle,run2,464
drug-and-substance-use,run1,733
drug-cooking,run1,235
drug-cooking,run2,235
drug-culture,run1,6
drug-culture,run2,106
drug-culture,run2,230
drug-culture-and-poverty,run1,255
drug-culture-and-poverty,run2,255
drug-dealing,run1,57
drug-dealing,run1,91
drug-dealing,run1,147
drug-dealing,run1,172
drug-dealing,run1,178
drug-dealing,run1,184
drug-dealing,run1,231
drug-dealing,run1,242
drug-dealing,run1,319
drug-dealing,run1,352
drug-dealing,run1,416
drug-dealing,run1,457
drug-dealing,run1,495
drug-dealing,run1,667
drug-dealing,run2,57
drug-dealing,run2,91
drug-dealing,run2,147
drug-dealing,run2,178
drug-dealing,run2,184
drug-dealing,run2,231
drug-dealing,run2,242
drug-dealing,run2,319
drug-dealing,run2,352
drug-dealing,run2,416
drug-dealing,run2,457
drug-dealing,run2,495
drug-dealing,run2,667
drug-dealing-and-hustle,run1,230
drug-dependence,run1,112
drug-induced-euphoria,run1,407
drug-intoxication,run2,407
drug-preparation,run2,91
drug-preparation,run2,711
drug-preparation-and-packaging,run1,711
drug-references,run1,605
drug-references,run2,605
drug-trade,run1,334
drug-trade,run2,305
drug-trade-and-hustle,run1,305
drug-trade-and-hustle,run2,334
drug-trafficking,run1,368
drug-trafficking,run1,711
drug-trafficking,run2,368
drug-trafficking,run2,711
drug-use,run1,30
drug-use,run1,37
drug-use,run1,58
drug-use,run1,75
drug-use,run1,97
drug-use,run1,113
drug-use,run1,118
drug-use,run1,178
drug-use,run1,184
drug-use,run1,190
drug-use,run1,221
drug-use,run1,229
drug-use,run1,231
drug-use,run1,276
drug-use,run1,299
drug-use,run1,304
drug-use,run1,318
drug-use,run1,329
drug-use,run1,358
drug-use,run1,372
drug-use,run1,391
drug-use,run1,392
drug-use,run1,393
drug-use,run1,422
drug-use,run1,430
drug-use,run1,500
drug-use,run1,501
drug-use,run1,535
drug-use,run1,618
drug-use,run1,619
drug-use,run1,660
drug-use,run1,667
drug-use,run1,715
drug-use,run1,764
drug-use,run1,789
drug-use,run1,801
drug-use,run1,812
drug-use,run1,880
drug-use,run1,883
drug-use,run2,30
drug-use,run2,37
drug-use,run2,58
drug-use,run2,75
drug-use,run2,97
drug-use,run2,113
drug-use,run2,118
drug-use,run2,172
drug-use,run2,178
drug-use,run2,184
drug-use,run2,190
drug-use,run2,221
drug-use,run2,229
drug-use,run2,231
drug-use,run2,246
drug-use,run2,276
drug-use,run2,299
drug-use,run2,304
drug-use,run2,318
drug-use,run2,329
drug-use,run2,358
drug-use,run2,372
drug-use,run2,391
drug-use,run2,392
drug-use,run2,422
drug-use,run2,430
drug-use,run2,500
drug-use,run2,501
drug-use,run2,535
drug-use,run2,587
drug-use,run2,618
drug-use,run2,619
drug-use,run2,660
drug-use,run2,667
drug-use,run2,715
drug-use,run2,764
drug-use,run2,789
drug-use,run2,801
drug-use,run2,812
drug-use,run2,880
drug-use,run2,883
drug-use-and-coping,run1,405
drug-use-and-coping,run2,405
drug-use-and-dealing,run2,6
drug-use-and-intoxication,run1,92
drug-use-and-partying,run1,246
drug-use-as-escape,run1,336
drug-use-as-escape,run2,112
drug-use-as-escape,run2,336
drunken-reckless-behavior,run2,616
drunken-recklessness,run1,616
drunkenness,run1,614
drunkenness,run2,614
duality-of-ambition,run1,359
duality-of-good-and-evil,run1,156
dysfunctional-family,run1,642
dysfunctional-family,run2,642
earthly-paradise,run1,239
earthly-paradise,run2,239
eating-disorder,run1,128
eating-disorders,run2,128
economic-inequality,run1,701
economic-inequality,run2,701
edgy-subculture-references,run1,190
edgy-subculture-references,run2,190
effort-and-exhaustion,run1,539
effort-and-self-presentation,run2,84
effortless-relationship,run1,253
effortless-relationship,run2,253
effortless-relationship,run2,263
ego-and-arrogance,run1,479
ego-and-pride,run1,735
ego-and-pride,run2,735
ego-and-pride-conflict,run2,877
ego-and-self-confidence,run1,372
ego-and-self-confidence,run2,372
ego-and-swagger,run1,112
electric-chemistry,run2,17
elopement-fantasy,run1,258
elopement-fantasy,run2,258
elusiveness,run1,757
elusiveness,run2,757
embracing-being-an-outsider,run1,286
embracing-being-different,run2,286
embracing-darkness,run1,679
embracing-darkness,run2,679
embracing-hardship,run1,409
embracing-hardship,run2,409
embracing-imperfection,run1,154
embracing-imperfection,run1,622
embracing-imperfection,run2,154
embracing-true-identity,run2,819
embracing-true-self,run1,819
embracing-vulnerability,run1,469
embracing-wholeness-of-a-person,run1,387
emotional-abuse-and-suffering,run2,161
emotional-ambivalence,run1,10
emotional-ambivalence-in-love,run2,759
emotional-and-physical-dominance,run1,451
emotional-and-physical-power-over-partner,run2,451
emotional-attunement,run2,625
emotional-authenticity,run1,867
emotional-avoidance,run1,459
emotional-avoidance,run1,627
emotional-avoidance,run1,783
emotional-avoidance,run2,459
emotional-avoidance,run2,513
emotional-avoidance,run2,627
emotional-avoidance,run2,783
emotional-awakening,run1,42
emotional-awakening,run1,768
emotional-betrayal,run1,490
emotional-breakdown,run1,441
emotional-breakdown,run1,749
emotional-breakdown,run2,749
emotional-breakthrough,run2,152
emotional-brokenness,run1,390
emotional-brokenness,run1,774
emotional-brokenness,run2,774
emotional-burden,run1,44
emotional-caution,run1,119
emotional-caution,run2,119
emotional-change,run1,486
emotional-closure,run1,439
emotional-coldness,run1,557
emotional-coldness,run2,557
emotional-coldness-of-the-other,run1,705
emotional-coldness-of-the-other,run2,705
emotional-collapse,run1,226
emotional-collapse,run2,226
emotional-comfort,run1,141
emotional-complexity,run1,364
emotional-complexity,run1,586
emotional-complexity,run2,364
emotional-complexity,run2,586
emotional-concealment,run1,664
emotional-concealment,run2,664
emotional-conflict,run1,641
emotional-conflict,run1,827
emotional-conflict,run2,38
emotional-conflict,run2,641
emotional-conflict,run2,841
emotional-conflict-and-guilt,run2,827
emotional-confusion,run1,81
emotional-confusion,run2,81
emotional-confusion,run2,120
emotional-confusion,run2,505
emotional-connection,run1,105
emotional-connection,run1,625
emotional-connection,run2,105
emotional-connection,run2,517
emotional-connection-through-sex,run2,451
emotional-consequences-for-others,run1,648
emotional-contradiction,run1,31
emotional-contradiction,run1,38
emotional-contradiction,run1,744
emotional-contradiction,run1,865
emotional-contradiction,run2,31
emotional-damage,run1,268
emotional-damage,run1,280
emotional-damage,run1,477
emotional-damage,run1,525
emotional-damage,run2,268
emotional-damage,run2,477
emotional-danger,run1,783
emotional-danger,run2,783
emotional-darkness,run1,839
emotional-darkness,run2,839
emotional-darkness-and-despair,run1,49
emotional-deception,run1,491
emotional-deception,run2,491
emotional-dependence,run1,8
emotional-dependence,run2,8
emotional-dependency,run1,13
emotional-dependency,run1,116
emotional-dependency,run1,127
emotional-dependency,run1,131
emotional-dependency,run1,205
emotional-dependency,run1,206
emotional-dependency,run1,279
emotional-dependency,run1,367
emotional-dependency,run1,445
emotional-dependency,run1,493
emotional-dependency,run1,510
emotional-dependency,run1,649
emotional-dependency,run1,700
emotional-dependency,run1,722
emotional-dependency,run1,770
emotional-dependency,run1,822
emotional-dependency,run1,832
emotional-dependency,run1,843
emotional-dependency,run2,13
emotional-dependency,run2,116
emotional-dependency,run2,127
emotional-dependency,run2,131
emotional-dependency,run2,205
emotional-dependency,run2,279
emotional-dependency,run2,290
emotional-dependency,run2,300
emotional-dependency,run2,367
emotional-dependency,run2,445
emotional-dependency,run2,493
emotional-dependency,run2,510
emotional-dependency,run2,643
emotional-dependency,run2,649
emotional-dependency,run2,700
emotional-dependency,run2,722
emotional-dependency,run2,822
emotional-dependency,run2,824
emotional-desperation,run1,124
emotional-desperation,run1,197
emotional-desperation,run1,823
emotional-desperation,run2,124
emotional-desperation,run2,197
emotional-destruction,run1,433
emotional-destruction,run2,433
emotional-detachment,run1,89
emotional-detachment,run1,125
emotional-detachment,run1,170
emotional-detachment,run1,173
emotional-detachment,run1,332
emotional-detachment,run1,405
emotional-detachment,run1,408
emotional-detachment,run1,432
emotional-detachment,run1,527
emotional-detachment,run1,574
emotional-detachment,run1,728
emotional-detachment,run1,791
emotional-detachment,run2,125
emotional-detachment,run2,173
emotional-detachment,run2,332
emotional-detachment,run2,340
emotional-detachment,run2,408
emotional-detachment,run2,574
emotional-detachment,run2,611
emotional-detachment,run2,791
emotional-detachment-attempt,run1,487
emotional-deterioration,run1,702
emotional-deterioration,run2,702
emotional-devastation,run1,424
emotional-devastation,run1,431
emotional-devastation,run2,424
emotional-devastation,run2,431
emotional-dishonesty,run1,591
emotional-distance,run1,7
emotional-distance,run1,29
emotional-distance,run1,80
emotional-distance,run1,159
emotional-distance,run1,163
emotional-distance,run1,539
emotional-distance,run1,851
emotional-distance,run2,7
emotional-distance,run2,29
emotional-distance,run2,80
emotional-distance,run2,153
emotional-distance,run2,159
emotional-distance,run2,163
emotional-distance,run2,324
emotional-distance,run2,539
emotional-distance,run2,851
emotional-distraction,run1,302
emotional-distraction,run2,302
emotional-distress,run1,582
emotional-distress,run2,582
emotional-drowning,run1,551
emotional-drowning,run2,551
emotional-duality,run1,22
emotional-emptiness,run1,392
emotional-emptiness,run1,555
emotional-emptiness,run2,392
emotional-emptiness,run2,398
emotional-emptiness,run2,555
emotional-emptiness,run2,670
emotional-emptiness-and-fulfillment,run1,848
emotional-energy,run1,250
emotional-exhaustion,run1,40
emotional-exhaustion,run1,217
emotional-exhaustion,run1,223
emotional-exhaustion,run1,502
emotional-exhaustion,run1,531
emotional-exhaustion,run1,589
emotional-exhaustion,run1,606
emotional-exhaustion,run1,650
emotional-exhaustion,run1,850
emotional-exhaustion,run1,877
emotional-exhaustion,run2,40
emotional-exhaustion,run2,217
emotional-exhaustion,run2,223
emotional-exhaustion,run2,502
emotional-exhaustion,run2,531
emotional-exhaustion,run2,575
emotional-exhaustion,run2,589
emotional-exhaustion,run2,606
emotional-exhaustion,run2,650
emotional-exhaustion,run2,865
emotional-exhaustion,run2,877
emotional-exploitation,run1,659
emotional-exploitation,run2,659
emotional-free-spiritedness,run1,854
emotional-freedom,run1,875
emotional-freedom,run2,875
emotional-freefall,run1,20
emotional-freefall,run2,20
emotional-fulfillment,run2,848
emotional-games,run1,120
emotional-guardedness,run1,132
emotional-guardedness,run1,192
emotional-guardedness,run1,208
emotional-guardedness,run1,375
emotional-guardedness,run1,427
emotional-guardedness,run1,522
emotional-guardedness,run1,750
emotional-guardedness,run1,879
emotional-guardedness,run2,192
emotional-guardedness,run2,208
emotional-guardedness,run2,375
emotional-guardedness,run2,427
emotional-guardedness,run2,432
emotional-guardedness,run2,522
emotional-guardedness,run2,750
emotional-guardedness,run2,820
emotional-hardness,run1,252
emotional-hardness,run2,252
emotional-haunting,run2,63
emotional-healing,run1,536
emotional-healing,run1,865
emotional-healing,run2,536
emotional-healing,run2,852
emotional-healing,run2,865
emotional-heaviness-and-relief,run1,73
emotional-highs-and-lows,run1,56
emotional-highs-and-lows,run1,63
emotional-highs-and-lows,run1,684
emotional-highs-and-lows,run2,56
emotional-highs-and-lows,run2,63
emotional-highs-and-lows,run2,404
emotional-highs-and-lows,run2,684
emotional-highs-and-pain,run1,207
emotional-honesty,run1,558
emotional-honesty,run1,641
emotional-honesty,run1,784
emotional-honesty,run2,2
emotional-honesty,run2,558
emotional-hot-and-cold,run2,837
emotional-imbalance-in-relationship,run1,26
emotional-immaturity,run1,828
emotional-immaturity,run2,828
emotional-immaturity-vs-self-awareness,run1,637
emotional-independence,run1,369
emotional-independence,run1,720
emotional-independence,run2,720
emotional-indifference,run1,646
emotional-indifference,run2,277
emotional-instability,run1,67
emotional-instability,run1,127
emotional-instability,run2,67
emotional-intensity,run1,552
emotional-intensity,run1,863
emotional-intensity,run2,552
emotional-intensity,run2,863
emotional-intimacy,run1,499
emotional-intimacy,run2,499
emotional-intoxication,run2,49
emotional-investment,run1,611
emotional-investment,run2,611
emotional-investment-and-loss,run2,531
emotional-isolation,run1,463
emotional-isolation,run1,484
emotional-isolation,run1,515
emotional-isolation,run2,515
emotional-isolation,run2,747
emotional-labor,run1,611
emotional-labor,run1,828
emotional-labor-burden,run2,828
emotional-limitation,run2,461
emotional-lingering,run2,486
emotional-loneliness,run2,815
emotional-lostness,run2,616
emotional-manipulation,run1,1
emotional-manipulation,run1,223
emotional-manipulation,run1,394
emotional-manipulation,run1,543
emotional-manipulation,run1,869
emotional-manipulation,run2,1
emotional-manipulation,run2,223
emotional-manipulation,run2,394
emotional-manipulation,run2,428
emotional-manipulation,run2,439
emotional-manipulation,run2,490
emotional-manipulation,run2,869
emotional-maturity-and-growth,run1,815
emotional-need,run1,452
emotional-need,run2,452
emotional-neglect,run1,4
emotional-neglect,run1,60
emotional-neglect,run1,153
emotional-neglect,run1,244
emotional-neglect,run1,460
emotional-neglect,run2,4
emotional-neglect,run2,441
emotional-neglect,run2,460
emotional-neglect,run2,543
emotional-numbness,run1,61
emotional-numbness,run1,80
emotional-numbness,run1,112
emotional-numbness,run1,233
emotional-numbness,run1,386
emotional-numbness,run1,528
emotional-numbness,run1,575
emotional-numbness,run1,609
emotional-numbness,run1,703
emotional-numbness,run1,731
emotional-numbness,run1,790
emotional-numbness,run1,817
emotional-numbness,run2,61
emotional-numbness,run2,170
emotional-numbness,run2,233
emotional-numbness,run2,386
emotional-numbness,run2,528
emotional-numbness,run2,575
emotional-numbness,run2,609
emotional-numbness,run2,676
emotional-numbness,run2,703
emotional-numbness,run2,731
emotional-numbness,run2,790
emotional-numbness,run2,817
emotional-numbness-after-breakup,run2,813
emotional-numbness-after-heartbreak,run1,813
emotional-numbness-and-avoidance,run1,676
emotional-numbness-and-depression,run2,739
emotional-numbness-sought,run1,800
emotional-obsession,run1,50
emotional-obsession,run1,847
emotional-obsession,run2,50
emotional-openness,run2,317
emotional-overwhelm,run1,234
emotional-overwhelm,run1,300
emotional-overwhelm,run1,378
emotional-overwhelm,run1,661
emotional-overwhelm,run1,746
emotional-overwhelm,run1,755
emotional-overwhelm,run2,234
emotional-overwhelm,run2,250
emotional-overwhelm,run2,661
emotional-overwhelm,run2,827
emotional-overwhelm,run2,847
emotional-pain,run1,23
emotional-pain,run1,28
emotional-pain,run1,71
emotional-pain,run1,86
emotional-pain,run1,131
emotional-pain,run1,149
emotional-pain,run1,206
emotional-pain,run1,273
emotional-pain,run1,274
emotional-pain,run1,303
emotional-pain,run1,351
emotional-pain,run1,373
emotional-pain,run1,385
emotional-pain,run1,412
emotional-pain,run1,472
emotional-pain,run1,567
emotional-pain,run1,581
emotional-pain,run1,612
emotional-pain,run1,628
emotional-pain,run1,630
emotional-pain,run1,636
emotional-pain,run1,706
emotional-pain,run1,737
emotional-pain,run2,23
emotional-pain,run2,28
emotional-pain,run2,71
emotional-pain,run2,86
emotional-pain,run2,112
emotional-pain,run2,131
emotional-pain,run2,273
emotional-pain,run2,274
emotional-pain,run2,303
emotional-pain,run2,336
emotional-pain,run2,351
emotional-pain,run2,385
emotional-pain,run2,412
emotional-pain,run2,472
emotional-pain,run2,567
emotional-pain,run2,581
emotional-pain,run2,612
emotional-pain,run2,628
emotional-pain,run2,630
emotional-pain,run2,636
emotional-pain,run2,706
emotional-pain-and-depression,run1,201
emotional-pain-and-depression,run2,201
emotional-pain-and-isolation,run1,336
emotional-pain-and-sadness,run2,206
emotional-pain-and-scarring,run2,824
emotional-pain-and-trauma,run2,484
emotional-pain-as-rain,run1,409
emotional-pain-as-rain,run2,409
emotional-paralysis,run1,550
emotional-power-dynamics,run2,527
emotional-reassurance,run2,132
emotional-reassurance,run2,141
emotional-rebirth,run1,622
emotional-rebirth,run2,622
emotional-recklessness,run1,633
emotional-refuge,run2,43
emotional-regression,run1,803
emotional-regression,run2,803
emotional-release,run1,559
emotional-release,run2,559
emotional-relief,run1,830
emotional-relief,run2,830
emotional-relief-from-distance,run1,543
emotional-relief-from-distance,run2,543
emotional-renewal,run1,573
emotional-rescue,run1,43
emotional-resilience,run1,209
emotional-resilience,run1,490
emotional-resilience,run1,545
emotional-resilience,run1,580
emotional-resilience,run2,209
emotional-resilience,run2,545
emotional-resilience,run2,580
emotional-restraint,run1,760
emotional-restraint,run2,550
emotional-revenge-fantasy,run1,376
emotional-risk,run2,188
emotional-risk-taking,run1,188
emotional-rock-bottom,run1,168
emotional-rock-bottom,run2,168
emotional-sacrifice,run2,261
emotional-scarring,run1,226
emotional-scarring,run2,226
emotional-self-awareness,run1,852
emotional-self-protection,run1,170
emotional-self-protection,run1,271
emotional-self-protection,run1,513
emotional-self-protection,run1,639
emotional-self-protection,run1,787
emotional-self-protection,run1,813
emotional-self-protection,run2,170
emotional-self-protection,run2,271
emotional-self-protection,run2,513
emotional-self-protection,run2,639
emotional-self-protection,run2,787
emotional-self-protection,run2,813
emotional-significance-of-a-partner,run1,772
emotional-sleeplessness,run2,508
emotional-stagnation,run1,739
emotional-struggle,run2,330
emotional-struggle-beneath-the-surface,run1,602
emotional-suffering,run1,534
emotional-suffering,run2,108
emotional-suffering,run2,534
emotional-suffocation,run1,449
emotional-suffocation,run1,471
emotional-suffocation,run2,449
emotional-support,run1,25
emotional-support,run1,85
emotional-support,run1,253
emotional-support,run1,268
emotional-support,run1,280
emotional-support,run1,560
emotional-support,run1,569
emotional-support,run1,661
emotional-support,run1,704
emotional-support,run2,25
emotional-support,run2,85
emotional-support,run2,210
emotional-support,run2,253
emotional-support,run2,268
emotional-support,run2,280
emotional-support,run2,560
emotional-support,run2,569
emotional-support,run2,704
emotional-support-and-healing,run1,736
emotional-support-from-a-loved-one,run2,341
emotional-support-from-another,run1,341
emotional-suppression,run1,108
emotional-suppression,run1,179
emotional-suppression,run1,302
emotional-suppression,run1,337
emotional-suppression,run1,340
emotional-suppression,run1,690
emotional-suppression,run1,794
emotional-suppression,run2,179
emotional-suppression,run2,302
emotional-suppression,run2,382
emotional-suppression,run2,690
emotional-suppression,run2,760
emotional-suppression,run2,794
emotional-survival,run1,161
emotional-survival,run1,810
emotional-torment,run1,428
emotional-toughness,run1,685
emotional-toughness,run2,685
emotional-turmoil,run1,508
emotional-turmoil,run1,616
emotional-turmoil,run1,647
emotional-turmoil,run1,679
emotional-turmoil,run1,822
emotional-turmoil,run1,850
emotional-turmoil,run2,169
emotional-turmoil,run2,279
emotional-turmoil,run2,647
emotional-turmoil,run2,679
emotional-turmoil,run2,850
emotional-turmoil,run2,865
emotional-unavailability,run1,13
emotional-unavailability,run1,15
emotional-unavailability,run1,32
emotional-unavailability,run1,364
emotional-unavailability,run1,385
emotional-unavailability,run1,399
emotional-unavailability,run1,423
emotional-unavailability,run1,439
emotional-unavailability,run1,513
emotional-unavailability,run1,525
emotional-unavailability,run1,732
emotional-unavailability,run1,741
emotional-unavailability,run1,798
emotional-unavailability,run1,820
emotional-unavailability,run1,837
emotional-unavailability,run2,13
emotional-unavailability,run2,15
emotional-unavailability,run2,32
emotional-unavailability,run2,206
emotional-unavailability,run2,337
emotional-unavailability,run2,385
emotional-unavailability,run2,399
emotional-unavailability,run2,423
emotional-unavailability,run2,525
emotional-unavailability,run2,591
emotional-unavailability,run2,732
emotional-unavailability,run2,741
emotional-unavailability,run2,798
emotional-uplift,run2,73
emotional-void-and-rebound,run1,691
emotional-void-filled-with-materialism,run2,439
emotional-volatility,run1,438
emotional-volatility,run2,127
emotional-volatility,run2,438
emotional-vulnerability,run1,94
emotional-vulnerability,run1,110
emotional-vulnerability,run1,121
emotional-vulnerability,run1,149
emotional-vulnerability,run1,152
emotional-vulnerability,run1,167
emotional-vulnerability,run1,169
emotional-vulnerability,run1,180
emotional-vulnerability,run1,183
emotional-vulnerability,run1,198
emotional-vulnerability,run1,222
emotional-vulnerability,run1,228
emotional-vulnerability,run1,245
emotional-vulnerability,run1,259
emotional-vulnerability,run1,275
emotional-vulnerability,run1,284
emotional-vulnerability,run1,293
emotional-vulnerability,run1,294
emotional-vulnerability,run1,300
emotional-vulnerability,run1,317
emotional-vulnerability,run1,365
emotional-vulnerability,run1,366
emotional-vulnerability,run1,386
emotional-vulnerability,run1,397
emotional-vulnerability,run1,461
emotional-vulnerability,run1,465
emotional-vulnerability,run1,505
emotional-vulnerability,run1,511
emotional-vulnerability,run1,516
emotional-vulnerability,run1,530
emotional-vulnerability,run1,536
emotional-vulnerability,run1,608
emotional-vulnerability,run1,609
emotional-vulnerability,run1,689
emotional-vulnerability,run1,696
emotional-vulnerability,run1,698
emotional-vulnerability,run1,707
emotional-vulnerability,run1,735
emotional-vulnerability,run1,759
emotional-vulnerability,run1,768
emotional-vulnerability,run1,769
emotional-vulnerability,run1,808
emotional-vulnerability,run1,816
emotional-vulnerability,run1,834
emotional-vulnerability,run1,846
emotional-vulnerability,run2,22
emotional-vulnerability,run2,60
emotional-vulnerability,run2,94
emotional-vulnerability,run2,121
emotional-vulnerability,run2,149
emotional-vulnerability,run2,152
emotional-vulnerability,run2,167
emotional-vulnerability,run2,180
emotional-vulnerability,run2,183
emotional-vulnerability,run2,198
emotional-vulnerability,run2,228
emotional-vulnerability,run2,244
emotional-vulnerability,run2,245
emotional-vulnerability,run2,259
emotional-vulnerability,run2,284
emotional-vulnerability,run2,293
emotional-vulnerability,run2,300
emotional-vulnerability,run2,365
emotional-vulnerability,run2,366
emotional-vulnerability,run2,376
emotional-vulnerability,run2,386
emotional-vulnerability,run2,387
emotional-vulnerability,run2,397
emotional-vulnerability,run2,511
emotional-vulnerability,run2,536
emotional-vulnerability,run2,608
emotional-vulnerability,run2,609
emotional-vulnerability,run2,622
emotional-vulnerability,run2,678
emotional-vulnerability,run2,689
emotional-vulnerability,run2,696
emotional-vulnerability,run2,698
emotional-vulnerability,run2,707
emotional-vulnerability,run2,736
emotional-vulnerability,run2,755
emotional-vulnerability,run2,808
emotional-vulnerability,run2,816
emotional-vulnerability,run2,834
emotional-vulnerability,run2,846
emotional-vulnerability,run2,881
emotional-walls-and-vulnerability,run1,802
emotional-walls-and-vulnerability,run2,802
emotional-warmth-in-darkness,run1,339
emotional-warmth-in-darkness,run2,339
emotional-wellbeing,run1,644
emotional-wellbeing,run2,644
emotional-withdrawal,run1,824
emotional-withholding,run1,52
emotional-withholding,run2,52
empowerment,run1,636
empowerment,run1,876
empowerment,run2,636
empowerment-after-breakup,run1,741
empowerment-and-freedom,run2,409
empowerment-and-letting-go,run1,176
empowerment-and-self-belief,run2,33
empowerment-through-love,run1,596
empowerment-through-love,run2,596
emptiness,run2,470
emptiness-and-nihilism,run1,470
encouragement,run1,326
encouragement,run2,326
encouragement-and-solidarity,run2,129
end-of-loneliness,run1,629
end-of-love,run2,756
end-of-relationship,run1,50
end-of-relationship,run1,433
end-of-the-world-scenario,run2,437
end-of-world-devotion,run1,437
endings-and-beginnings,run1,760
endings-and-beginnings,run2,760
enduring-commitment,run1,418
enduring-commitment,run2,418
enduring-devotion,run1,354
enduring-love,run1,46
enduring-love,run1,306
enduring-love,run1,374
enduring-love,run1,473
enduring-love,run1,675
enduring-love,run2,46
enduring-love,run2,110
enduring-love,run2,306
enduring-love,run2,374
enduring-love,run2,473
enduring-love,run2,675
enduring-love-after-separation,run2,785
enduring-love-and-respect,run1,785
enduring-love-over-time,run1,110
enduring-presence,run1,442
enduring-presence,run2,442
enemies-and-betrayal,run1,667
enemies-and-opposition,run1,82
enemies-and-opposition,run2,82
enemies-and-reputation,run1,547
enemies-and-threats,run1,266
enemies-and-threats,run2,266
enemies-downfall,run1,404
enemies-downfall,run2,404
enemies-wishing-harm,run1,192
enemies-wishing-harm,run2,192
enemy-threats,run2,535
energetic-momentum,run1,752
energetic-momentum,run2,752
energy-and-vitality,run1,401
energy-and-vitality,run2,401
entertainment-comparison,run1,752
entrapment-and-inability-to-escape,run1,61
envy-and-contrast,run2,656
envy-and-desire-for-status,run2,464
envy-and-fake-people,run1,436
envy-and-haters,run1,528
envy-and-haters,run2,528
envy-and-hypocrisy,run1,811
envy-and-opposition,run2,436
envy-and-opposition,run2,667
envy-and-rivalry,run1,272
envy-and-social-status,run2,272
envy-and-status,run1,464
equal-partnership,run1,381
equal-partnership,run1,417
equal-partnership,run1,699
equal-partnership,run2,381
equal-partnership,run2,417
equal-partnership,run2,699
erasing-shared-memories,run1,790
erasing-shared-memories,run2,790
escalation-to-murder,run2,637
escape-and-freedom,run1,398
escape-and-freedom,run1,642
escape-and-freedom,run2,642
escape-and-getaway,run1,55
escape-and-getaway,run2,55
escape-and-survival,run1,179
escape-and-survival,run1,344
escape-and-survival,run2,179
escape-from-lifestyle,run1,673
escape-from-old-life,run1,146
escape-from-reality,run1,76
escape-from-reality,run2,76
escaping-a-toxic-relationship,run1,439
escaping-a-toxic-relationship,run2,439
escaping-daily-stress,run1,578
escaping-daily-stress,run2,578
escaping-small-town-life,run1,540
escaping-small-town-life,run2,540
escaping-superficiality,run1,293
escaping-superficiality,run2,293
escaping-the-party,run1,320
escaping-the-party,run2,320
escaping-the-trap-lifestyle,run2,673
escapism,run1,79
escapism,run1,140
escapism,run1,258
escapism,run1,291
escapism,run1,300
escapism,run1,407
escapism,run1,470
escapism,run1,661
escapism,run1,723
escapism,run1,738
escapism,run1,774
escapism,run1,826
escapism,run2,79
escapism,run2,140
escapism,run2,258
escapism,run2,300
escapism,run2,407
escapism,run2,610
escapism,run2,679
escapism,run2,723
escapism,run2,738
escapism,run2,746
escapism,run2,826
escapism-and-fantasy,run1,20
escapism-and-fantasy,run1,584
escapism-and-fantasy,run1,796
escapism-and-fantasy,run2,20
escapism-and-paradise,run1,27
escapism-and-pleasure,run2,796
escapism-and-temptation,run1,829
escapism-and-temptation,run2,829
escapism-and-travel,run1,425
escapism-and-travel,run2,425
escapist-fantasy,run2,584
estrangement-and-reunion,run1,10
estrangement-and-reunion,run2,10
eternal-commitment,run2,594
eternal-connection,run1,780
eternal-connection,run2,780
eternal-love,run1,594
eternal-love,run1,734
eternal-love,run2,734
eternal-love-beyond-death,run1,870
eternal-love-beyond-death,run2,870
euphoria-and-altered-states,run1,605
euphoria-and-altered-states,run2,605
euphoria-and-elation,run1,458
euphoria-and-elation,run2,458
euphoria-and-highs,run2,384
euphoria-and-intoxication,run1,384
euphoria-and-intoxication,run2,711
euphoria-and-joy,run1,9
euphoria-and-joy,run2,9
euphoria-and-pleasure,run1,294
euphoria-and-pleasure,run2,294
euphoria-and-transcendence,run1,658
euphoria-and-transcendence,run2,658
euphoria-and-wonder,run2,222
euphoria-of-love,run1,49
euphoric-attraction,run1,600
evading-law-enforcement,run2,457
everyday-beauty-of-a-partner,run1,473
everyday-hardship,run2,599
everyday-intimacy,run1,507
everyday-intimacy,run2,507
everyday-joy,run1,401
everyday-joy,run1,446
everyday-optimism,run1,420
everyday-optimism,run2,420
everyday-quirks,run1,537
everyday-quirks-as-endearing,run2,537
everyday-relationship-moments,run1,317
everyday-relationship-moments,run2,317
everyday-romance,run1,101
everyday-romance,run2,101
everyday-survival,run1,599
everyday-thoughtfulness,run2,625
ex-begging-for-reconciliation,run1,277
ex-begging-for-reconciliation,run2,277
ex-cheating-or-being-unfaithful,run2,691
ex-drama,run2,695
ex-lover-dynamic,run2,791
ex-lover-manipulation,run1,428
ex-lover-reconnection,run1,833
ex-moving-on,run2,53
ex-moving-on-quickly,run2,460
ex-partner-moving-on,run1,460
ex-partner-moving-on,run1,677
ex-partner-regret,run1,143
ex-partners-regret,run2,143
ex-reaching-out,run1,490
ex-thriving-without-you,run2,460
ex-trying-to-return,run1,691
ex-trying-to-return,run2,691
excessive-drinking,run1,530
excessive-drinking,run2,530
excitement-and-nervousness,run1,836
excitement-and-nervousness,run2,836
exclusive-bond,run1,514
exclusive-connection,run1,134
exclusive-connection,run2,134
exclusive-devotion,run1,413
exclusive-devotion,run2,413
exclusive-lifestyle,run1,587
exclusive-lifestyle,run2,587
exclusive-love,run1,510
exclusive-love,run2,510
exclusivity,run1,315
exclusivity,run2,70
exclusivity,run2,315
exclusivity-and-belonging,run1,162
exclusivity-and-confidence,run1,93
exclusivity-and-confidence,run2,93
exclusivity-and-status,run1,379
exclusivity-and-status,run2,162
exclusivity-in-love,run1,363
exclusivity-in-love,run2,363
exclusivity-in-relationships,run1,554
exclusivity-in-relationships,run2,554
exclusivity-of-connection,run2,784
exclusivity-of-love,run2,524
exclusivity-of-relationship,run1,22
exclusivity-of-relationship,run2,22
existential-emptiness,run1,124
existential-exhaustion,run1,575
existential-questioning,run1,342
existential-questioning,run2,342
existential-searching,run1,738
existential-uncertainty,run1,547
exotic-cars,run1,58
exotic-cars,run1,225
exotic-cars,run1,242
exotic-cars,run2,144
exotic-cars,run2,225
exotic-cars,run2,242
exotic-travel,run1,435
explicit-sexual-acts,run2,546
explicit-sexual-encounter,run1,527
exploitation-and-colonization,run1,727
exploitation-and-colonization,run2,727
exploitation-and-cost,run1,656
exploitation-and-cost,run2,656
exploitation-and-using-others,run1,1
exploitation-of-fame,run2,1
exposing-hidden-evil,run2,876
exposing-true-nature,run1,876
expressing-feelings,run1,361
expressing-feelings,run2,361
expressing-love-before-its-too-late,run1,577
expressing-love-openly,run1,354
expressing-love-openly,run2,354
external-pressure,run1,864
external-pressure-and-expectations,run1,382
external-pressure-and-expectations,run2,382
extortion-and-power,run2,492
extortion-and-robbery,run1,492
extracting-resources-from-men,run1,388
extracting-resources-from-men,run2,388
eye-contact-and-connection,run1,378
eye-contact-and-connection,run1,655
facing-death,run1,406
facing-death,run2,406
facing-lifes-hardships,run2,882
facing-mortality,run1,858
facing-mortality,run2,442
faded-celebrity,run1,15
fading-and-wear,run1,473
fading-identity-after-breakup,run2,850
fading-intimacy,run2,202
fading-love,run1,170
fading-love,run1,881
fading-love,run2,170
fading-vitality,run1,839
failed-attempt-to-fix-someone,run1,439
failed-attempt-to-fix-someone,run2,439
failed-attempts-to-help,run1,337
failed-attempts-to-move-on,run1,739
failed-attempts-to-move-on,run2,739
failed-reconnection,run2,7
failed-relationship,run1,551
failed-relationship,run1,702
failed-relationship,run2,551
failed-relationships,run1,287
failed-relationships,run2,798
faith-and-afterlife,run2,745
faith-and-belief,run1,108
faith-and-belief,run1,330
faith-and-belief,run2,49
faith-and-belief,run2,108
faith-and-belief,run2,330
faith-and-devotion,run2,160
faith-and-gratitude,run1,414
faith-and-gratitude,run1,588
faith-and-gratitude,run2,588
faith-and-heartbreak,run1,755
faith-and-mortality,run1,267
faith-and-mortality,run2,267
faith-and-prayer,run1,442
faith-and-prayer,run2,414
faith-and-prayer,run2,652
faith-and-prayer,run2,670
faith-and-religion,run1,323
faith-and-religion,run1,599
faith-and-religion,run2,323
faith-and-religion,run2,599
faith-and-resilience,run2,434
faith-and-spirituality,run1,133
faith-and-spirituality,run1,434
faith-and-spirituality,run1,488
faith-and-spirituality,run1,724
faith-and-spirituality,run2,133
faith-and-spirituality,run2,488
faith-and-spirituality,run2,724
faith-and-trust,run1,653
faith-and-trust,run2,653
faith-and-values,run1,512
faith-in-reunion,run1,473
faith-in-reunion,run2,473
faith-introduced-by-love,run1,670
faith-refined-by-hardship,run1,867
faith-refined-by-trial,run2,867
faithfulness-and-honesty,run2,232
fake-beef-and-attention-seeking,run1,355
fake-beef-and-attention-seeking,run2,355
fake-friends,run1,195
fake-friends-and-betrayal,run2,521
fake-friends-and-clout-chasers,run1,301
fake-friends-and-clout-chasers,run2,301
fake-friends-and-users,run1,57
fake-friends-and-users,run2,57
fake-friendship,run1,135
fake-friendship,run2,135
fake-healing-with-rebound,run2,691
fake-it-till-you-make-it,run2,749
fake-love-and-opportunism,run2,526
fake-reconciliation,run1,217
fake-toughness-and-posturing,run1,297
faking-it,run1,749
falling-apart,run1,722
falling-fast,run1,854
falling-for-someone,run2,854
falling-in-love,run1,70
falling-in-love,run1,101
falling-in-love,run1,110
falling-in-love,run1,183
falling-in-love,run1,397
falling-in-love,run1,658
falling-in-love,run1,668
falling-in-love,run2,70
falling-in-love,run2,101
falling-in-love,run2,183
falling-in-love,run2,397
falling-in-love,run2,668
falling-in-love,run2,675
falling-in-love,run2,678
false-appearances,run1,851
false-appearances,run2,851
false-friends-and-betrayal,run2,331
false-friendship,run1,869
false-friendship,run2,869
false-friendship-and-betrayal,run1,331
false-identity,run1,557
false-identity,run2,557
false-indifference,run1,763
false-indifference,run2,763
false-promises,run1,47
false-promises-of-love,run1,485
false-promises-of-love,run2,485
false-reality,run1,479
false-reality,run2,479
false-sense-of-freedom,run1,166
false-sense-of-freedom,run2,166
fame-and-ambition,run1,418
fame-and-ambition,run1,680
fame-and-ambition,run2,680
fame-and-anonymity,run1,240
fame-and-anonymity,run2,240
fame-and-attraction,run1,616
fame-and-attraction,run2,616
fame-and-career-pressure,run1,801
fame-and-celebrity,run1,111
fame-and-celebrity,run1,196
fame-and-celebrity,run1,255
fame-and-celebrity,run1,393
fame-and-celebrity,run1,788
fame-and-celebrity,run1,843
fame-and-celebrity,run2,111
fame-and-celebrity,run2,196
fame-and-celebrity,run2,498
fame-and-celebrity,run2,788
fame-and-celebrity,run2,843
fame-and-celebrity-lifestyle,run1,156
fame-and-ego,run1,75
fame-and-ego,run2,75
fame-and-haters,run1,874
fame-and-haters,run2,874
fame-and-identity,run1,518
fame-and-identity,run1,673
fame-and-identity,run2,518
fame-and-isolation,run2,858
fame-and-its-dangers,run1,19
fame-and-its-dangers,run2,19
fame-and-its-emptiness,run2,570
fame-and-its-hollowness,run2,15
fame-and-its-loneliness,run1,570
fame-and-legacy,run1,430
fame-and-legacy,run2,430
fame-and-media-attention,run2,255
fame-and-public-life,run2,100
fame-and-recognition,run1,109
fame-and-recognition,run1,216
fame-and-recognition,run1,235
fame-and-recognition,run1,282
fame-and-recognition,run2,109
fame-and-recognition,run2,216
fame-and-recognition,run2,282
fame-and-recognition,run2,771
fame-and-reputation,run2,235
fame-and-social-status,run1,659
fame-and-social-status-obsession,run2,659
fame-and-spectacle,run1,812
fame-and-spectacle,run2,812
fame-and-status,run1,315
fame-and-status,run2,315
fame-and-status,run2,393
fame-and-success,run1,34
fame-and-success,run1,229
fame-and-success,run1,311
fame-and-success,run1,520
fame-and-success,run1,553
fame-and-success,run1,860
fame-and-success,run2,34
fame-and-success,run2,229
fame-and-success,run2,311
fame-and-success,run2,478
fame-and-success,run2,553
fame-and-success,run2,860
fame-and-visibility,run1,312
fame-disillusionment,run1,15
fame-versus-love,run1,446
family-and-belonging,run1,724
family-and-belonging,run2,724
family-and-children,run1,588
family-and-children,run2,588
family-and-distance,run2,550
family-and-faith,run2,512
family-and-fatherhood,run1,432
family-and-home,run2,693
family-and-legacy,run1,12
family-and-legacy,run1,436
family-and-legacy,run2,12
family-and-legacy,run2,436
family-and-roots,run1,96
family-and-roots,run1,840
family-and-roots,run2,96
family-and-roots,run2,840
family-and-support,run1,287
family-approval,run1,693
family-bonds,run1,99
family-bonds,run2,99
family-bonds,run2,287
family-bonds,run2,344
family-bonds,run2,577
family-conflict,run1,528
family-conflict,run1,568
family-conflict,run2,528
family-devotion,run1,82
family-devotion,run2,82
family-disapproval,run1,1
family-disapproval,run1,807
family-disapproval,run2,807
family-disapproval,run2,883
family-disruption,run2,568
family-dysfunction,run1,67
family-dysfunction,run2,67
family-gathering,run1,745
family-gathering,run2,745
family-heritage-and-keepsakes,run1,450
family-humor,run2,651
family-legacy,run1,710
family-loyalty,run1,58
family-loyalty,run1,147
family-loyalty,run1,553
family-loyalty,run2,147
family-loyalty,run2,450
family-loyalty,run2,553
family-nostalgia,run1,566
family-nostalgia,run2,566
family-relationships,run1,577
family-structure,run1,344
family-taboo,run1,568
family-taboo,run2,568
family-ties,run1,509
family-ties,run2,509
family-trauma,run1,255
family-trauma,run2,255
fan-devotion,run2,843
fantasy-and-curiosity,run1,496
fantasy-and-curiosity,run2,496
fantasy-and-escapism,run1,538
fantasy-and-escapism,run2,494
fantasy-and-escapism,run2,538
fantasy-and-idealization,run1,18
fantasy-and-imagination,run1,93
fantasy-and-imagination,run1,674
fantasy-and-imagination,run2,93
fantasy-and-imagination,run2,487
fantasy-and-imagination,run2,674
fantasy-and-imagination,run2,835
fantasy-and-self-delusion,run1,487
fantasy-vs-reality,run1,494
fantasy-vs-reality,run1,766
fantasy-vs-reality,run2,79
fantasy-vs-reality,run2,766
farewell-and-moving-on,run2,161
farewell-to-toxic-relationship,run1,161
fashion-and-drip,run1,405
fashion-and-drip,run2,405
fashion-and-luxury,run2,604
fashion-and-status,run1,177
fashion-and-style,run2,177
fashion-and-style,run2,321
fast-lifestyle,run1,325
fast-living-lifestyle,run1,808
fast-living-lifestyle,run2,808
fatalism,run2,684
fate-and-acceptance,run1,572
fate-and-acceptance,run2,572
fate-and-destiny,run1,194
fate-and-destiny,run1,514
fate-and-destiny,run1,590
fate-and-destiny,run2,194
fate-and-destiny,run2,514
fate-and-destiny,run2,590
fate-and-external-forces,run2,856
father-abandonment,run1,528
father-abandonment,run2,528
father-child-bond,run1,442
father-child-bond,run2,442
father-son-bonding,run1,577
father-wanting-to-be-present,run1,849
father-wanting-to-be-present,run2,849
fatherhood-amid-street-life,run2,556
fatherhood-and-family,run2,432
fear-and-cold-feet,run2,743
fear-and-danger,run2,342
fear-and-intimidation,run1,342
fear-and-mortality,run2,839
fear-and-personal-growth,run2,264
fear-and-survival,run1,434
fear-and-survival,run2,434
fear-of-a-joyless-world,run2,448
fear-of-abandonment,run1,170
fear-of-abandonment,run1,180
fear-of-abandonment,run1,206
fear-of-abandonment,run1,215
fear-of-abandonment,run1,279
fear-of-abandonment,run1,280
fear-of-abandonment,run1,516
fear-of-abandonment,run1,638
fear-of-abandonment,run1,689
fear-of-abandonment,run2,170
fear-of-abandonment,run2,180
fear-of-abandonment,run2,215
fear-of-abandonment,run2,279
fear-of-abandonment,run2,511
fear-of-abandonment,run2,516
fear-of-abandonment,run2,581
fear-of-abandonment,run2,628
fear-of-abandonment,run2,638
fear-of-abandonment,run2,823
fear-of-aging,run1,83
fear-of-aging,run1,85
fear-of-aging,run2,83
fear-of-aging,run2,85
fear-of-attachment,run2,295
fear-of-being-alone,run1,365
fear-of-being-forgotten,run1,628
fear-of-change,run2,181
fear-of-commitment,run1,513
fear-of-commitment,run1,566
fear-of-commitment,run2,171
fear-of-commitment,run2,513
fear-of-commitment,run2,566
fear-of-commitment,run2,773
fear-of-disappointment,run1,773
fear-of-embarrassment,run2,735
fear-of-fading,run1,708
fear-of-fading,run2,708
fear-of-failure,run1,592
fear-of-failure,run2,592
fear-of-failure-and-perseverance,run1,264
fear-of-games-and-manipulation,run1,295
fear-of-goodbye,run2,734
fear-of-heartbreak,run1,165
fear-of-heartbreak,run1,397
fear-of-heartbreak,run2,165
fear-of-heartbreak,run2,397
fear-of-hurting-a-partner,run1,271
fear-of-hurting-a-partner,run2,271
fear-of-letting-go,run2,206
fear-of-loneliness,run1,81
fear-of-loneliness,run1,472
fear-of-loneliness,run1,637
fear-of-loneliness,run1,641
fear-of-loneliness,run2,81
fear-of-loneliness,run2,472
fear-of-loneliness,run2,637
fear-of-loneliness,run2,641
fear-of-losing-her,run1,799
fear-of-losing-her,run2,799
fear-of-losing-love,run1,243
fear-of-losing-love,run2,243
fear-of-losing-love,run2,413
fear-of-losing-partner,run1,643
fear-of-losing-partner,run1,734
fear-of-losing-partner,run2,643
fear-of-losing-relationship,run1,874
fear-of-losing-relationship,run2,874
fear-of-losing-someone,run1,514
fear-of-losing-someone,run2,514
fear-of-losing-success,run1,436
fear-of-loss,run1,42
fear-of-loss,run1,467
fear-of-loss,run1,524
fear-of-loss,run1,663
fear-of-loss,run1,724
fear-of-loss,run1,827
fear-of-loss,run2,42
fear-of-loss,run2,467
fear-of-loss,run2,524
fear-of-loss,run2,663
fear-of-loss,run2,724
fear-of-loss,run2,755
fear-of-love,run1,60
fear-of-love,run1,608
fear-of-love,run1,641
fear-of-love,run2,60
fear-of-love,run2,132
fear-of-love,run2,608
fear-of-mediocrity,run1,224
fear-of-mediocrity,run2,224
fear-of-missing-out-on-roots,run1,713
fear-of-prophecy,run1,568
fear-of-prophecy,run2,568
fear-of-public-embarrassment,run1,735
fear-of-regret,run1,413
fear-of-regret,run1,615
fear-of-regret,run2,615
fear-of-rejection,run1,50
fear-of-rejection,run1,649
fear-of-rejection,run2,50
fear-of-rejection,run2,649
fear-of-relationship-failure,run1,271
fear-of-relationship-failure,run2,271
fear-of-repeating-past-mistakes,run1,469
fear-of-repeating-past-mistakes,run2,469
fear-of-ruining-love,run1,414
fear-of-ruining-love,run2,414
fear-of-separation,run1,116
fear-of-separation,run1,442
fear-of-separation,run2,116
fear-of-separation,run2,442
fear-of-the-6,run1,718
fear-of-the-unknown,run1,279
fear-of-vulnerability,run1,66
fear-of-vulnerability,run1,755
fear-of-vulnerability,run2,66
fearlessness,run1,819
fearlessness,run2,478
fearlessness,run2,579
fearlessness,run2,819
fearlessness-toward-death,run1,112
feeling-alive,run1,664
feeling-alive,run2,664
feeling-alive-through-love,run1,780
feeling-alive-through-love,run2,780
feeling-alone-in-relationship,run1,641
feeling-at-home-with-someone,run1,693
feeling-blessed,run2,115
feeling-chosen-then-discarded,run1,803
feeling-chosen-then-discarded,run2,803
feeling-incomplete-apart,run1,446
feeling-incomplete-apart,run2,446
feeling-invisible,run1,129
feeling-invisible-and-worthless,run2,129
feeling-like-an-outsider,run2,638
feeling-lost,run1,356
feeling-lost,run2,206
feeling-lost,run2,356
feeling-overwhelmed,run2,575
feeling-seen,run1,742
feeling-silenced,run1,829
feeling-silenced,run2,829
feeling-taken-for-granted,run1,29
feeling-taken-for-granted,run2,29
feeling-trapped,run1,738
feeling-trapped,run2,738
feeling-unloved,run2,76
feeling-unseen,run1,823
feeling-unseen,run2,823
feeling-unwanted,run2,431
feeling-used-and-betrayed,run1,38
feeling-used-and-betrayed,run2,38
female-allure,run1,862
female-allure-and-power,run1,605
female-ambition,run1,565
female-ambition-and-leadership,run2,565
female-attention,run1,97
female-attention,run1,115
female-attention,run1,155
female-attention,run1,172
female-attention,run1,301
female-attention,run1,321
female-attention,run1,325
female-attention,run1,425
female-attention,run1,619
female-attention,run2,97
female-attention,run2,155
female-attention,run2,301
female-attention,run2,321
female-attention,run2,325
female-attention,run2,425
female-attention-and-attraction,run1,297
female-attention-and-seduction,run2,297
female-attention-and-sexuality,run2,172
female-attitude-and-confidence,run1,769
female-attitude-and-sassiness,run2,769
female-attraction,run1,174
female-attraction,run1,879
female-attraction,run2,174
female-attraction,run2,726
female-attraction,run2,862
female-attraction-and-dancing,run1,440
female-attraction-and-dancing,run2,440
female-attraction-to-wealth,run1,435
female-attractiveness,run1,90
female-beauty-admiration,run1,272
female-beauty-and-authenticity,run2,90
female-bodily-autonomy,run1,671
female-companionship,run2,587
female-confidence,run1,338
female-confidence,run1,762
female-confidence,run1,838
female-confidence,run2,177
female-confidence,run2,338
female-confidence,run2,345
female-confidence,run2,554
female-confidence,run2,674
female-confidence,run2,762
female-confidence,run2,838
female-confidence-and-independence,run2,295
female-confidence-and-power,run1,196
female-confidence-and-power,run1,345
female-confidence-and-power,run2,196
female-confidence-and-self-assertion,run1,199
female-confidence-and-self-image,run1,480
female-confidence-and-self-image,run2,480
female-confidence-and-status,run1,295
female-curves,run1,444
female-curves,run2,444
female-danger-and-unpredictability,run1,218
female-desirability,run1,631
female-desirability,run1,786
female-desirability,run2,631
female-desirability,run2,786
female-desirability,run2,879
female-dominance,run1,595
female-dominance,run2,77
female-dominance,run2,246
female-dominance,run2,595
female-dominance,run2,793
female-dominance-and-rivalry,run1,778
female-dominance-and-rivalry,run2,778
female-empowerment,run1,13
female-empowerment,run1,36
female-empowerment,run1,45
female-empowerment,run1,63
female-empowerment,run1,71
female-empowerment,run1,77
female-empowerment,run1,122
female-empowerment,run1,160
female-empowerment,run1,177
female-empowerment,run1,247
female-empowerment,run1,277
female-empowerment,run1,288
female-empowerment,run1,308
female-empowerment,run1,309
female-empowerment,run1,327
female-empowerment,run1,357
female-empowerment,run1,359
female-empowerment,run1,379
female-empowerment,run1,390
female-empowerment,run1,395
female-empowerment,run1,504
female-empowerment,run1,521
female-empowerment,run1,523
female-empowerment,run1,586
female-empowerment,run1,598
female-empowerment,run1,600
female-empowerment,run1,604
female-empowerment,run1,662
female-empowerment,run1,674
female-empowerment,run1,681
female-empowerment,run1,691
female-empowerment,run1,717
female-empowerment,run1,719
female-empowerment,run1,754
female-empowerment,run1,758
female-empowerment,run1,793
female-empowerment,run1,796
female-empowerment,run1,815
female-empowerment,run1,853
female-empowerment,run2,13
female-empowerment,run2,36
female-empowerment,run2,45
female-empowerment,run2,63
female-empowerment,run2,71
female-empowerment,run2,122
female-empowerment,run2,160
female-empowerment,run2,247
female-empowerment,run2,277
female-empowerment,run2,283
female-empowerment,run2,288
female-empowerment,run2,308
female-empowerment,run2,309
female-empowerment,run2,327
female-empowerment,run2,357
female-empowerment,run2,359
female-empowerment,run2,379
female-empowerment,run2,395
female-empowerment,run2,504
female-empowerment,run2,521
female-empowerment,run2,523
female-empowerment,run2,527
female-empowerment,run2,542
female-empowerment,run2,586
female-empowerment,run2,598
female-empowerment,run2,600
female-empowerment,run2,604
female-empowerment,run2,662
female-empowerment,run2,680
female-empowerment,run2,681
female-empowerment,run2,691
female-empowerment,run2,717
female-empowerment,run2,719
female-empowerment,run2,728
female-empowerment,run2,754
female-empowerment,run2,758
female-empowerment,run2,853
female-empowerment-and-ambition,run1,671
female-empowerment-and-confidence,run1,248
female-empowerment-and-confidence,run2,248
female-empowerment-and-confidence,run2,390
female-empowerment-and-hustle,run1,218
female-empowerment-and-hustle,run2,148
female-empowerment-and-hustle,run2,218
female-empowerment-and-self-worth,run1,200
female-empowerment-and-self-worth,run1,461
female-empowerment-and-support,run2,671
female-financial-empowerment,run1,283
female-friendship,run1,483
female-friendship,run2,483
female-friendship-and-loyalty,run1,283
female-friendship-and-loyalty,run2,838
female-friendship-and-solidarity,run2,395
female-friendship-and-support,run2,287
female-independence,run1,59
female-independence,run1,78
female-independence,run1,350
female-independence,run1,482
female-independence,run1,483
female-independence,run1,608
female-independence,run2,78
female-independence,run2,381
female-independence,run2,476
female-independence,run2,483
female-independence,run2,564
female-independence,run2,608
female-independence-and-self-sufficiency,run1,200
female-independence-and-self-sufficiency,run1,381
female-independence-and-self-sufficiency,run2,200
female-independence-and-style,run1,476
female-independence-and-success,run2,350
female-insecurity,run1,640
female-liberation-and-freedom,run1,613
female-liberation-and-independence,run2,613
female-manipulation-through-sex,run1,769
female-manipulation-through-sex,run2,769
female-nurturing-role,run2,565
female-objectification,run2,219
female-physical-admiration,run2,272
female-player-lifestyle,run1,709
female-player-lifestyle,run2,709
female-predatory-sexuality,run2,388
female-relationships,run1,242
female-resilience,run1,877
female-resilience,run2,877
female-rivalry,run1,521
female-rivalry,run1,674
female-rivalry,run1,694
female-rivalry,run1,695
female-rivalry,run2,308
female-rivalry,run2,694
female-rivalry,run2,695
female-rivalry,run2,815
female-rivalry-and-clout,run1,221
female-rivalry-and-clout,run1,480
female-rivalry-and-clout,run2,221
female-rivalry-and-clout,run2,480
female-self-confidence,run1,767
female-self-confidence,run2,767
female-sensuality,run1,335
female-sensuality,run1,565
female-sensuality,run2,335
female-sexual-agency,run1,527
female-sexual-confidence,run1,554
female-sexual-empowerment,run1,148
female-sexual-empowerment,run1,388
female-sexual-empowerment,run2,388
female-sexual-power,run1,219
female-sexual-power,run2,219
female-sexual-praise,run2,752
female-sexual-skill,run2,546
female-solidarity,run1,357
female-solidarity,run1,565
female-solidarity,run1,838
female-solidarity,run2,357
female-solidarity,run2,565
female-solidarity,run2,674
female-subject-portrait,run1,317
female-subject-portrait,run2,317
female-superficiality,run1,380
female-superficiality,run2,380
female-superiority-over-male-power,run1,523
female-superiority-over-male-power,run2,523
female-uniqueness,run2,272
feminine-power,run1,565
feminine-power,run2,565
festive-food-and-traditions,run1,541
festive-fun,run2,621
festive-joy,run1,426
festive-joy,run2,426
festive-traditions,run2,541
fighting-for-love,run1,772
fighting-for-love,run2,772
fighting-like-lovers,run2,364
final-wishes,run2,710
financial-ambition,run1,554
financial-ambition,run2,674
financial-demands,run1,266
financial-discipline,run2,489
financial-dominance,run1,357
financial-dominance,run2,357
financial-exploitation,run1,582
financial-exploitation,run1,709
financial-exploitation,run2,266
financial-exploitation,run2,582
financial-exploitation,run2,709
financial-independence,run1,388
financial-independence,run1,521
financial-independence,run1,719
financial-independence,run1,767
financial-independence,run2,283
financial-independence,run2,521
financial-independence,run2,767
financial-legacy,run2,305
financial-provision,run1,346
financial-provision,run2,346
financial-secrecy,run1,305
financial-stress,run1,723
financial-stress,run2,723
financial-struggle,run1,171
financial-struggle,run2,10
financial-struggle,run2,171
financial-success,run1,122
financial-success,run1,133
financial-success,run1,260
financial-success,run1,484
financial-success,run1,654
financial-success,run1,662
financial-success,run2,122
financial-success,run2,133
financial-success,run2,484
financial-success,run2,604
financial-success,run2,662
finding-a-kindred-spirit,run1,714
finding-a-kindred-spirit,run2,714
finding-belonging,run1,76
finding-belonging,run2,76
finding-comfort-in-beer,run2,333
finding-completeness,run2,712
finding-light-in-darkness,run1,129
finding-light-in-darkness,run1,678
finding-love,run1,356
finding-love,run1,418
finding-love,run2,356
finding-love,run2,418
finding-meaning-in-chaos,run2,548
finding-meaning-in-the-mundane,run1,805
finding-meaning-in-the-mundane,run2,805
finding-new-purpose,run1,580
finding-peace-amid-chaos,run1,548
finding-the-one,run2,678
finding-the-right-person,run1,465
fire-and-ice-duality,run1,846
fire-and-ice-duality,run2,846
first-experiences,run1,721
first-experiences,run2,721
first-impression-attraction,run1,799
first-impression-attraction,run2,799
first-meeting,run2,110
first-sight-attraction,run1,544
first-sight-attraction,run2,544
fixing-a-broken-partner,run2,611
flashy-lifestyle,run1,282
flashy-lifestyle,run2,282
flashy-lifestyle,run2,500
flaunting-and-showing-off,run2,93
flaunting-money,run2,106
flaunting-wealth,run1,148
flaunting-wealth,run1,646
flaunting-wealth,run2,492
flaunting-wealth,run2,646
flaunting-wealth-and-lifestyle,run2,736
flawed-but-lovable,run1,314
flawed-but-lovable,run2,314
fleeing-from-truth,run1,688
fleeing-from-truth,run2,688
fleeting-connection,run1,100
fleeting-connection,run1,873
fleeting-happiness,run2,721
fleeting-happiness,run2,851
fleeting-intimacy,run1,823
fleeting-intimacy,run2,823
fleeting-love,run1,744
fleeting-luck-and-fortune,run1,464
fleeting-moments,run1,164
fleeting-moments,run1,167
fleeting-moments,run1,686
fleeting-moments,run1,851
fleeting-moments,run2,164
fleeting-moments,run2,167
fleeting-moments,run2,686
fleeting-nature-of-time,run1,588
fleeting-nature-of-time,run2,588
fleeting-one-night-love,run2,744
fleeting-pleasure,run2,470
fleeting-presence,run1,757
fleeting-presence,run2,757
fleeting-romance,run1,79
fleeting-romance,run1,597
fleeting-romance,run1,721
fleeting-romance,run2,79
fleeting-transient-connection,run2,873
fleeting-youth-and-time,run1,788
flexibility-and-openness,run2,496
flexing-and-showing-off,run1,155
flexing-and-showing-off,run1,174
flexing-and-showing-off,run1,196
flexing-and-showing-off,run1,694
flexing-and-showing-off,run2,155
flexing-and-showing-off,run2,174
flexing-and-showing-off,run2,196
flexing-and-showing-off,run2,325
flexing-jewelry,run1,500
flexing-luxury,run1,583
flexing-luxury,run2,509
flexing-luxury,run2,583
flexing-on-rivals,run1,144
flexing-on-rivals,run1,184
flexing-on-rivals,run1,325
flexing-on-rivals,run1,389
flexing-on-rivals,run2,58
flexing-on-rivals,run2,184
flexing-status,run1,528
flexing-wealth,run1,769
flexing-wealth,run1,842
flexing-wealth,run2,297
flexing-wealth,run2,842
flexing-wealth-and-status,run2,754
flirtation,run1,836
flirtation,run2,836
flirtation-and-attraction,run1,872
flirtation-and-attraction,run1,873
flirtation-and-attraction,run2,872
flirtation-and-attraction,run2,873
flirtation-and-pursuit,run1,375
flirtation-and-pursuit,run2,766
flirtation-and-seduction,run1,883
flirtation-and-seduction,run2,375
flirtatious-approach,run1,655
flirtatious-approach,run1,784
flirtatious-approach,run2,272
flirtatious-approach,run2,784
flirtatious-attention,run1,818
flirtatious-attention,run2,818
flirtatious-attraction,run1,335
flirtatious-attraction,run2,335
flirtatious-invitation,run2,614
flirtatious-invitation,run2,765
flirtatious-pursuit,run1,182
flirtatious-pursuit,run1,272
flirtatious-pursuit,run1,520
flirtatious-pursuit,run1,631
flirtatious-pursuit,run2,182
flirtatious-pursuit,run2,520
flirting-and-pursuit,run2,655
flooding-the-market,run1,443
flooding-the-market,run2,443
flowers-as-apology,run1,630
flowers-as-apology,run2,630
focused-ambition,run1,150
focused-ambition,run2,150
food-as-desire-metaphor,run1,761
foolish-hope,run2,485
foolishness-and-regret,run1,705
foolishness-and-regret,run2,705
forbidden-attraction,run1,199
forbidden-attraction,run1,668
forbidden-attraction,run2,199
forbidden-attraction,run2,668
forbidden-desire,run1,608
forbidden-desire,run2,608
forbidden-love,run1,647
forbidden-love,run2,647
forbidden-or-warned-against-relationship,run2,56
forbidden-romance,run1,258
forbidden-romance,run2,258
forced-emotional-denial,run2,833
forced-optimism,run1,833
forced-pretense,run2,217
forced-strength-and-resilience,run1,592
forced-strength-and-resilience,run2,592
forgiveness,run1,26
forgiveness,run1,161
forgiveness,run1,636
forgiveness,run1,652
forgiveness,run2,26
forgiveness,run2,636
forgiveness,run2,652
forgiveness-and-divine-justice,run2,161
forgiveness-and-forgetting,run1,448
forgiveness-and-forgetting,run2,448
forgotten-happiness,run1,703
forgotten-happiness,run2,703
fragile-new-romance,run1,212
fragile-new-romance,run2,212
free-spirited-woman,run1,714
free-spirited-woman,run2,714
freedom,run1,33
freedom,run1,76
freedom,run2,76
freedom-after-heartbreak,run2,830
freedom-and-adventure,run1,552
freedom-and-adventure,run2,552
freedom-and-availability,run1,836
freedom-and-availability,run2,836
freedom-and-elevation,run1,321
freedom-and-encouragement,run1,43
freedom-and-encouragement,run2,43
freedom-and-escape,run1,748
freedom-and-escape,run1,856
freedom-and-escape,run2,748
freedom-and-escape,run2,856
freedom-and-fun,run1,171
freedom-and-independence,run1,685
freedom-and-independence,run2,685
freedom-and-letting-loose,run1,687
freedom-and-letting-loose,run2,687
freedom-and-liberation,run1,181
freedom-and-liberation,run2,161
freedom-and-liberation,run2,181
freedom-and-pleasure,run1,173
freedom-and-pleasure,run2,173
freedom-and-rebellion,run1,777
freedom-and-rebellion,run2,777
freedom-and-restlessness,run1,686
freedom-and-restlessness,run2,686
freedom-and-spontaneity,run1,871
freedom-and-spontaneity,run2,503
freedom-and-transcendence,run1,409
freedom-and-wildness,run2,714
freedom-over-security,run2,540
freedom-vs-attachment,run2,180
fresh-start,run2,395
friday-night-fun,run1,348
friday-night-fun,run2,348
friday-payday-relief,run1,782
friday-payday-relief,run2,782
friend-zone,run1,214
friend-zone,run2,214
friends-with-benefits,run1,294
friends-with-benefits,run2,294
friendship,run1,519
friendship,run2,624
friendship-after-romance,run2,785
friendship-and-brotherhood,run2,99
friendship-and-brotherhood,run2,450
friendship-and-camaraderie,run2,655
friendship-and-camaraderie,run2,713
friendship-and-celebration,run1,450
friendship-and-community,run1,529
friendship-and-community,run1,548
friendship-and-community,run1,840
friendship-and-community,run2,548
friendship-and-community,run2,840
friendship-and-growing-apart,run1,138
friendship-and-growing-apart,run2,138
friendship-and-guidance,run1,76
friendship-and-loyalty,run1,12
friendship-and-loyalty,run1,99
friendship-and-loyalty,run1,126
friendship-and-loyalty,run2,12
friendship-and-loyalty,run2,126
friendship-and-loyalty,run2,283
friendship-and-social-bonds,run2,544
friendship-and-social-frustration,run2,390
friendship-and-solidarity,run1,395
friendship-and-support,run1,288
friendship-and-support,run1,324
friendship-and-support,run2,288
friendship-and-support,run2,324
friendship-turning-romantic,run2,38
friendship-turning-to-romance,run1,343
friendship-turning-to-romance,run2,343
frustration,run1,214
frustration,run1,273
frustration,run2,214
frustration,run2,273
frustration-and-exhaustion,run2,821
frustration-with-dating-norms,run1,84
frustration-with-dating-norms,run2,84
frustration-with-mixed-signals,run1,375
frustration-with-mixed-signals,run2,375
frustration-with-partner,run1,828
frustration-with-partner,run2,153
frustration-with-waiting,run1,672
frustration-with-waiting,run2,672
funeral-and-mourning-rituals,run1,710
futile-escape-attempts,run1,623
futility-of-distraction,run2,623
future-optimism-and-wealth,run1,695
gambling-metaphor,run1,531
gambling-metaphor,run2,531
game-playing-in-relationships,run1,189
gang-affiliation,run1,241
gang-affiliation,run1,358
gang-affiliation,run1,389
gang-affiliation,run2,318
gang-affiliation,run2,358
gang-affiliation,run2,368
gang-affiliation,run2,389
gang-affiliation,run2,645
gang-affiliation-and-street-credibility,run2,778
gang-loyalty,run1,54
gang-loyalty,run1,91
gang-loyalty,run1,316
gang-loyalty,run1,318
gang-loyalty,run1,329
gang-loyalty,run1,495
gang-loyalty,run1,535
gang-loyalty,run1,645
gang-loyalty,run1,756
gang-loyalty,run2,54
gang-loyalty,run2,91
gang-loyalty,run2,106
gang-loyalty,run2,316
gang-loyalty,run2,329
gang-loyalty,run2,495
gang-loyalty,run2,535
gang-loyalty,run2,756
gang-loyalty-and-threats,run1,34
gang-violence,run1,172
gang-violence-and-rivalry,run2,172
gangster-bravado,run1,6
gangster-imagery,run1,383
gangster-imagery,run2,383
gaslighting,run1,659
gaslighting,run2,659
gender-and-domestic-burden,run2,642
gender-curiosity,run1,240
gender-curiosity,run2,240
gender-expectations,run1,84
gender-expectations,run1,661
gender-expectations,run2,84
gender-expectations,run2,661
gender-perspective-exchange,run1,567
gender-perspective-exchange,run2,567
generational-change,run1,745
generational-family,run2,344
generational-fun,run2,157
generational-role-reversal,run2,442
generational-trauma,run1,298
generational-trauma,run2,298
generosity-and-providing,run1,489
generosity-and-spending,run2,489
generosity-in-love,run2,560
generosity-toward-partner,run2,103
genetic-identity,run1,156
genetic-identity,run2,156
genuine-intentions,run1,165
genuine-intentions,run2,165
geographic-travel,run2,48
geographic-wandering,run1,48
geographic-wandering,run2,63
getting-lost-in-love,run1,371
getting-ready,run1,11
getting-ready,run2,11
getting-ready-ritual,run1,360
getting-ready-ritual,run2,360
ghetto-upbringing,run2,814
gift-giving-and-care,run2,761
gift-giving-and-devotion,run1,761
gift-giving-and-romance,run1,435
gifting-and-material-rewards,run2,546
gifting-and-spending,run1,546
girl-squad-lifestyle,run2,504
giving-love-without-reciprocation,run1,560
glamorous-lifestyle,run1,62
glamour-and-appearance,run1,664
global-fame,run1,172
global-fame-and-travel,run1,498
global-reach,run1,145
global-reach,run2,145
global-reach,run2,216
glow-up,run1,143
goat-debate,run1,771
goat-debate,run2,771
goddess-divinity,run2,565
going-beyond-comfort-zone,run1,469
going-the-extra-mile,run2,469
going-with-the-flow,run2,194
gold-digging,run2,163
golden-hour,run2,669
golden-hour-light,run1,669
good-character,run1,693
good-girl-bad-boy-attraction,run1,699
good-girl-bad-boy-attraction,run2,699
good-girl-rebellion,run1,400
good-intentions-gone-sour,run1,562
good-intentions-gone-sour,run2,562
good-intentions-unrecognized,run1,551
good-intentions-unrecognized,run2,551
gossip-and-reputation,run1,632
gossip-and-reputation,run2,632
government-corruption,run1,701
government-overreach,run2,701
grandparenthood-and-legacy,run2,675
gratitude,run1,62
gratitude,run1,181
gratitude,run1,514
gratitude,run1,802
gratitude,run2,62
gratitude,run2,514
gratitude,run2,724
gratitude,run2,802
gratitude-and-appreciation,run1,96
gratitude-and-appreciation,run1,724
gratitude-and-appreciation,run2,96
gratitude-and-appreciation,run2,110
gratitude-and-contentment,run1,548
gratitude-and-contentment,run2,548
gratitude-and-devotion,run1,467
gratitude-and-devotion,run2,467
gratitude-and-roots,run2,138
gratitude-and-spiritual-reflection,run1,234
gratitude-and-spiritual-reflection,run2,234
gratitude-for-life,run1,406
gratitude-for-life,run2,406
gratitude-for-past-relationships,run1,287
gratitude-for-past-relationships,run2,287
gratitude-for-simple-life,run1,713
gratitude-for-simple-life,run2,713
gratitude-in-love,run2,42
gratitude-in-relationships,run1,42
gratitude-to-god,run1,603
gratitude-to-god,run2,603
gravity-of-attachment,run2,550
grief-and-death,run2,336
grief-and-longing,run1,463
grief-and-longing,run1,485
grief-and-longing,run2,731
grief-and-loss,run1,99
grief-and-loss,run1,112
grief-and-loss,run1,313
grief-and-loss,run1,316
grief-and-loss,run1,373
grief-and-loss,run1,385
grief-and-loss,run1,412
grief-and-loss,run1,442
grief-and-loss,run1,555
grief-and-loss,run1,618
grief-and-loss,run1,690
grief-and-loss,run1,731
grief-and-loss,run1,745
grief-and-loss,run1,777
grief-and-loss,run2,99
grief-and-loss,run2,112
grief-and-loss,run2,316
grief-and-loss,run2,373
grief-and-loss,run2,385
grief-and-loss,run2,410
grief-and-loss,run2,412
grief-and-loss,run2,434
grief-and-loss,run2,555
grief-and-loss,run2,618
grief-and-loss,run2,690
grief-and-loss,run2,734
grief-and-loss,run2,745
grief-and-loss,run2,777
grief-and-remembrance,run1,576
grief-and-remembrance,run2,576
grief-and-tears,run1,226
grief-and-tears,run2,226
group-camaraderie,run1,697
group-unity,run1,466
group-unity,run2,466
growing-obsession,run2,94
growing-up,run2,26
growing-up,run2,610
growing-up-and-changing-priorities,run1,840
growing-up-and-life-changes,run2,840
growing-up-and-lost-dreams,run1,258
growing-up-and-lost-dreams,run2,258
growing-up-and-lost-innocence,run2,602
growing-up-and-maturity,run1,26
growing-up-and-maturity,run1,602
growing-up-and-maturity,run1,882
growing-up-and-maturity,run2,882
growing-up-and-resilience,run1,610
growing-up-in-poverty,run1,316
growing-up-in-poverty,run2,316
growing-up-in-poverty,run2,618
guidance-and-reassurance,run1,760
guilt-and-apology,run1,513
guilt-and-apology,run1,827
guilt-and-apology,run2,513
guilt-and-complicity,run1,725
guilt-and-conscience,run2,351
guilt-and-forgiveness,run1,406
guilt-and-infidelity,run1,873
guilt-and-moral-compromise,run2,873
guilt-and-moral-conflict,run1,140
guilt-and-moral-conflict,run2,140
guilt-and-moral-conflict,run2,794
guilt-and-redemption,run1,682
guilt-and-redemption,run2,682
guilt-and-regret,run1,385
guilt-and-regret,run2,385
guilt-and-regret,run2,670
guilt-and-remorse,run1,336
guilt-and-remorse,run1,343
guilt-and-remorse,run2,343
guilt-and-secrets,run1,86
guilt-and-self-awareness,run1,663
guilt-and-shame,run1,351
guilt-and-shame,run2,86
guilt-and-shame,run2,688
guilt-and-unworthiness,run2,663
guilty-pleasure,run1,208
guilty-pleasure,run2,208
gun-culture,run1,241
gun-culture,run1,370
gun-culture,run2,370
gun-culture,run2,422
gun-culture-and-heritage,run2,692
gun-rights-and-heritage,run1,692
gun-violence,run1,98
gun-violence,run1,237
gun-violence,run1,422
gun-violence,run1,492
gun-violence,run2,98
gun-violence,run2,219
gun-violence,run2,237
gun-violence,run2,241
gun-violence,run2,492
guns-and-danger,run2,423
hangover-and-morning-after,run1,776
hangover-and-morning-after,run2,776
hangover-recovery,run1,429
hangover-recovery,run2,429
happiness-and-contentment,run1,852
happiness-and-contentment,run2,852
happiness-and-fulfillment,run2,64
hard-work-and-ambition,run1,96
hard-work-and-ambition,run2,96
hard-work-and-community,run2,323
hard-work-and-dedication,run1,109
hard-work-and-dedication,run2,109
hard-work-and-grind,run1,82
hard-work-and-sacrifice,run1,853
hard-work-and-sacrifice,run2,853
hardship-and-struggle,run1,817
hardship-and-struggle,run2,138
hardship-and-struggle,run2,817
hardship-and-survival,run1,329
hardship-of-leaving-home,run2,3
harlem-upbringing,run1,255
harlem-upbringing,run2,255
hater-defiance,run1,405
hater-defiance,run1,509
hater-defiance,run2,405
hater-defiance,run2,509
hater-dismissal,run1,118
hater-dismissal,run2,118
hater-dismissal,run2,256
hater-doubt,run2,478
hater-envy,run1,432
hater-envy,run2,246
hater-indifference,run1,299
hater-indifference,run2,299
hater-to-fan-conversion,run1,478
haters-and-clones,run1,34
haters-and-competition,run2,235
haters-and-critics,run1,109
haters-and-critics,run1,126
haters-and-critics,run2,126
haters-and-doubt,run2,719
haters-and-enemies,run2,358
haters-and-enemies,run2,411
haters-and-envy,run1,150
haters-and-envy,run1,213
haters-and-envy,run1,355
haters-and-envy,run2,150
haters-and-envy,run2,501
haters-and-fake-love,run1,526
haters-and-opposition,run1,75
haters-and-opposition,run1,174
haters-and-opposition,run2,174
haters-and-opposition,run2,432
haters-and-rivalry,run2,34
haters-and-rivalry,run2,430
haunted-by-memory,run1,706
haunted-by-memory,run2,706
haunting-by-an-ex,run1,794
haunting-by-an-ex,run2,794
haunting-guilt,run2,468
haunting-memories,run1,79
haunting-memories,run1,468
haunting-memories,run1,487
haunting-memories,run1,690
haunting-memories,run1,878
haunting-memories,run2,463
haunting-memories,run2,878
haunting-presence,run2,770
healing-and-recovery,run1,351
healing-and-recovery,run1,394
healing-and-recovery,run2,351
healing-and-recovery,run2,394
healing-and-renewal,run2,49
healing-from-past-hurt,run2,191
healing-through-connection,run1,875
healing-through-connection,run2,875
healing-through-intimacy,run2,132
healing-through-love,run1,132
healing-through-love,run1,191
healing-with-time,run2,324
healthy-relationship,run1,852
healthy-relationship,run2,852
heart-over-head,run2,201
heart-vs-head,run1,201
heartache-and-struggle,run1,804
heartbeat-of-love,run1,204
heartbeat-of-love,run2,204
heartbreak,run1,23
heartbreak,run1,40
heartbreak,run1,63
heartbreak,run1,168
heartbreak,run1,206
heartbreak,run1,226
heartbreak,run1,244
heartbreak,run1,259
heartbreak,run1,322
heartbreak,run1,324
heartbreak,run1,428
heartbreak,run1,459
heartbreak,run1,525
heartbreak,run1,531
heartbreak,run1,664
heartbreak,run1,666
heartbreak,run1,795
heartbreak,run1,800
heartbreak,run2,23
heartbreak,run2,40
heartbreak,run2,63
heartbreak,run2,168
heartbreak,run2,226
heartbreak,run2,259
heartbreak,run2,289
heartbreak,run2,322
heartbreak,run2,324
heartbreak,run2,428
heartbreak,run2,459
heartbreak,run2,491
heartbreak,run2,525
heartbreak,run2,531
heartbreak,run2,545
heartbreak,run2,664
heartbreak,run2,666
heartbreak,run2,743
heartbreak,run2,795
heartbreak,run2,800
heartbreak-and-abandonment,run1,424
heartbreak-and-abandonment,run1,731
heartbreak-and-abandonment,run1,744
heartbreak-and-abandonment,run2,424
heartbreak-and-abandonment,run2,731
heartbreak-and-abandonment,run2,744
heartbreak-and-betrayal,run1,201
heartbreak-and-betrayal,run1,350
heartbreak-and-betrayal,run1,394
heartbreak-and-betrayal,run1,612
heartbreak-and-betrayal,run1,705
heartbreak-and-betrayal,run2,201
heartbreak-and-betrayal,run2,288
heartbreak-and-betrayal,run2,350
heartbreak-and-betrayal,run2,394
heartbreak-and-betrayal,run2,490
heartbreak-and-betrayal,run2,612
heartbreak-and-betrayal,run2,705
heartbreak-and-despair,run1,803
heartbreak-and-despair,run2,803
heartbreak-and-emotional-pain,run1,460
heartbreak-and-emotional-pain,run1,676
heartbreak-and-emotional-pain,run2,676
heartbreak-and-emotional-pain,run2,810
heartbreak-and-grief,run1,832
heartbreak-and-lingering-feelings,run2,376
heartbreak-and-loneliness,run1,529
heartbreak-and-loneliness,run1,582
heartbreak-and-loneliness,run2,529
heartbreak-and-loneliness,run2,582
heartbreak-and-longing,run1,275
heartbreak-and-longing,run1,677
heartbreak-and-longing,run2,275
heartbreak-and-longing,run2,677
heartbreak-and-loss,run1,46
heartbreak-and-loss,run1,124
heartbreak-and-loss,run1,300
heartbreak-and-loss,run1,333
heartbreak-and-loss,run1,376
heartbreak-and-loss,run1,431
heartbreak-and-loss,run1,463
heartbreak-and-loss,run1,472
heartbreak-and-loss,run1,485
heartbreak-and-loss,run1,563
heartbreak-and-loss,run1,571
heartbreak-and-loss,run1,581
heartbreak-and-loss,run1,593
heartbreak-and-loss,run1,597
heartbreak-and-loss,run1,602
heartbreak-and-loss,run1,627
heartbreak-and-loss,run1,670
heartbreak-and-loss,run1,683
heartbreak-and-loss,run1,706
heartbreak-and-loss,run1,743
heartbreak-and-loss,run1,749
heartbreak-and-loss,run1,763
heartbreak-and-loss,run1,850
heartbreak-and-loss,run1,858
heartbreak-and-loss,run1,870
heartbreak-and-loss,run1,878
heartbreak-and-loss,run2,46
heartbreak-and-loss,run2,124
heartbreak-and-loss,run2,206
heartbreak-and-loss,run2,300
heartbreak-and-loss,run2,333
heartbreak-and-loss,run2,431
heartbreak-and-loss,run2,463
heartbreak-and-loss,run2,472
heartbreak-and-loss,run2,485
heartbreak-and-loss,run2,563
heartbreak-and-loss,run2,571
heartbreak-and-loss,run2,593
heartbreak-and-loss,run2,597
heartbreak-and-loss,run2,602
heartbreak-and-loss,run2,627
heartbreak-and-loss,run2,670
heartbreak-and-loss,run2,683
heartbreak-and-loss,run2,706
heartbreak-and-loss,run2,749
heartbreak-and-loss,run2,763
heartbreak-and-loss,run2,824
heartbreak-and-loss,run2,850
heartbreak-and-loss,run2,858
heartbreak-and-loss,run2,870
heartbreak-and-loss,run2,878
heartbreak-and-lost-love,run2,702
heartbreak-and-moving-on,run1,629
heartbreak-and-moving-on,run1,726
heartbreak-and-moving-on,run2,726
heartbreak-and-not-moving-on,run1,289
heartbreak-and-pain,run1,38
heartbreak-and-pain,run1,792
heartbreak-and-pain,run1,824
heartbreak-and-pain,run2,38
heartbreak-and-pain,run2,373
heartbreak-and-pain,run2,792
heartbreak-and-regret,run1,433
heartbreak-and-regret,run2,433
heartbreak-and-resilience,run2,482
heartbreak-and-revenge,run1,857
heartbreak-and-revenge,run2,857
heartbreak-and-separation,run2,187
heartbreak-and-suffering,run1,262
heartbreak-and-suffering,run2,262
heartbreak-and-suffering,run2,832
heartbreak-and-tears,run1,606
heartbreak-and-tears,run2,606
heartbreak-and-vulnerability,run2,169
heartbreak-pain,run1,623
heartbreak-pain,run2,623
heartbreaker-warning,run1,566
heartlessness,run2,659
heartlessness-in-relationships,run1,432
heat-and-energy,run1,466
heat-and-energy,run2,466
heat-and-fire-metaphor,run2,335
heat-and-passion,run1,335
heat-as-metaphor,run1,766
heat-as-metaphor,run2,766
heaven-and-afterlife,run2,548
heaven-and-the-afterlife,run1,548
heaven-sent-love,run2,652
heavenly-imagery,run1,353
heavy-drinking,run1,723
heavy-drinking,run2,723
hedonism-and-excess,run1,30
hedonistic-lifestyle,run2,860
hedonistic-partying,run1,75
hedonistic-partying,run2,30
hedonistic-partying,run2,75
helpless-surrender,run1,722
helplessness,run1,273
helplessness,run2,273
helplessness,run2,722
helplessness-in-love,run1,686
helplessness-in-love,run2,686
heritage-and-legacy,run2,156
hero-villain-duality,run2,667
heroic-devotion,run1,43
heroic-devotion,run2,43
hesitation-and-caution,run1,18
hesitation-to-reach-out,run1,275
hesitation-to-reconnect,run2,275
hidden-danger,run2,21
hidden-emotional-struggle,run2,592
hidden-feelings,run1,557
hidden-feelings,run2,284
hidden-feelings,run2,557
hidden-feelings,run2,584
hidden-grief,run2,459
hidden-heartbreak,run1,257
hidden-heartbreak,run2,257
hidden-inner-struggle,run1,592
hidden-inner-turmoil,run2,567
hidden-intimacy,run1,285
hidden-intimacy,run2,285
hidden-intimacy,run2,363
hidden-intimacy,run2,402
hidden-mutual-interest,run2,327
hidden-pain,run1,650
hidden-pain,run2,650
hidden-pain-and-longing,run2,747
hidden-romance,run1,363
hidden-sadness,run1,703
hidden-sadness,run2,703
hidden-trauma,run1,21
hidden-truth-and-deception,run2,858
hidden-wild-side,run1,36
hidden-wild-side,run2,36
hiding-pain-behind-a-facade,run1,677
hiding-pain-behind-a-facade,run2,677
hiding-pain-from-others,run1,449
hiding-pain-from-others,run2,449
hiding-true-feelings,run1,534
hiding-true-feelings,run2,534
history-in-the-making,run2,629
holding-on,run1,83
holding-on,run1,781
holding-on,run2,83
holding-on,run2,781
holding-onto-memories,run1,485
holding-onto-memories,run2,485
holding-onto-the-past,run1,798
holding-onto-the-past,run2,798
holiday-cheer,run1,624
holiday-cheer,run2,624
holiday-romance,run1,541
holiday-romance,run2,541
hollow-success,run1,670
hollywood-nightlife,run1,75
hollywood-nightlife,run2,75
home-as-a-person,run1,446
home-as-a-person,run2,446
home-is-wherever-you-roam,run1,714
home-is-wherever-you-roam,run2,714
home-transformed-by-absence,run1,878
home-transformed-by-absence,run2,878
homesickness-and-nostalgia,run1,807
homesickness-and-roots,run2,807
hometown-longing,run1,138
hometown-longing,run2,138
hometown-loyalty,run2,453
hometown-pride,run1,391
hometown-pride,run1,651
hometown-pride,run2,292
hometown-pride,run2,651
hometown-roots,run1,710
hometown-roots,run2,710
hometown-vs-big-city,run1,519
hometown-vs-big-city,run2,519
honesty-and-acceptance,run1,785
honesty-and-authenticity,run1,74
honesty-and-conflict,run1,2
honesty-and-directness,run1,288
honesty-and-maturity,run2,785
honesty-and-transparency,run1,269
honesty-and-transparency,run2,74
honesty-and-transparency,run2,269
honesty-with-loved-ones,run1,882
honeymoon-and-newlywed-life,run2,675
hood-dominance,run2,492
hood-lifestyle-and-authenticity,run1,90
hood-origins,run1,416
hood-origins,run2,248
hood-origins,run2,416
hood-origins-and-identity,run1,352
hookup-culture,run2,17
hope-amid-crisis,run1,8
hope-amid-crisis,run2,8
hope-amid-despair,run1,179
hope-amid-despair,run1,689
hope-amid-despair,run2,179
hope-amid-despair,run2,365
hope-amid-pain,run2,781
hope-amid-struggle,run2,47
hope-amid-vastness,run1,845
hope-and-aspiration,run1,176
hope-and-change,run1,875
hope-and-disappointment,run1,597
hope-and-disappointment,run2,597
hope-and-disappointment,run2,851
hope-and-disillusionment,run2,642
hope-and-dreams,run1,542
hope-and-dreams,run2,542
hope-and-empowerment,run1,128
hope-and-empowerment,run2,128
hope-and-encouragement,run1,129
hope-and-healing,run1,324
hope-and-longing,run1,568
hope-and-optimism,run1,84
hope-and-optimism,run1,503
hope-and-perseverance,run2,516
hope-and-resilience,run1,781
hope-and-will-to-live,run2,129
hope-and-wishful-thinking,run1,80
hope-and-wishful-thinking,run2,80
hope-beyond-this-life,run1,855
hope-despite-flaws,run2,215
hope-for-a-better-future,run1,141
hope-for-a-better-future,run1,516
hope-for-a-better-future,run2,141
hope-for-a-better-life,run1,642
hope-for-a-shared-future,run2,387
hope-for-afterlife,run1,406
hope-for-afterlife,run2,406
hope-for-change,run1,434
hope-for-change,run1,703
hope-for-change,run2,703
hope-for-change-of-heart,run2,116
hope-for-compromise,run2,730
hope-for-future-love,run1,287
hope-for-future-love,run2,287
hope-for-future-love,run2,324
hope-for-lasting-love,run1,511
hope-for-lasting-love,run1,799
hope-for-lasting-love,run2,511
hope-for-lasting-love,run2,799
hope-for-love,run1,215
hope-for-love,run2,84
hope-for-new-love,run1,705
hope-for-new-love,run2,705
hope-for-others,run1,512
hope-for-reconciliation,run1,626
hope-for-reconciliation,run1,822
hope-for-reconciliation,run2,626
hope-for-reconciliation,run2,635
hope-for-reconciliation,run2,822
hope-for-reunion,run1,635
hope-for-reunion,run2,591
hope-for-togetherness,run2,28
hope-in-darkness,run1,448
hope-through-connection,run1,365
hope-through-hardship,run1,47
hope-versus-doubt,run2,188
hopeful-commitment,run1,629
hopeful-commitment,run2,629
hopelessness,run1,774
hopelessness,run2,774
hopelessness-and-perseverance,run1,449
hopelessness-and-perseverance,run2,449
hoping-for-better-days,run1,609
horse-sleigh-riding,run1,621
hospitality-and-welcome,run1,14
hospitality-and-welcome,run2,14
hostile-world,run2,224
hot-girl-summer-lifestyle,run2,359
houston-pride,run2,35
human-connection,run1,267
human-connection,run2,267
human-fallibility,run1,60
human-fallibility,run1,557
human-fallibility,run2,557
human-imperfection,run1,882
human-imperfection,run2,882
human-nature,run2,347
humble-beginnings,run1,607
humble-beginnings,run2,607
humble-beginnings,run2,634
humble-origins-and-upward-mobility,run1,133
humility-and-ego-check,run1,104
humility-and-ego-check,run2,104
humility-and-kindness,run1,96
humility-and-kindness,run2,96
humility-and-pride,run1,867
humility-and-pride,run2,867
humility-and-self-awareness,run1,716
humility-and-self-awareness,run2,716
humility-and-spiritual-struggle,run2,160
hurtful-words,run2,635
hustle-and-ambition,run1,443
hustle-and-ambition,run1,489
hustle-and-ambition,run2,156
hustle-and-ambition,run2,443
hustle-and-grind,run1,113
hustle-and-grind,run1,229
hustle-and-grind,run1,372
hustle-and-grind,run1,447
hustle-and-grind,run1,553
hustle-and-grind,run1,583
hustle-and-grind,run1,758
hustle-and-grind,run2,113
hustle-and-grind,run2,225
hustle-and-grind,run2,229
hustle-and-grind,run2,372
hustle-and-grind,run2,436
hustle-and-grind,run2,447
hustle-and-grind,run2,553
hustle-and-grind,run2,583
hustle-and-hard-work,run2,758
hustle-and-money,run1,528
hustle-and-money,run2,528
hustle-and-providing,run1,547
hustle-and-providing,run2,547
hustle-and-self-made-success,run1,65
hustle-and-self-made-success,run1,405
hustle-and-self-reliance,run1,829
hustle-and-self-reliance,run2,829
hustle-and-survival,run2,358
hustle-and-work-ethic,run1,133
hustle-and-work-ethic,run2,122
hustle-and-work-ethic,run2,133
hustle-mentality,run2,65
hustler-mentality,run1,357
hustler-mentality,run2,357
hustling-from-poverty-to-success,run1,556
hype-energy,run2,157
hypnotic-presence,run2,353
hypocrisy,run1,725
hypocrisy,run1,809
hypocrisy,run1,869
hypocrisy,run2,725
hypocrisy,run2,809
hypocrisy-in-faith,run1,663
hypocrisy-of-faith,run2,663
hypothetical-reunion,run1,415
iced-out-jewelry,run1,178
iced-out-jewelry,run2,178
iconic-couple-inspiration,run2,620
iconic-couples-as-inspiration,run1,620
ideal-partner,run1,512
ideal-partner,run2,512
idealization-of-a-person,run1,83
idealization-of-a-person,run2,83
idealization-of-a-person,run2,761
idealization-of-a-woman,run1,427
idealization-of-a-woman,run1,707
idealization-of-a-woman,run2,427
idealization-of-a-woman,run2,707
idealization-of-lover,run1,594
idealization-of-partner,run1,64
idealization-of-partner,run2,64
idealized-attraction,run1,79
idealized-beauty,run1,250
idealized-beauty,run1,371
idealized-beauty,run2,250
idealized-love,run1,239
idealized-love,run2,239
idealized-love-fantasy,run1,783
idealized-love-fantasy,run2,783
idealized-memory,run1,708
idealized-partner,run1,469
idealized-perfection,run1,620
idealized-perfection,run2,620
idealized-relationship,run1,27
idealized-relationship,run2,27
idealized-romance,run1,84
idealized-romance,run2,84
idealized-romance,run2,708
idealized-self-image,run2,79
identity-and-destiny,run1,864
identity-and-destiny,run2,864
identity-and-image,run1,113
identity-and-interchangeability,run1,468
identity-and-place,run1,760
identity-and-self,run2,760
identity-and-self-definition,run1,224
identity-and-self-definition,run2,224
identity-and-self-image,run1,742
identity-and-self-image,run2,742
identity-crisis,run1,206
identity-crisis,run1,592
identity-crisis,run2,206
identity-erasure,run2,468
identity-in-god,run1,330
identity-in-god,run2,330
identity-loss,run1,24
identity-reinvention,run1,137
identity-reinvention,run2,137
identity-under-pressure,run1,821
idol-worship,run1,843
idol-worship,run2,843
ignored-warning-signs,run2,792
ignored-warnings,run1,611
ignoring-better-judgment,run1,563
ignoring-better-judgment,run2,563
ignoring-criticism,run1,162
ignoring-criticism,run2,162
ignoring-doubters,run1,864
ignoring-doubters,run2,864
ignoring-others-opinions,run1,77
ignoring-others-opinions,run2,77
illusion-and-self-deception,run1,471
illusion-and-self-deception,run2,471
imitation-and-clout,run2,225
impatience-with-games,run1,188
impatience-with-games,run2,188
imperfect-love,run2,507
imperfect-relationship,run1,827
imperfect-relationship,run2,827
imperfect-romance,run1,100
imperfection-acceptance,run1,374
imperfection-acceptance,run2,374
imperfection-and-striving,run1,267
imperfection-and-striving,run2,267
imperfection-as-beauty,run2,622
impermanence,run1,686
impermanence,run2,686
impermanence-of-things,run1,473
impermanence-of-things,run2,473
impossible-standards,run1,821
impossible-standards,run2,821
imprisonment,run2,682
impulsive-choices,run1,289
impulsive-decisions,run2,289
inability-to-commit,run1,856
inability-to-commit,run2,392
inability-to-commit,run2,856
inability-to-escape,run1,332
inability-to-forget,run1,571
inability-to-forget,run1,855
inability-to-forget,run2,428
inability-to-forget,run2,855
inability-to-leave,run1,684
inability-to-leave,run2,684
inability-to-let-go,run1,226
inability-to-let-go,run1,511
inability-to-let-go,run1,865
inability-to-let-go,run2,223
inability-to-let-go,run2,226
inability-to-let-go,run2,332
inability-to-let-go,run2,493
inability-to-let-go,run2,511
inability-to-let-go,run2,865
inability-to-love,run1,392
inability-to-move-on,run1,168
inability-to-move-on,run1,302
inability-to-move-on,run1,398
inability-to-move-on,run1,428
inability-to-move-on,run1,485
inability-to-move-on,run1,534
inability-to-move-on,run1,612
inability-to-move-on,run1,623
inability-to-move-on,run1,627
inability-to-move-on,run1,700
inability-to-move-on,run1,763
inability-to-move-on,run1,795
inability-to-move-on,run1,813
inability-to-move-on,run2,46
inability-to-move-on,run2,120
inability-to-move-on,run2,302
inability-to-move-on,run2,485
inability-to-move-on,run2,534
inability-to-move-on,run2,571
inability-to-move-on,run2,612
inability-to-move-on,run2,623
inability-to-move-on,run2,627
inability-to-move-on,run2,700
inability-to-move-on,run2,763
inability-to-move-on,run2,795
inability-to-move-on,run2,800
inability-to-move-on,run2,813
inability-to-resist,run2,94
inability-to-save-each-other,run1,303
inability-to-save-each-other,run2,303
inadequacy-of-words,run1,665
inadequacy-of-words,run2,665
inauthenticity-in-relationships,run1,741
inauthenticity-in-relationships,run2,741
incarceration,run1,336
incarceration,run2,336
incarceration-and-legal-struggle,run2,556
inclusivity,run1,326
inclusivity-and-welcome,run2,326
incompatibility,run1,44
incompatibility,run1,453
incompatibility,run1,539
incompatibility,run2,26
incompatibility,run2,44
incompatibility,run2,453
incompatibility,run2,539
incompatibility-acceptance,run1,415
incompatibility-acceptance,run2,415
incompatibility-in-relationships,run1,730
incompatibility-in-relationships,run2,730
indecision,run1,274
indecision-in-relationship,run1,153
indecisiveness,run1,31
indecisiveness,run2,31
indecisiveness-and-mixed-signals,run1,798
independence,run1,62
independence,run1,161
independence,run1,600
independence,run1,636
independence,run1,660
independence,run2,62
independence,run2,135
independence,run2,288
independence,run2,427
independence,run2,600
independence,run2,636
independence,run2,728
independence,run2,757
independence-and-control,run1,408
independence-and-control,run2,388
independence-and-freedom,run1,726
independence-and-freedom,run2,299
independence-and-freedom,run2,726
independence-and-power,run2,709
independence-and-self-reliance,run1,184
independence-and-self-reliance,run2,184
independence-and-self-reliance,run2,248
independence-and-self-sufficiency,run1,45
independence-and-self-sufficiency,run1,295
independence-and-self-sufficiency,run2,45
independence-and-solitude,run1,19
independence-and-solitude,run2,19
independence-and-solo-lifestyle,run1,522
independence-and-solo-lifestyle,run2,522
independence-and-unavailability,run1,709
independence-from-men,run1,359
independence-from-men,run1,767
independence-from-men,run2,359
independence-from-men,run2,767
independence-from-relationships,run1,283
independence-from-relationships,run1,754
independence-from-relationships,run2,754
independent-woman,run1,728
indifference-and-closure,run1,717
indifference-and-confidence,run1,691
indifference-and-moving-on,run2,741
indifference-to-ceremony,run2,710
indifference-to-criticism,run1,694
indifference-to-crowd,run1,291
indifference-to-haters,run1,447
indifference-to-haters,run2,447
indifference-to-haters,run2,694
indifference-to-others,run2,291
indifference-to-others,run2,680
indifference-to-others-opinions,run1,796
indifference-to-social-judgment,run1,482
indifference-to-social-judgment,run2,482
indifference-toward-ex,run1,277
indifference-toward-ex,run2,717
individual-freedom,run1,44
individual-identity,run2,44
individuality,run1,33
individuality,run2,33
indulgence-and-pleasure,run1,18
indulgence-and-vices,run1,730
indulgence-and-vices,run2,730
industry-cutthroat-nature,run1,211
industry-disillusionment,run2,211
industry-dominance,run1,478
industry-opposition,run1,727
industry-opposition,run2,727
industry-pressure,run1,860
industry-pressure,run2,860
ineffective-coping-mechanisms,run2,233
ineffectiveness-of-alcohol,run2,571
inescapable-emotion,run1,737
inescapable-emotion,run2,737
inescapable-memory,run1,791
inescapable-memory,run1,800
inescapable-memory,run2,800
inevitability-of-departure,run1,686
inevitability-of-departure,run2,686
inevitable-downfall,run1,876
inevitable-heartbreak,run1,665
inevitable-heartbreak,run2,665
inevitable-heartbreak,run2,854
inevitable-outcome,run1,615
inevitable-outcome,run2,615
inexplicable-attraction,run1,139
inexplicable-attraction,run2,139
infatuation,run1,251
infatuation,run1,427
infatuation,run1,552
infatuation,run1,712
infatuation,run2,251
infatuation,run2,610
infatuation-and-longing,run2,552
infatuation-and-obsession,run1,167
infatuation-and-obsession,run2,167
infidelity,run1,69
infidelity,run1,71
infidelity,run1,86
infidelity,run1,112
infidelity,run1,114
infidelity,run1,244
infidelity,run1,249
infidelity,run1,278
infidelity,run1,324
infidelity,run1,582
infidelity,run2,69
infidelity,run2,71
infidelity,run2,86
infidelity,run2,249
infidelity,run2,324
infidelity,run2,582
infidelity,run2,739
infidelity-and-apology,run1,89
infidelity-and-apology,run2,89
infidelity-and-betrayal,run1,343
infidelity-and-betrayal,run1,739
infidelity-and-betrayal,run1,747
infidelity-and-betrayal,run2,60
infidelity-and-betrayal,run2,244
infidelity-and-betrayal,run2,343
infidelity-and-betrayal,run2,649
infidelity-and-betrayal,run2,747
infidelity-and-jealousy,run2,787
infidelity-and-temptation,run2,759
infidelity-and-unapologetic-attitude,run1,30
infidelity-betrayal,run2,841
infidelity-indifference,run2,496
infidelity-or-betrayal,run1,52
infidelity-suspicion,run1,639
infidelity-suspicion,run1,787
infidelity-suspicion,run2,29
infidelity-suspicion,run2,639
infidelity-temptation,run1,228
infidelity-temptation,run1,494
infidelity-temptation,run2,228
infidelity-temptation,run2,494
influence-on-a-partner,run1,791
informal-spirituality,run1,548
informal-spirituality,run2,548
informant-betrayal,run2,718
ingratitude,run1,280
ingratitude,run2,280
inherited-beauty,run2,796
inherited-trauma,run1,731
inherited-trauma,run2,731
initiation-ritual,run2,21
inner-beauty,run1,354
inner-beauty,run2,128
inner-beauty-and-self-worth,run1,128
inner-conflict,run1,227
inner-conflict,run1,245
inner-conflict,run1,261
inner-conflict,run1,265
inner-conflict,run1,751
inner-conflict,run2,227
inner-conflict,run2,245
inner-conflict,run2,261
inner-conflict,run2,265
inner-conflict,run2,351
inner-conflict,run2,751
inner-conflict,run2,822
inner-conflict-and-demons,run2,866
inner-darkness,run1,252
inner-darkness,run2,252
inner-darkness-and-self-doubt,run1,875
inner-darkness-and-self-doubt,run2,875
inner-demons,run1,329
inner-demons,run1,781
inner-demons,run1,812
inner-demons,run2,781
inner-demons,run2,812
inner-demons-and-struggle,run2,329
inner-depth-and-persistence,run1,448
inner-emptiness,run1,293
inner-emptiness,run2,293
inner-fire-and-resilience,run2,19
inner-goodness-of-partner,run2,354
inner-hope-and-optimism,run2,448
inner-mental-turmoil,run2,217
inner-motivation,run1,580
inner-motivation,run2,580
inner-peace,run1,420
inner-peace-and-conflict,run1,192
inner-rage,run1,876
inner-strength,run1,19
inner-strength,run1,108
inner-strength,run2,108
inner-strength-and-resilience,run1,523
inner-strength-and-resilience,run2,523
inner-struggle,run1,330
inner-struggle,run1,866
inner-struggle,run2,56
inner-struggles-and-dreams,run2,443
inner-turmoil,run1,217
inner-turmoil,run2,80
inner-voices,run1,499
insatiable-appetite,run1,848
insatiable-appetite,run2,848
insecurity,run2,628
insecurity-and-masculinity,run1,366
insecurity-and-peer-pressure,run2,640
insecurity-and-self-doubt,run1,5
insecurity-and-self-doubt,run1,628
insecurity-and-self-doubt,run2,5
insecurity-in-love,run1,419
inseparability,run1,620
inseparability,run1,734
inseparability,run2,620
inseparability,run2,734
inseparable-togetherness,run1,413
inseparable-togetherness,run1,510
inseparable-togetherness,run2,510
insomnia-and-nightmares,run1,638
instant-attraction,run1,70
instant-attraction,run1,269
instant-attraction,run1,835
instant-attraction,run2,269
instant-attraction,run2,835
instant-connection,run1,187
instant-romantic-connection,run2,187
intellectual-ownership,run2,814
intense-attraction,run1,51
intense-attraction,run1,826
intense-attraction,run2,51
intense-passion,run2,699
intense-passionate-love,run1,232
intense-passionate-love,run2,232
intense-physical-desire,run1,825
intense-physical-desire,run2,825
intense-romantic-desire,run1,671
intense-romantic-passion,run1,803
intergenerational-wisdom,run1,588
internal-conflict,run1,615
internet-culture-mockery,run1,645
internet-culture-mockery,run2,645
intimacy,run1,101
intimacy,run1,251
intimacy,run2,251
intimacy,run2,560
intimacy,run2,708
intimacy-and-closeness,run1,761
intimacy-and-closeness,run1,794
intimacy-and-closeness,run1,871
intimacy-and-closeness,run2,514
intimacy-and-closeness,run2,871
intimacy-and-companionship,run1,560
intimacy-and-connection,run1,567
intimacy-and-desire,run1,361
intimacy-and-desire,run2,101
intimacy-and-desire,run2,361
intimacy-and-desire,run2,625
intimacy-and-domesticity,run1,612
intimacy-and-domesticity,run2,612
intimacy-and-doubt,run2,794
intimacy-and-escapism,run1,684
intimacy-and-hookup,run2,444
intimacy-and-loss,run2,698
intimacy-and-privacy,run1,740
intimacy-and-privacy,run1,825
intimacy-and-privacy,run2,740
intimacy-and-romance,run1,14
intimacy-and-romance,run2,14
intimacy-and-sensuality,run1,549
intimacy-and-solitude,run1,697
intimacy-and-togetherness,run2,208
intimacy-and-togetherness,run2,697
intimacy-and-warmth,run1,863
intimacy-over-nightlife,run1,360
intimacy-over-nightlife,run2,360
intimate-atmosphere,run1,625
intimate-atmosphere,run2,93
intimate-connection,run1,22
intimate-connection,run2,22
intimate-dancing,run1,193
intimate-dancing,run2,193
intimate-escape,run2,27
intimate-exploration,run1,102
intimate-familiarity,run1,107
intimate-familiarity,run2,107
intimate-influence,run2,791
intimate-moments,run1,64
intimidation-and-dominance,run1,535
intimidation-and-dominance,run1,727
intimidation-and-dominance,run2,727
intoxicating-attraction,run1,285
intoxicating-attraction,run1,605
intoxicating-attraction,run2,600
intoxicating-attraction,run2,605
intoxicating-desire,run1,805
intoxicating-desire,run2,805
intoxicating-influence,run1,826
intoxicating-love,run1,56
intoxicating-love,run2,285
intoxicating-presence,run2,728
intoxicating-relationship,run1,139
intoxicating-relationship,run2,826
intoxication,run1,238
intoxication,run1,321
intoxication,run1,451
intoxication,run2,238
intoxication,run2,321
intoxication,run2,451
intoxication-and-euphoria,run1,361
intoxication-and-euphoria,run2,361
intoxication-and-hype,run1,154
intoxication-and-indulgence,run1,164
intoxication-and-indulgence,run2,164
intoxication-and-lean,run1,368
intoxication-and-lean,run2,368
intoxication-and-losing-control,run2,880
intoxication-and-numbness,run2,139
intoxication-and-recklessness,run1,700
intoxication-and-recklessness,run2,700
intoxication-and-substances,run1,658
intoxication-and-vulnerability,run1,199
intoxication-as-escapism,run2,493
intoxication-metaphor,run1,207
intoxication-metaphor,run2,207
introversion,run1,39
introversion,run2,39
invisibility-and-neglect,run1,382
invisibility-and-neglect,run2,382
invisibility-in-a-relationship,run2,649
invitation-to-intimacy,run2,646
irony-and-dark-humor,run1,630
irony-and-sarcasm,run1,828
irrational-behavior-in-love,run1,271
irrational-behavior-in-love,run2,271
irreplaceable-love,run1,60
irreplaceable-love,run1,768
irreplaceable-love,run2,60
irreplaceable-love,run2,467
irreplaceable-partner,run1,517
irreplaceable-partner,run1,707
irreplaceable-partner,run1,855
irreplaceable-partner,run2,517
irreplaceable-partner,run2,768
irreplaceable-partner,run2,855
irreplaceable-relationships,run1,550
irresistibility,run1,63
irresistibility,run2,63
irresistible-allure,run1,728
irresistible-allure,run2,728
irresistible-attraction,run1,10
irresistible-attraction,run1,228
irresistible-attraction,run1,254
irresistible-attraction,run1,290
irresistible-attraction,run1,327
irresistible-attraction,run1,397
irresistible-attraction,run1,466
irresistible-attraction,run1,626
irresistible-attraction,run1,681
irresistible-attraction,run1,854
irresistible-attraction,run2,10
irresistible-attraction,run2,207
irresistible-attraction,run2,228
irresistible-attraction,run2,254
irresistible-attraction,run2,290
irresistible-attraction,run2,397
irresistible-attraction,run2,466
irresistible-attraction,run2,626
irresistible-attraction,run2,681
irresistible-love,run1,458
irresistible-physical-sensation,run2,9
irresistible-power,run2,247
irresistible-temptation,run1,296
irresistible-temptation,run1,770
irresistible-temptation,run2,296
irresistible-temptation,run2,770
irresistible-urge-to-dance,run1,9
irreversible-separation,run1,555
irreversible-separation,run2,555
irreversible-transformation,run1,207
isolation-and-alienation,run2,108
isolation-and-burden,run2,667
isolation-and-concealment,run1,342
isolation-and-confinement,run1,124
isolation-and-confinement,run2,124
isolation-and-disorientation,run1,474
isolation-and-disorientation,run2,474
isolation-and-inner-darkness,run2,68
isolation-and-lack-of-support,run1,104
isolation-and-lack-of-support,run2,104
isolation-and-loneliness,run1,49
isolation-and-loneliness,run1,449
isolation-and-loneliness,run1,731
isolation-and-loneliness,run1,839
isolation-and-loneliness,run1,858
isolation-and-loneliness,run2,449
isolation-and-loneliness,run2,722
isolation-and-loneliness,run2,731
isolation-and-loneliness,run2,839
isolation-and-loss,run2,21
isolation-and-self-reliance,run1,270
isolation-and-self-reliance,run2,270
isolation-and-solitude,run1,502
isolation-and-solitude,run2,502
isolation-as-protection,run1,735
isolation-as-protection,run2,735
isolation-at-the-top,run1,667
isolation-from-friends,run2,463
isolation-from-loved-ones,run2,830
isolation-together,run2,437
isolation-with-lover,run1,363
isolation-with-lover,run2,363
jealousy,run1,24
jealousy,run1,38
jealousy,run1,120
jealousy,run1,136
jealousy,run1,215
jealousy,run1,261
jealousy,run1,307
jealousy,run1,628
jealousy,run2,24
jealousy,run2,38
jealousy,run2,136
jealousy,run2,215
jealousy,run2,261
jealousy,run2,307
jealousy,run2,322
jealousy,run2,468
jealousy,run2,628
jealousy,run2,832
jealousy-and-betrayal,run1,832
jealousy-and-bitterness,run1,593
jealousy-and-bitterness,run2,593
jealousy-and-comparison,run2,639
jealousy-and-fake-friends,run1,671
jealousy-and-fake-friends,run2,671
jealousy-and-freedom,run1,539
jealousy-and-games,run1,81
jealousy-and-games,run2,81
jealousy-and-haters,run1,55
jealousy-and-haters,run2,55
jealousy-and-humiliation,run2,491
jealousy-and-insecurity,run1,463
jealousy-and-insecurity,run2,463
jealousy-and-longing,run1,376
jealousy-and-longing,run2,376
jealousy-and-outside-interference,run1,41
jealousy-and-outside-interference,run2,41
jealousy-and-possessiveness,run1,363
jealousy-and-possessiveness,run1,364
jealousy-and-possessiveness,run1,508
jealousy-and-possessiveness,run2,53
jealousy-and-possessiveness,run2,120
jealousy-and-possessiveness,run2,363
jealousy-and-possessiveness,run2,508
jealousy-and-pride,run1,53
jealousy-and-rage,run1,574
jealousy-and-rage,run2,574
jealousy-and-replacement,run1,202
jealousy-and-replacement,run1,491
jealousy-and-replacement,run1,747
jealousy-and-replacement,run2,747
jealousy-and-resentment-from-others,run2,377
jealousy-and-rivalry,run1,315
jealousy-and-rivalry,run1,870
jealousy-and-rivalry,run2,281
jealousy-and-rivalry,run2,315
jealousy-and-rivalry,run2,691
jealousy-and-sabotage,run2,311
jealousy-and-suspicion,run1,29
jealousy-from-others,run2,483
jealousy-of-new-partner,run1,468
jealousy-over-ex,run2,637
jealousy-over-new-partner,run1,50
jealousy-over-new-partner,run1,637
jealousy-over-new-partner,run1,850
jealousy-over-new-partner,run2,50
jealousy-over-new-partner,run2,850
jealousy-over-new-relationship,run1,648
jealousy-over-new-relationship,run2,648
jealousy-provocation,run1,841
jealousy-toward-new-partner,run1,810
jealousy-toward-new-partner,run2,810
jealousy-toward-rival,run2,870
jet-setting-travel,run1,570
jewelry-and-bling,run1,155
jewelry-and-bling,run1,282
jewelry-and-bling,run2,155
jewelry-and-bling,run2,282
jewelry-and-bling,run2,403
jewelry-and-diamonds,run2,304
jewelry-and-diamonds,run2,321
jewelry-and-drip,run2,345
jewelry-and-fashion,run1,276
jewelry-and-fashion,run2,276
jewelry-and-flexing,run1,186
jewelry-and-flexing,run1,352
jewelry-and-flexing,run1,501
jewelry-and-flexing,run2,186
jewelry-and-flexing,run2,501
jewelry-and-wealth,run1,174
jewelry-and-wealth,run2,174
jordan-brand-identity,run1,37
jordan-brand-identity,run2,37
journey-and-road,run1,99
journey-as-reward,run2,503
joy-and-living,run1,209
joy-and-togetherness,run1,541
joy-and-togetherness,run2,541
joyful-fun,run1,621
karaoke-performance,run2,585
karma,run1,137
karma,run1,161
karma-and-consequences,run1,244
karma-and-fate,run1,850
karma-and-fate,run2,850
karma-and-justice,run2,137
karma-and-poetic-justice,run1,376
karma-and-poetic-justice,run2,376
karma-as-justice,run1,656
karma-as-justice,run2,656
karmic-retribution,run2,656
keeping-distance,run1,528
keeping-distance,run2,528
keeping-dreams-alive,run1,579
keeping-up-appearances,run1,833
keeping-up-appearances,run2,833
keeping-up-with-social-pressures,run1,782
keeping-up-with-social-pressures,run2,782
keyboard-courage-vs-real-life,run1,310
keyboard-courage-vs-real-life,run2,310
kink-and-bdsm,run1,496
kink-and-bdsm,run2,496
kissing-and-sensuality,run2,461
kissing-as-central-act,run1,461
knowing-the-real-person,run1,671
lack-of-communication,run1,153
lack-of-communication,run1,179
lack-of-communication,run1,217
lack-of-communication,run1,821
lack-of-communication,run2,153
lack-of-communication,run2,179
lack-of-communication,run2,217
lack-of-communication,run2,821
lack-of-privacy,run1,515
lack-of-privacy,run2,515
lack-of-recognition,run1,771
lack-of-remorse,run1,491
lack-of-remorse,run2,491
lack-of-warning-signs,run1,439
land-and-belonging,run1,323
land-and-belonging,run2,323
land-and-roots,run1,588
land-and-roots,run2,588
landscape-as-memory,run2,138
late-bloomer-growth,run1,478
late-bloomer-growth,run2,478
late-night-adventure,run1,456
late-night-adventure,run2,456
late-night-attraction,run1,212
late-night-bar-encounters,run1,633
late-night-bar-encounters,run2,633
late-night-crisis,run1,606
late-night-despair,run2,606
late-night-drive,run2,610
late-night-encounter,run1,477
late-night-encounter,run2,477
late-night-encounter,run2,615
late-night-escape,run1,610
late-night-escapism,run2,470
late-night-hookup,run1,32
late-night-hookup,run1,402
late-night-hookup,run1,786
late-night-hookup,run2,32
late-night-hookup,run2,402
late-night-hookup,run2,786
late-night-intimacy,run1,365
late-night-intimacy,run1,511
late-night-intimacy,run1,569
late-night-intimacy,run2,212
late-night-intimacy,run2,511
late-night-intimacy,run2,569
late-night-loneliness,run1,470
late-night-loneliness,run2,365
late-night-loneliness,run2,770
late-night-longing,run1,763
late-night-partying,run1,806
late-night-rendezvous,run2,806
late-night-revelry,run2,723
late-night-romance,run1,347
late-night-romance,run1,871
late-night-romance,run2,871
late-night-spontaneity,run1,748
late-night-spontaneity,run2,347
late-night-spontaneity,run2,748
latin-cultural-identity,run1,102
latino-pride-and-culture,run1,196
latino-pride-and-culture,run2,196
lavish-gift-giving,run1,786
lavish-gift-giving,run2,769
lavish-gift-giving,run2,786
lavish-gifting,run1,438
lavish-gifting,run2,438
lavish-gifts,run1,103
lavish-gifts,run2,103
lavish-gifts-and-promises,run1,532
lavish-lifestyle,run1,609
lavish-lifestyle,run2,90
lavish-lifestyle,run2,402
lavish-lifestyle,run2,403
lavish-lifestyle,run2,609
lavish-lifestyle,run2,694
lavish-lifestyle-and-travel,run1,788
lavish-lifestyle-and-travel,run2,788
lavish-romantic-gestures,run2,532
lavish-spending,run1,164
lavish-spending,run1,498
lavish-spending,run2,93
lavish-spending,run2,164
lavish-spending,run2,325
lavish-spending,run2,498
lavish-spending-on-partner,run1,874
law-enforcement-pressure,run1,547
lazy-intimate-moments,run1,253
lealdade-à-gangue,run1,106
lean-and-drug-culture,run2,493
lean-culture,run1,493
leaning-into-the-rumor,run2,349
leaving-a-toxic-relationship,run1,351
leaving-a-toxic-relationship,run2,351
leaving-and-moving-on,run2,398
leaving-complications-behind,run1,263
leaving-home,run1,807
leaving-home,run2,807
leaving-past-behind,run1,622
leaving-relationships-behind,run1,856
leaving-relationships-behind,run2,856
leaving-single-life-behind,run1,544
leaving-single-life-behind,run2,544
leaving-the-past-behind,run1,277
leaving-the-past-behind,run1,419
leaving-the-past-behind,run1,819
leaving-the-past-behind,run2,419
leaving-the-past-behind,run2,819
leaving-the-strip-club-life,run1,880
leaving-the-strip-club-life,run2,880
leaving-with-someone-new,run1,400
legacy-and-ambition,run1,111
legacy-and-ambition,run2,65
legacy-and-destiny,run1,286
legacy-and-destiny,run2,286
legacy-and-family,run1,355
legacy-and-family,run1,788
legacy-and-family,run2,355
legacy-and-family,run2,710
legacy-and-family,run2,788
legacy-and-grandchildren,run1,675
legacy-and-greatness,run2,111
legacy-and-inheritance,run1,535
legacy-and-inheritance,run2,535
legacy-and-mortality,run1,305
legacy-and-mortality,run2,224
legacy-and-pride,run1,745
legacy-and-pride,run2,745
legacy-and-recognition,run1,65
legal-trouble,run1,457
legal-trouble-and-incarceration,run1,150
legal-trouble-and-incarceration,run1,556
legal-trouble-and-incarceration,run2,150
legal-trouble-and-law-enforcement,run2,547
legal-troubles,run2,175
leisure-and-simplicity,run2,507
letting-go,run1,44
letting-go,run1,63
letting-go,run1,85
letting-go,run1,125
letting-go,run1,257
letting-go,run1,332
letting-go,run1,337
letting-go,run1,502
letting-go,run1,742
letting-go,run1,745
letting-go,run1,765
letting-go,run2,44
letting-go,run2,85
letting-go,run2,125
letting-go,run2,257
letting-go,run2,337
letting-go,run2,502
letting-go,run2,579
letting-go,run2,742
letting-go-and-surrendering,run2,765
letting-go-of-control,run1,194
letting-go-of-hope,run1,790
letting-go-of-pretension,run1,746
letting-go-of-problems,run1,579
letting-go-of-stress,run1,580
letting-go-of-the-past,run1,26
letting-go-of-the-past,run1,414
letting-go-of-the-past,run2,26
letting-go-of-the-past,run2,414
letting-go-of-the-past,run2,790
letting-go-of-worries,run1,644
letting-loose,run2,746
lgbtq-identity-and-acceptance,run1,561
lgbtq-identity-and-acceptance,run2,561
life-after-separation,run2,833
life-and-survival,run1,576
life-and-survival,run2,576
life-as-a-fleeting-celebration,run2,855
life-as-a-game,run1,844
life-as-a-game,run2,844
life-as-performance,run1,829
life-as-performance,run2,829
life-before-and-after,run1,802
life-before-and-after,run2,802
life-challenges-and-hardship,run1,882
life-changing-night,run2,254
life-disappointments,run1,333
life-disappointments,run2,333
life-disruption-and-upheaval,run1,550
life-is-exciting,run1,401
life-journey,run1,267
life-journey,run2,267
life-on-the-road,run1,446
life-on-the-road,run2,446
life-or-death-devotion,run2,594
life-priorities,run1,413
life-transformation,run1,544
life-transformation,run2,652
life-without-a-partner,run1,878
lifelong-commitment,run1,110
lifelong-commitment,run2,354
light-overcoming-darkness,run1,866
light-overcoming-darkness,run2,866
lingering-attachment,run1,136
lingering-attachment,run2,136
lingering-attachment,run2,415
lingering-attachment,run2,490
lingering-feelings,run1,415
lingering-feelings,run1,486
lingering-feelings,run1,648
lingering-feelings,run1,833
lingering-feelings,run2,648
lingering-feelings-for-an-ex,run2,120
lingering-grief,run1,670
lingering-grief,run2,485
lingering-grief,run2,670
lingering-heartbreak,run1,591
lingering-hope-for-reconciliation,run1,813
lingering-hope-for-reunion,run2,813
lingering-love,run1,274
lingering-love,run1,463
lingering-love,run1,763
lingering-love,run1,800
lingering-love,run2,274
lingering-love,run2,763
lingering-love-for-an-ex,run2,591
lingering-memories,run1,623
lingering-memories,run2,623
lingering-memories,run2,865
lingering-obsession,run1,81
lingering-obsession,run1,201
lingering-obsession,run1,739
lingering-obsession,run1,747
lingering-obsession,run1,850
lingering-obsession,run2,81
lingering-obsession,run2,201
lingering-obsession,run2,739
lingering-obsession,run2,747
lingering-pain,run2,525
lingering-physical-presence,run1,791
lingering-physical-presence,run2,791
lingering-presence,run1,428
lingering-presence,run2,428
live-performance-thrill,run1,607
living-authentically,run1,409
living-authentically,run2,409
living-desires-and-ambitions,run2,425
living-fast,run1,383
living-fast,run2,383
living-for-the-moment,run1,36
living-for-the-moment,run2,36
living-in-the-moment,run1,3
living-in-the-moment,run1,10
living-in-the-moment,run1,32
living-in-the-moment,run1,95
living-in-the-moment,run1,100
living-in-the-moment,run1,121
living-in-the-moment,run1,154
living-in-the-moment,run1,158
living-in-the-moment,run1,165
living-in-the-moment,run1,171
living-in-the-moment,run1,182
living-in-the-moment,run1,194
living-in-the-moment,run1,200
living-in-the-moment,run1,210
living-in-the-moment,run1,256
living-in-the-moment,run1,327
living-in-the-moment,run1,361
living-in-the-moment,run1,375
living-in-the-moment,run1,429
living-in-the-moment,run1,456
living-in-the-moment,run1,506
living-in-the-moment,run1,514
living-in-the-moment,run1,533
living-in-the-moment,run1,540
living-in-the-moment,run1,579
living-in-the-moment,run1,604
living-in-the-moment,run1,610
living-in-the-moment,run1,613
living-in-the-moment,run1,622
living-in-the-moment,run1,643
living-in-the-moment,run1,644
living-in-the-moment,run1,645
living-in-the-moment,run1,714
living-in-the-moment,run1,746
living-in-the-moment,run1,748
living-in-the-moment,run1,772
living-in-the-moment,run1,779
living-in-the-moment,run1,796
living-in-the-moment,run1,820
living-in-the-moment,run1,840
living-in-the-moment,run1,854
living-in-the-moment,run2,3
living-in-the-moment,run2,10
living-in-the-moment,run2,18
living-in-the-moment,run2,32
living-in-the-moment,run2,75
living-in-the-moment,run2,100
living-in-the-moment,run2,121
living-in-the-moment,run2,158
living-in-the-moment,run2,171
living-in-the-moment,run2,182
living-in-the-moment,run2,194
living-in-the-moment,run2,200
living-in-the-moment,run2,209
living-in-the-moment,run2,210
living-in-the-moment,run2,222
living-in-the-moment,run2,256
living-in-the-moment,run2,263
living-in-the-moment,run2,328
living-in-the-moment,run2,361
living-in-the-moment,run2,375
living-in-the-moment,run2,401
living-in-the-moment,run2,429
living-in-the-moment,run2,506
living-in-the-moment,run2,533
living-in-the-moment,run2,579
living-in-the-moment,run2,601
living-in-the-moment,run2,610
living-in-the-moment,run2,613
living-in-the-moment,run2,622
living-in-the-moment,run2,644
living-in-the-moment,run2,645
living-in-the-moment,run2,658
living-in-the-moment,run2,714
living-in-the-moment,run2,748
living-in-the-moment,run2,772
living-in-the-moment,run2,779
living-in-the-moment,run2,796
living-in-the-moment,run2,820
living-in-the-moment,run2,854
living-in-the-present,run1,377
living-in-the-present,run1,711
living-in-the-present,run2,377
living-in-the-present,run2,502
living-in-the-present,run2,604
living-like-a-king,run1,151
living-on-the-edge,run1,538
living-on-the-edge,run1,664
living-on-the-edge,run2,513
living-on-the-edge,run2,538
living-on-the-edge,run2,664
living-recklessly,run1,18
living-without-money,run1,11
living-without-money,run2,11
local-celebrity,run1,519
local-celebrity,run2,519
loneliness,run1,15
loneliness,run1,25
loneliness,run1,132
loneliness,run1,268
loneliness,run1,289
loneliness,run1,322
loneliness,run1,337
loneliness,run1,392
loneliness,run1,418
loneliness,run1,441
loneliness,run1,452
loneliness,run1,471
loneliness,run1,499
loneliness,run1,513
loneliness,run1,560
loneliness,run1,563
loneliness,run1,609
loneliness,run1,633
loneliness,run1,722
loneliness,run1,817
loneliness,run1,823
loneliness,run1,824
loneliness,run2,15
loneliness,run2,25
loneliness,run2,206
loneliness,run2,268
loneliness,run2,289
loneliness,run2,322
loneliness,run2,337
loneliness,run2,418
loneliness,run2,441
loneliness,run2,452
loneliness,run2,470
loneliness,run2,471
loneliness,run2,560
loneliness,run2,563
loneliness,run2,609
loneliness,run2,633
loneliness,run2,706
loneliness,run2,766
loneliness,run2,817
loneliness,run2,823
loneliness-amid-excess,run1,320
loneliness-amid-excess,run2,320
loneliness-and-abandonment,run1,707
loneliness-and-belonging,run1,12
loneliness-and-belonging,run2,12
loneliness-and-desolation,run1,751
loneliness-and-desolation,run2,751
loneliness-and-despair,run2,49
loneliness-and-displacement,run1,755
loneliness-and-distance,run2,822
loneliness-and-distrust,run1,331
loneliness-and-emptiness,run1,808
loneliness-and-emptiness,run1,878
loneliness-and-emptiness,run2,808
loneliness-and-emptiness,run2,878
loneliness-and-grief,run1,855
loneliness-and-grief,run2,855
loneliness-and-isolation,run1,61
loneliness-and-isolation,run1,76
loneliness-and-isolation,run1,227
loneliness-and-isolation,run1,233
loneliness-and-isolation,run1,300
loneliness-and-isolation,run1,367
loneliness-and-isolation,run1,550
loneliness-and-isolation,run1,690
loneliness-and-isolation,run1,859
loneliness-and-isolation,run2,61
loneliness-and-isolation,run2,76
loneliness-and-isolation,run2,129
loneliness-and-isolation,run2,168
loneliness-and-isolation,run2,227
loneliness-and-isolation,run2,233
loneliness-and-isolation,run2,367
loneliness-and-isolation,run2,550
loneliness-and-isolation,run2,690
loneliness-and-isolation,run2,859
loneliness-and-longing,run1,84
loneliness-and-longing,run1,672
loneliness-and-longing,run1,766
loneliness-and-longing,run1,770
loneliness-and-longing,run1,815
loneliness-and-longing,run2,84
loneliness-and-longing,run2,300
loneliness-and-longing,run2,392
loneliness-and-longing,run2,672
loneliness-and-longing,run2,755
loneliness-and-loss,run1,525
loneliness-and-loss,run2,525
loneliness-and-lost-dreams,run1,267
loneliness-and-lost-dreams,run2,267
loneliness-as-preference,run2,513
loneliness-at-night,run1,16
loneliness-at-night,run1,623
loneliness-at-night,run2,623
loneliness-at-the-top,run1,280
loneliness-at-the-top,run2,280
loneliness-despite-fame,run1,515
loneliness-despite-fame,run2,515
loneliness-ending,run2,629
long-distance-desire,run1,499
long-distance-desire,run2,835
long-distance-emotional-disconnect,run1,167
long-distance-emotional-disconnect,run2,167
long-distance-longing,run1,402
long-distance-longing,run1,558
long-distance-longing,run1,835
long-distance-longing,run2,402
long-distance-longing,run2,499
long-distance-longing,run2,558
long-distance-relationship,run1,641
long-distance-relationship,run2,641
long-distance-separation,run1,153
long-lasting-love,run2,152
long-term-friendship,run1,214
long-term-friendship,run1,257
long-term-friendship,run2,214
long-term-friendship,run2,257
long-term-partnership-and-growth,run2,110
long-time-friendship,run1,349
long-time-friendship-turning-romantic,run2,349
longing,run1,85
longing,run1,130
longing,run2,24
longing,run2,85
longing-across-distance,run2,532
longing-and-absence,run2,52
longing-and-absence,run2,445
longing-and-anticipation,run1,848
longing-and-attachment,run2,86
longing-and-attachment,run2,364
longing-and-connection,run1,736
longing-and-desire,run1,188
longing-and-desire,run1,534
longing-and-desire,run1,678
longing-and-desire,run1,744
longing-and-desire,run1,822
longing-and-desire,run1,847
longing-and-desire,run1,881
longing-and-desire,run2,171
longing-and-desire,run2,188
longing-and-desire,run2,427
longing-and-desire,run2,462
longing-and-desire,run2,648
longing-and-desire,run2,744
longing-and-desire,run2,822
longing-and-desire,run2,826
longing-and-desire,run2,847
longing-and-desire,run2,881
longing-and-devotion,run1,290
longing-and-devotion,run2,290
longing-and-heartache,run1,799
longing-and-heartache,run2,799
longing-and-heartbreak,run1,340
longing-and-impatience,run2,16
longing-and-inability-to-move-on,run1,46
longing-and-jealousy,run1,223
longing-and-loss,run1,2
longing-and-loss,run1,780
longing-and-loss,run2,780
longing-and-missing,run1,773
longing-and-missing,run2,581
longing-and-missing-partner,run1,467
longing-and-missing-partner,run2,467
longing-and-missing-someone,run1,38
longing-and-missing-someone,run1,530
longing-and-missing-someone,run1,569
longing-and-missing-someone,run2,38
longing-and-missing-someone,run2,530
longing-and-missing-someone,run2,569
longing-and-need,run1,505
longing-and-nostalgia,run1,262
longing-and-nostalgia,run1,597
longing-and-nostalgia,run1,700
longing-and-nostalgia,run2,463
longing-and-nostalgia,run2,597
longing-and-nostalgia,run2,700
longing-and-obsession,run1,366
longing-and-obsession,run1,398
longing-and-obsession,run1,490
longing-and-obsession,run1,648
longing-and-obsession,run2,366
longing-and-pursuit,run2,398
longing-and-regret,run1,50
longing-and-reunion,run1,768
longing-and-reunion,run2,768
longing-and-sleeplessness,run1,517
longing-and-sleeplessness,run2,517
longing-and-waiting,run2,848
longing-and-yearning,run1,105
longing-and-yearning,run1,581
longing-and-yearning,run2,105
longing-and-yearning,run2,591
longing-for-a-loved-one,run1,446
longing-for-a-loved-one,run2,446
longing-for-a-partner,run2,673
longing-for-acceptance,run1,742
longing-for-acceptance,run2,742
longing-for-acknowledgment,run1,259
longing-for-acknowledgment,run2,259
longing-for-an-unknown-lover,run1,845
longing-for-an-unknown-lover,run2,845
longing-for-another-life,run2,855
longing-for-authentic-connection,run1,39
longing-for-authenticity,run2,616
longing-for-better-days,run2,609
longing-for-change,run1,293
longing-for-change,run2,293
longing-for-clarity,run1,206
longing-for-closeness,run1,163
longing-for-closeness,run1,524
longing-for-closeness,run2,197
longing-for-closeness,run2,524
longing-for-commitment,run1,27
longing-for-commitment,run1,153
longing-for-commitment,run1,180
longing-for-commitment,run1,649
longing-for-commitment,run2,27
longing-for-commitment,run2,153
longing-for-commitment,run2,180
longing-for-companionship,run2,70
longing-for-connection,run1,116
longing-for-connection,run1,208
longing-for-connection,run1,265
longing-for-connection,run1,550
longing-for-connection,run2,265
longing-for-connection,run2,367
longing-for-emotional-reciprocity,run1,858
longing-for-emotional-reciprocity,run2,858
longing-for-equality,run1,567
longing-for-escape,run1,585
longing-for-escape,run2,585
longing-for-forgiveness,run1,60
longing-for-forgiveness,run2,60
longing-for-freedom,run2,149
longing-for-genuine-love,run1,808
longing-for-genuine-love,run2,808
longing-for-home,run1,67
longing-for-home,run1,839
longing-for-home,run2,67
longing-for-home,run2,839
longing-for-intimacy,run1,183
longing-for-intimacy,run1,594
longing-for-intimacy,run1,816
longing-for-lost-love,run1,627
longing-for-lost-love,run1,832
longing-for-lost-love,run2,2
longing-for-lost-love,run2,627
longing-for-lost-love,run2,707
longing-for-lost-love,run2,832
longing-for-love,run1,367
longing-for-love,run1,650
longing-for-love,run1,673
longing-for-love,run1,792
longing-for-love,run2,650
longing-for-more-time,run1,465
longing-for-more-time,run2,465
longing-for-past-intimacy,run2,50
longing-for-past-lover,run2,696
longing-for-physical-closeness,run1,823
longing-for-physical-presence,run2,823
longing-for-place,run1,187
longing-for-place,run2,187
longing-for-protection,run1,689
longing-for-protection,run2,689
longing-for-reciprocated-desire,run2,572
longing-for-reciprocity,run2,737
longing-for-reconciliation,run1,80
longing-for-reconciliation,run1,459
longing-for-reconciliation,run1,508
longing-for-reconciliation,run2,46
longing-for-reconciliation,run2,80
longing-for-reconciliation,run2,459
longing-for-reconciliation,run2,508
longing-for-redemption,run1,392
longing-for-relief,run2,571
longing-for-return,run1,124
longing-for-return,run1,142
longing-for-return,run1,557
longing-for-return,run2,124
longing-for-return,run2,142
longing-for-return,run2,557
longing-for-safety,run2,25
longing-for-safety-and-rest,run1,25
longing-for-simplicity,run1,445
longing-for-something-beautiful,run2,47
longing-for-something-more,run1,4
longing-for-something-more,run2,4
longing-for-stability,run1,616
longing-for-stability,run1,856
longing-for-stability,run2,856
longing-for-the-deceased,run1,555
longing-for-the-deceased,run2,555
longing-for-the-past,run1,24
longing-for-the-past,run1,83
longing-for-the-past,run1,373
longing-for-the-past,run1,708
longing-for-the-past,run1,731
longing-for-the-past,run1,827
longing-for-the-past,run2,83
longing-for-the-past,run2,708
longing-for-the-past,run2,827
longing-for-the-past,run2,851
longing-for-togetherness,run1,28
longing-for-togetherness,run2,130
longing-for-understanding,run1,515
longing-to-be-believed,run2,249
longing-to-be-remembered,run1,79
longing-to-be-remembered,run2,79
longing-to-be-someone-else,run1,628
longing-to-be-thought-of,run2,387
longing-to-know-someones-inner-world,run1,387
longing-to-reconnect,run1,696
losing-control,run1,9
losing-control,run1,117
losing-control,run1,417
losing-control,run1,740
losing-control,run2,117
losing-control,run2,605
losing-control,run2,740
losing-control-over-partner,run2,417
losing-inhibitions,run1,121
losing-inhibitions,run2,121
losing-oneself-in-love,run1,437
losing-oneself-in-love,run2,437
losing-track-of-time,run1,14
losing-track-of-time,run2,14
loss-and-grief,run2,313
loss-and-loneliness,run1,747
loss-and-separation,run2,630
loss-of-childhood-innocence,run1,5
loss-of-control,run1,94
loss-of-control,run1,149
loss-of-control,run1,207
loss-of-control,run1,279
loss-of-control,run1,341
loss-of-control,run1,342
loss-of-control,run1,470
loss-of-control,run1,637
loss-of-control,run2,9
loss-of-control,run2,207
loss-of-control,run2,279
loss-of-control,run2,341
loss-of-control,run2,342
loss-of-control,run2,470
loss-of-faith,run2,805
loss-of-faith-and-renewal,run1,805
loss-of-familiar-world,run1,795
loss-of-friendship,run1,834
loss-of-friendship,run2,834
loss-of-hope,run2,176
loss-of-identity,run1,44
loss-of-identity,run1,129
loss-of-identity,run1,515
loss-of-identity,run1,702
loss-of-identity,run1,703
loss-of-identity,run1,803
loss-of-identity,run2,515
loss-of-identity,run2,543
loss-of-identity,run2,702
loss-of-identity,run2,703
loss-of-identity,run2,795
loss-of-identity,run2,803
loss-of-independence,run1,397
loss-of-independence,run2,397
loss-of-innocence,run2,5
loss-of-innocence,run2,61
loss-of-intimacy,run1,223
loss-of-sanity,run2,428
loss-of-self,run1,244
loss-of-self,run1,839
loss-of-self,run2,44
loss-of-self,run2,351
loss-of-self,run2,839
loss-of-self-control,run1,56
loss-of-self-control,run1,169
loss-of-self-control,run1,265
loss-of-self-control,run1,626
loss-of-self-control,run1,722
loss-of-self-control,run2,265
loss-of-self-control,run2,626
loss-of-self-control,run2,722
loss-of-trust,run1,176
loss-of-words,run1,306
loss-of-words,run2,306
lost-ambition,run2,743
lost-communication,run1,50
lost-communication,run2,50
lost-connection,run1,7
lost-connection,run1,24
lost-connection,run2,24
lost-dreams,run1,774
lost-future,run1,406
lost-future,run2,406
lost-future-together,run1,790
lost-future-together,run2,790
lost-happiness,run1,851
lost-hope,run1,551
lost-hope,run2,551
lost-hope,run2,774
lost-idealization,run1,168
lost-idealization,run2,168
lost-innocence,run1,125
lost-innocence,run2,125
lost-innocence,run2,373
lost-love,run1,83
lost-love,run1,86
lost-love,run1,202
lost-love,run1,220
lost-love,run1,398
lost-love,run1,516
lost-love,run1,612
lost-love,run1,700
lost-love,run1,707
lost-love,run1,708
lost-love,run1,855
lost-love,run2,83
lost-love,run2,86
lost-love,run2,202
lost-love,run2,220
lost-love,run2,398
lost-love,run2,516
lost-love,run2,612
lost-love,run2,666
lost-love,run2,700
lost-love,run2,708
lost-love,run2,855
lost-love-and-disillusionment,run1,589
lost-love-and-disillusionment,run2,589
lost-love-and-longing,run1,840
lost-love-and-longing,run2,840
lost-loyalty,run1,486
lost-loyalty,run2,486
lost-potential,run1,556
lost-potential,run2,556
lost-relationship,run1,609
lost-relationship,run1,636
lost-relationship,run2,636
lost-romance,run2,333
lost-sense-of-self,run1,543
love-addiction,run1,271
love-addiction,run2,271
love-and-commitment,run1,545
love-and-commitment,run1,588
love-and-commitment,run2,545
love-and-commitment,run2,588
love-and-conflict,run1,22
love-and-conflict,run2,22
love-and-death-duality,run1,844
love-and-death-duality,run2,844
love-and-devotion,run1,406
love-and-devotion,run1,445
love-and-devotion,run1,548
love-and-devotion,run2,406
love-and-devotion,run2,548
love-and-longing,run1,234
love-and-longing,run2,234
love-and-loss,run1,206
love-and-loss,run1,756
love-and-sincerity,run1,96
love-and-sincerity,run2,96
love-and-suffering,run2,232
love-as-addiction,run1,207
love-as-addiction,run2,50
love-as-addiction,run2,207
love-as-comfort,run1,291
love-as-comfort,run2,291
love-as-consuming-force,run1,142
love-as-consuming-force,run2,142
love-as-creation,run1,578
love-as-dance,run1,855
love-as-deception,run1,50
love-as-devotion,run1,720
love-as-distraction,run2,362
love-as-fleeting,run2,593
love-as-fleeting-and-transient,run1,593
love-as-healing,run1,414
love-as-healing,run2,414
love-as-intoxication,run1,73
love-as-intoxication,run1,204
love-as-intoxication,run1,620
love-as-intoxication,run2,73
love-as-intoxication,run2,620
love-as-life-lesson,run1,855
love-as-life-purpose,run2,413
love-as-priority,run1,267
love-as-priority,run2,267
love-as-problem-solving,run2,127
love-as-risk,run1,183
love-as-salvation,run1,49
love-as-salvation,run2,49
love-as-transformation,run1,665
love-as-transformation,run2,285
love-as-transformative-teaching,run2,855
love-as-universal,run2,70
love-as-universal-experience,run1,70
love-at-first-meeting,run1,306
love-at-first-sight,run1,585
love-at-first-sight,run1,617
love-at-first-sight,run1,780
love-at-first-sight,run2,585
love-at-first-sight,run2,617
love-at-first-sight,run2,780
love-beyond-death,run1,110
love-beyond-death,run1,734
love-conquering-doubt,run2,165
love-consuming-the-mind,run1,510
love-destroying-life,run2,739
love-flowing-through-the-body,run1,73
love-flowing-through-the-body,run2,73
love-games,run1,408
love-games,run2,408
love-hate-ambivalence,run1,688
love-hate-ambivalence,run2,688
love-hate-conflict,run1,201
love-hate-conflict,run2,201
love-is-blind,run1,55
love-is-blind,run2,55
love-is-complex,run2,183
love-over-material-wealth,run1,64
love-persisting,run2,163
love-plans-and-promises,run2,697
love-surpassing-all-else,run1,712
love-surpassing-all-else,run2,712
love-through-problems,run1,127
love-without-regret,run1,510
love-without-regret,run2,510
love-worth-fighting-for,run1,180
love-worth-fighting-for,run2,180
lovemaking,run2,825
lover-as-drink-metaphor,run1,848
lover-as-drink-metaphor,run2,848
lover-idealized,run2,825
low-self-worth,run1,382
low-self-worth,run2,860
loyalty-and-allegiance,run1,657
loyalty-and-allegiance,run2,657
loyalty-and-authenticity,run1,133
loyalty-and-authenticity,run1,186
loyalty-and-betrayal,run1,82
loyalty-and-betrayal,run1,213
loyalty-and-betrayal,run1,313
loyalty-and-betrayal,run1,377
loyalty-and-betrayal,run1,389
loyalty-and-betrayal,run1,436
loyalty-and-betrayal,run1,583
loyalty-and-betrayal,run1,618
loyalty-and-betrayal,run1,811
loyalty-and-betrayal,run2,82
loyalty-and-betrayal,run2,213
loyalty-and-betrayal,run2,297
loyalty-and-betrayal,run2,301
loyalty-and-betrayal,run2,313
loyalty-and-betrayal,run2,352
loyalty-and-betrayal,run2,389
loyalty-and-betrayal,run2,436
loyalty-and-betrayal,run2,583
loyalty-and-betrayal,run2,618
loyalty-and-betrayal,run2,754
loyalty-and-betrayal,run2,811
loyalty-and-brotherhood,run1,68
loyalty-and-brotherhood,run1,192
loyalty-and-brotherhood,run1,230
loyalty-and-brotherhood,run1,235
loyalty-and-brotherhood,run1,238
loyalty-and-brotherhood,run1,312
loyalty-and-brotherhood,run1,450
loyalty-and-brotherhood,run2,68
loyalty-and-brotherhood,run2,192
loyalty-and-brotherhood,run2,230
loyalty-and-brotherhood,run2,235
loyalty-and-brotherhood,run2,238
loyalty-and-brotherhood,run2,312
loyalty-and-brotherhood,run2,432
loyalty-and-brotherhood,run2,501
loyalty-and-commitment,run1,41
loyalty-and-commitment,run1,85
loyalty-and-commitment,run1,198
loyalty-and-commitment,run1,438
loyalty-and-commitment,run2,41
loyalty-and-commitment,run2,85
loyalty-and-commitment,run2,198
loyalty-and-commitment,run2,438
loyalty-and-crew,run1,92
loyalty-and-crew,run1,158
loyalty-and-crew,run1,174
loyalty-and-crew,run1,305
loyalty-and-crew,run1,391
loyalty-and-crew,run1,526
loyalty-and-crew,run1,758
loyalty-and-crew,run1,814
loyalty-and-crew,run2,158
loyalty-and-crew,run2,174
loyalty-and-crew,run2,305
loyalty-and-crew,run2,489
loyalty-and-crew,run2,526
loyalty-and-crew,run2,814
loyalty-and-crew,run2,842
loyalty-and-dedication,run2,59
loyalty-and-devotion,run1,3
loyalty-and-devotion,run1,16
loyalty-and-devotion,run1,59
loyalty-and-devotion,run1,609
loyalty-and-devotion,run1,699
loyalty-and-devotion,run2,3
loyalty-and-devotion,run2,16
loyalty-and-devotion,run2,99
loyalty-and-devotion,run2,693
loyalty-and-discretion,run1,504
loyalty-and-discretion,run2,504
loyalty-and-distrust,run1,754
loyalty-and-exclusivity,run1,328
loyalty-and-exclusivity,run1,522
loyalty-and-exclusivity,run2,328
loyalty-and-exclusivity,run2,522
loyalty-and-expectations,run2,340
loyalty-and-faithfulness,run1,704
loyalty-and-faithfulness,run2,704
loyalty-and-female-friendship,run1,695
loyalty-and-friendship,run1,497
loyalty-and-friendship,run2,377
loyalty-and-friendship,run2,497
loyalty-and-gang-life,run2,407
loyalty-and-incarceration,run1,498
loyalty-and-incarceration,run2,498
loyalty-and-independence,run2,879
loyalty-and-integrity,run1,368
loyalty-and-integrity,run1,660
loyalty-and-keeping-word,run2,660
loyalty-and-loss,run1,718
loyalty-and-love,run1,407
loyalty-and-moral-restraint,run2,244
loyalty-and-protection,run1,396
loyalty-and-protection,run2,396
loyalty-and-relationships,run2,547
loyalty-and-resilience,run1,547
loyalty-and-sacrifice,run1,20
loyalty-and-sacrifice,run1,792
loyalty-and-sacrifice,run2,20
loyalty-and-silence,run1,756
loyalty-and-silence,run2,756
loyalty-and-sisterhood,run2,695
loyalty-and-snitching,run1,416
loyalty-and-snitching,run2,778
loyalty-and-solidarity,run1,304
loyalty-and-solidarity,run1,331
loyalty-and-solidarity,run1,483
loyalty-and-solidarity,run2,440
loyalty-and-solidarity,run2,483
loyalty-and-squad,run1,162
loyalty-and-squad,run2,162
loyalty-and-staying-true,run2,186
loyalty-and-street-code,run1,148
loyalty-and-street-code,run1,372
loyalty-and-street-code,run2,372
loyalty-and-street-code,run2,405
loyalty-and-street-code,run2,455
loyalty-and-street-life,run1,150
loyalty-and-support,run1,346
loyalty-and-toughness,run1,861
loyalty-and-toughness,run2,172
loyalty-and-toughness,run2,861
loyalty-and-trust,run1,160
loyalty-and-trust,run1,292
loyalty-and-trust,run1,402
loyalty-and-trust,run1,476
loyalty-and-trust,run1,846
loyalty-and-trust,run2,160
loyalty-and-trust,run2,292
loyalty-and-trust,run2,331
loyalty-and-trust,run2,402
loyalty-and-trust,run2,476
loyalty-and-trust,run2,846
loyalty-in-relationships,run1,111
loyalty-through-hardship,run2,346
loyalty-to-crew,run1,30
loyalty-to-crew,run1,225
loyalty-to-crew,run1,260
loyalty-to-crew,run1,298
loyalty-to-crew,run2,225
loyalty-to-crew,run2,260
loyalty-to-crew,run2,298
loyalty-to-crew,run2,304
loyalty-to-crew-and-community,run2,325
loyalty-to-crew-over-women,run1,270
loyalty-to-crew-over-women,run2,270
loyalty-to-day-ones,run1,576
loyalty-to-day-ones,run2,576
loyalty-to-family-and-crew,run2,34
loyalty-to-hometown,run1,301
loyalty-to-incarcerated-friends,run1,440
loyalty-to-place,run1,453
loyalty-to-roots,run1,519
loyalty-to-roots,run2,519
loyalty-to-roots,run2,723
loyalty-to-roots,run2,796
loyalty-to-the-game,run1,97
loyalty-vs-desire,run2,494
loyalty-vs-lust,run1,494
luck-and-optimism,run2,503
luck-and-risk-taking,run1,503
luminous-beauty,run1,669
lust-and-physical-attraction,run2,380
luxo-e-ostentação,run1,106
luxury-and-comfort,run1,462
luxury-and-comfort,run2,462
luxury-and-designer-goods,run1,122
luxury-and-designer-goods,run1,350
luxury-and-designer-goods,run2,122
luxury-and-designer-lifestyle,run2,218
luxury-and-fashion,run2,758
luxury-and-lavish-lifestyle,run2,553
luxury-and-lavish-lifestyle,run2,586
luxury-and-lifestyle,run1,549
luxury-and-lifestyle,run2,549
luxury-and-materialism,run1,219
luxury-and-materialism,run1,283
luxury-and-materialism,run1,357
luxury-and-materialism,run1,482
luxury-and-materialism,run1,509
luxury-and-materialism,run1,667
luxury-and-materialism,run2,199
luxury-and-materialism,run2,219
luxury-and-materialism,run2,357
luxury-and-materialism,run2,482
luxury-and-materialism,run2,632
luxury-and-status,run1,134
luxury-and-status,run1,359
luxury-and-status,run1,595
luxury-and-status,run1,668
luxury-and-status,run1,680
luxury-and-status,run1,711
luxury-and-status,run1,767
luxury-and-status,run2,134
luxury-and-status,run2,359
luxury-and-status,run2,595
luxury-and-status,run2,668
luxury-and-status,run2,680
luxury-and-wealth,run1,370
luxury-and-wealth,run1,443
luxury-and-wealth,run1,553
luxury-and-wealth,run1,613
luxury-and-wealth,run1,674
luxury-and-wealth,run1,779
luxury-and-wealth,run2,115
luxury-and-wealth,run2,283
luxury-and-wealth,run2,350
luxury-and-wealth,run2,443
luxury-and-wealth,run2,613
luxury-and-wealth,run2,674
luxury-and-wealth,run2,779
luxury-and-wealth-display,run1,345
luxury-and-wealth-display,run2,270
luxury-brand-obsession,run1,231
luxury-brand-obsession,run2,231
luxury-cars,run1,6
luxury-cars,run1,144
luxury-cars,run2,6
luxury-cars,run2,58
luxury-cars,run2,389
luxury-cars-and-flexing,run1,405
luxury-cars-and-flexing,run2,405
luxury-cars-and-lifestyle,run2,195
luxury-cars-and-speed,run1,221
luxury-cars-and-speed,run2,221
luxury-fashion,run1,391
luxury-fashion,run1,403
luxury-fashion,run1,681
luxury-fashion,run2,118
luxury-fashion,run2,391
luxury-fashion,run2,403
luxury-fashion,run2,440
luxury-fashion,run2,681
luxury-fashion-and-lifestyle,run1,118
luxury-flexing,run1,246
luxury-flexing,run1,255
luxury-flexing,run1,299
luxury-flexing,run1,372
luxury-flexing,run1,758
luxury-flexing,run2,246
luxury-flexing,run2,255
luxury-flexing,run2,299
luxury-flexing,run2,769
luxury-jewelry,run1,225
luxury-jewelry,run2,225
luxury-jewelry-and-flexing,run1,92
luxury-jewelry-and-flexing,run2,92
luxury-jewelry-and-watches,run1,195
luxury-jewelry-and-watches,run2,195
luxury-lifestyle,run1,37
luxury-lifestyle,run1,57
luxury-lifestyle,run1,74
luxury-lifestyle,run1,103
luxury-lifestyle,run1,147
luxury-lifestyle,run1,172
luxury-lifestyle,run1,184
luxury-lifestyle,run1,213
luxury-lifestyle,run1,216
luxury-lifestyle,run1,218
luxury-lifestyle,run1,235
luxury-lifestyle,run1,248
luxury-lifestyle,run1,254
luxury-lifestyle,run1,301
luxury-lifestyle,run1,304
luxury-lifestyle,run1,321
luxury-lifestyle,run1,368
luxury-lifestyle,run1,417
luxury-lifestyle,run1,435
luxury-lifestyle,run1,456
luxury-lifestyle,run1,486
luxury-lifestyle,run1,489
luxury-lifestyle,run1,497
luxury-lifestyle,run1,570
luxury-lifestyle,run1,586
luxury-lifestyle,run1,619
luxury-lifestyle,run1,660
luxury-lifestyle,run1,662
luxury-lifestyle,run1,762
luxury-lifestyle,run1,842
luxury-lifestyle,run2,37
luxury-lifestyle,run2,57
luxury-lifestyle,run2,91
luxury-lifestyle,run2,103
luxury-lifestyle,run2,113
luxury-lifestyle,run2,147
luxury-lifestyle,run2,148
luxury-lifestyle,run2,156
luxury-lifestyle,run2,184
luxury-lifestyle,run2,213
luxury-lifestyle,run2,216
luxury-lifestyle,run2,248
luxury-lifestyle,run2,254
luxury-lifestyle,run2,260
luxury-lifestyle,run2,301
luxury-lifestyle,run2,304
luxury-lifestyle,run2,309
luxury-lifestyle,run2,321
luxury-lifestyle,run2,345
luxury-lifestyle,run2,417
luxury-lifestyle,run2,435
luxury-lifestyle,run2,456
luxury-lifestyle,run2,497
luxury-lifestyle,run2,570
luxury-lifestyle,run2,619
luxury-lifestyle,run2,662
luxury-lifestyle,run2,711
luxury-lifestyle,run2,762
luxury-lifestyle,run2,767
luxury-lifestyle-and-flexing,run1,195
luxury-spending,run1,769
luxury-vehicles,run1,403
luxury-vehicles,run1,430
luxury-watches,run1,155
luxury-watches,run2,155
lyrical-braggadocio,run1,92
lyrical-braggadocio,run2,92
lyrical-confidence,run1,654
lyrical-confidence,run2,154
lyrical-dominance,run1,521
lyrical-dominance,run1,771
lyrical-dominance,run2,771
lyrical-superiority,run1,753
lyrical-superiority,run2,521
lyrical-superiority,run2,753
maddening-attraction,run1,732
magic-and-dreams,run1,95
magic-and-illusion,run1,753
magic-and-spells,run1,844
magic-and-spells,run2,844
magic-illusion-disappearance,run2,753
magical-atmosphere,run1,9
magical-atmosphere,run2,9
magical-feeling,run1,837
magical-love,run2,837
magical-rescue,run1,76
magical-rescue,run2,76
magnetic-connection,run2,102
maintaining-boundaries,run1,479
making-excuses,run1,249
making-excuses,run2,249
making-someone-feel-special,run1,35
making-the-best-of-hardship,run1,448
making-the-most-of-it,run1,506
male-attention,run1,694
male-attention,run1,767
male-attention,run2,694
male-attention-and-control,run2,521
male-control-and-dominance,run2,662
male-deception,run1,586
male-desire,run1,444
male-desire-and-longing,run1,595
male-ego-and-pride,run1,877
male-inadequacy,run2,586
male-incompetence,run1,828
male-incompetence,run2,828
male-inconsistency,run1,288
male-inconsistency,run2,288
male-jealousy-and-possessiveness,run2,709
male-manipulation,run2,357
male-pride-and-ego,run1,262
male-pursuit,run1,732
male-pursuit,run2,732
male-pursuit-and-desire,run1,527
male-rivalry,run1,155
male-sexual-bravado,run2,318
male-struggle-and-suicide,run1,701
manifestation,run1,835
manifestation-and-self-belief,run2,175
manipulation,run1,120
manipulation,run1,296
manipulation,run2,296
manipulation-and-blame,run1,562
manipulation-and-deception,run1,23
manipulation-and-deception,run1,137
manipulation-and-deception,run1,659
manipulation-and-deception,run2,659
manipulation-and-games,run2,120
manipulation-and-illusion,run1,876
manipulation-and-illusion,run2,876
manipulation-and-power,run2,342
manipulation-and-seduction,run1,843
manipulation-and-seduction,run2,843
manufactured-happiness,run2,166
marijuana-use,run2,668
marital-infidelity,run1,632
marital-infidelity,run2,632
marriage-and-proposal,run2,675
marriage-and-self-deprecation,run1,599
marriage-and-self-deprecation,run2,599
marriage-commitment,run1,488
marriage-commitment,run1,507
marriage-commitment,run2,488
marriage-proposal,run1,617
marriage-proposal,run2,507
marriage-proposal,run2,617
martyrdom-and-sacrifice,run1,720
martyrdom-and-sacrifice,run2,720
masculine-bravado-as-mask,run2,366
masculine-bravado-mockery,run1,281
masculine-identity,run1,783
masculine-protection,run1,315
masculine-protection,run1,811
masculinity-and-self-reliance,run1,545
masculinity-and-self-reliance,run2,545
masking-pain,run1,781
masking-pain,run2,781
masochism-and-pain,run1,68
masochism-and-pain,run2,68
mastery-of-loss,run2,170
material-ambition,run1,811
material-ambition,run2,811
material-compensation,run1,343
material-compensation,run2,343
material-devotion,run1,29
material-display,run2,862
material-flexing,run1,157
material-generosity,run1,476
material-generosity,run2,29
material-generosity,run2,476
material-generosity-and-ingratitude,run1,639
material-gifts-and-luxury,run1,709
material-gifts-and-luxury,run2,709
material-identity,run2,312
material-investment-in-relationship,run2,639
material-lifestyle,run1,402
material-seduction,run1,862
material-success,run1,841
material-success,run2,796
material-success,run2,841
material-success-vs-emotional-emptiness,run2,202
material-vs-spiritual-wealth,run2,588
material-wealth,run2,62
material-wealth-and-fashion,run2,570
materialism,run1,674
materialism,run1,723
materialism,run2,320
materialism-and-corruption,run1,331
materialism-and-gift-giving,run2,673
materialism-and-luxury,run1,189
materialism-and-luxury,run1,199
materialism-and-luxury,run1,260
materialism-and-luxury,run2,189
materialism-and-spending,run1,151
materialism-and-spending,run2,151
materialism-and-wealth,run1,380
materialism-and-wealth,run1,796
materialism-and-wealth,run2,380
materialism-over-spirituality,run1,58
materialism-over-spirituality,run2,58
materialism-vs-genuine-love,run1,55
materialism-vs-genuine-love,run2,55
materialism-vs-true-happiness,run1,588
maternal-contrast,run1,281
maternal-guidance,run1,286
maternal-guidance,run2,286
maternal-influence,run1,150
maternal-influence,run2,150
maternal-love,run1,141
maternal-love,run2,141
maternal-love-and-protection,run1,849
maternal-love-and-protection,run2,849
maternal-pride-and-loyalty,run1,796
maternal-validation,run2,331
maternal-warning,run1,147
maternal-warning,run2,147
maternal-worry,run1,651
mature-love,run2,188
maturity-and-commitment,run1,55
maturity-and-commitment,run2,55
maturity-and-growth,run2,815
maturity-in-love,run1,188
meaningful-work,run1,588
meaningful-work,run2,588
media-and-blog-fakery,run2,355
media-and-public-image,run1,479
media-criticism,run1,654
media-criticism,run2,654
media-distrust,run2,811
media-fakeness,run1,355
media-gossip,run1,661
meeting-and-confrontation,run2,334
meeting-place-as-neutral-ground,run1,334
meeting-the-family,run2,469
meeting-up,run1,119
meeting-up,run2,119
memory-and-nostalgia,run2,591
memory-and-remembrance,run1,99
memory-and-remembrance,run2,99
memory-as-comfort,run1,555
memory-as-comfort,run2,555
menacing-attitude,run2,97
mental-anguish,run1,433
mental-anguish,run1,859
mental-anguish,run2,433
mental-anguish,run2,859
mental-breakdown,run1,8
mental-breakdown,run2,8
mental-burden,run1,502
mental-burden,run2,502
mental-deterioration,run2,722
mental-escape,run1,801
mental-escape,run2,801
mental-exhaustion,run1,865
mental-haunting,run2,869
mental-health-awareness,run1,654
mental-health-crisis,run1,233
mental-health-crisis,run2,233
mental-health-struggle,run1,449
mental-health-struggle,run1,781
mental-health-struggle,run1,860
mental-health-struggle,run2,385
mental-health-struggle,run2,449
mental-health-struggle,run2,781
mental-health-struggles,run1,341
mental-health-struggles,run1,385
mental-health-struggles,run1,484
mental-health-struggles,run1,550
mental-health-struggles,run1,575
mental-health-struggles,run1,738
mental-health-struggles,run2,341
mental-health-struggles,run2,484
mental-health-struggles,run2,550
mental-health-struggles,run2,575
mental-health-struggles,run2,738
mental-instability,run1,21
mental-instability,run1,296
mental-instability,run1,421
mental-instability,run2,21
mental-instability,run2,296
mental-instability,run2,421
mental-intrusion,run1,869
mental-obsession,run2,510
mental-overwhelm,run1,474
mental-overwhelm,run2,474
mental-struggle,run1,729
mental-struggle-and-survival,run1,318
mental-unraveling,run1,823
mental-unraveling,run2,823
mentorship-and-guidance,run1,95
mentorship-and-guidance,run2,95
mentorship-and-legacy,run1,298
mentorship-and-legacy,run2,298
miami-nightlife,run1,868
miami-nightlife,run2,868
michael-jackson-influence,run1,396
michael-jackson-influence,run2,396
midnight-hookup-culture,run2,400
military-deployment,run1,442
military-deployment,run2,442
mind-games,run2,189
mind-reading,run1,499
mind-reading,run2,499
mindfulness-and-breathing,run1,341
mindfulness-and-breathing,run2,341
mindfulness-and-presence,run2,514
mindless-consumerism,run2,166
miscommunication,run1,332
miscommunication,run1,445
miscommunication,run2,332
miscommunication,run2,445
mismatched-intentions,run1,81
mismatched-intentions,run2,81
misogyny,run1,241
misogyny,run1,416
misogyny,run2,416
misogyny-and-sexual-exploitation,run2,241
missed-communication,run2,459
missed-connection,run1,385
missed-opportunities,run2,385
missed-opportunity,run1,123
missed-opportunity,run1,257
missed-opportunity,run1,572
missed-opportunity,run2,123
missed-opportunity,run2,257
missed-romantic-opportunity,run2,572
missing-a-lost-lover,run2,60
missing-an-ex,run1,60
mistakes-and-regret,run1,602
mistletoe-tradition,run1,624
mistletoe-tradition,run2,624
misunderstanding,run1,742
misunderstanding,run2,742
misunderstood-identity,run1,474
misunderstood-suffering,run1,61
misunderstood-suffering,run2,61
mixed-feelings,run1,274
mixed-feelings,run2,274
mixed-feelings-about-fans,run1,311
mixed-signals,run1,31
mixed-signals,run1,223
mixed-signals,run1,837
mixed-signals,run1,847
mixed-signals,run2,31
mixed-signals,run2,847
mixed-signals-and-inconsistency,run1,741
mockery-and-doubt,run1,146
modern-disconnection,run2,550
money-and-bag-chasing,run1,754
money-and-cash,run2,587
money-and-financial-power,run1,587
money-and-financial-success,run2,235
money-and-flexing,run2,340
money-and-investing,run1,393
money-and-materialism,run2,98
money-and-power,run2,422
money-and-profit,run2,230
money-and-spending,run1,65
money-and-spending,run2,65
money-and-street-hustle,run2,196
money-and-success,run1,196
money-and-success,run1,211
money-and-success,run1,456
money-and-success,run2,211
money-and-time,run1,718
money-and-wealth,run1,57
money-and-wealth,run1,75
money-and-wealth,run1,218
money-and-wealth,run1,299
money-and-wealth,run2,57
money-and-wealth,run2,75
money-and-wealth,run2,148
money-and-wealth,run2,218
money-and-wealth,run2,299
money-and-wealth-pursuit,run2,113
money-as-happiness,run1,283
money-as-happiness,run2,283
money-as-identity,run1,788
money-as-identity,run2,788
money-as-power,run1,158
money-as-power,run1,276
money-as-power,run2,158
money-as-power,run2,276
money-chasing,run1,113
money-hustle,run1,500
money-hustle,run2,500
money-hustling,run1,148
money-management,run2,393
money-mindset,run1,109
money-motivation,run1,879
money-motivation,run2,879
money-obsession,run1,87
money-obsession,run1,97
money-obsession,run1,184
money-obsession,run1,270
money-obsession,run1,309
money-obsession,run2,87
money-obsession,run2,97
money-obsession,run2,184
money-obsession,run2,270
money-over-everything,run1,266
money-over-relationships,run1,709
money-over-relationships,run2,709
monster-alter-ego,run1,421
monster-alter-ego,run2,421
mood-and-atmosphere,run1,268
mood-and-atmosphere,run2,268
moral-advice-ignored,run1,566
moral-ambiguity,run1,682
moral-ambiguity,run1,760
moral-ambiguity,run2,307
moral-ambiguity,run2,464
moral-ambiguity,run2,760
moral-condemnation,run1,876
moral-condemnation,run2,876
moral-conflict,run1,307
moral-conflict,run1,608
moral-conflict,run2,608
moral-consequence,run1,252
moral-consequence,run2,252
moral-corruption-witnessed,run2,509
moral-failure,run1,716
moral-failure,run2,716
moral-goodness,run1,512
moral-goodness,run2,512
moral-integrity,run1,96
moral-integrity,run1,729
moral-integrity,run2,729
moral-restraint,run1,615
moral-restraint,run2,615
moral-warning,run2,566
morning-after,run1,251
morning-after,run2,251
mortality-and-afterlife,run1,179
mortality-and-afterlife,run2,179
mortality-and-aging,run2,12
mortality-and-death,run1,20
mortality-and-death,run1,547
mortality-and-death,run2,20
mortality-and-death,run2,547
mortality-and-impermanence,run1,42
mortality-and-impermanence,run1,772
mortality-and-impermanence,run1,805
mortality-and-impermanence,run2,42
mortality-and-impermanence,run2,158
mortality-and-impermanence,run2,772
mortality-and-legacy,run1,192
mortality-and-legacy,run1,224
mortality-and-legacy,run1,323
mortality-and-legacy,run1,638
mortality-and-legacy,run2,323
mortality-and-legacy,run2,638
mortality-and-loss,run1,473
mortality-and-loss,run2,473
mortality-and-loss,run2,577
mortality-and-love,run1,413
mortality-and-love,run2,413
mortality-and-passing-time,run2,7
mortality-and-reflection,run1,12
mortality-and-surrender,run2,805
mortality-awareness,run2,192
mother-as-sole-provider,run1,849
mother-as-sole-provider,run2,849
mother-son-bond,run1,651
mother-son-bond,run2,651
motherhood,run1,309
motherhood,run2,309
motherhood-and-nurturing,run1,565
moving-fast-together,run2,456
moving-forward,run1,209
moving-in-together,run1,675
moving-on,run1,1
moving-on,run1,23
moving-on,run1,40
moving-on,run1,71
moving-on,run1,173
moving-on,run1,189
moving-on,run1,205
moving-on,run1,259
moving-on,run1,277
moving-on,run1,287
moving-on,run1,288
moving-on,run1,324
moving-on,run1,369
moving-on,run1,431
moving-on,run1,448
moving-on,run1,459
moving-on,run1,472
moving-on,run1,477
moving-on,run1,486
moving-on,run1,539
moving-on,run1,562
moving-on,run1,563
moving-on,run1,582
moving-on,run1,611
moving-on,run1,636
moving-on,run1,666
moving-on,run1,706
moving-on,run1,741
moving-on,run1,743
moving-on,run1,759
moving-on,run1,785
moving-on,run1,824
moving-on,run1,833
moving-on,run1,841
moving-on,run2,1
moving-on,run2,23
moving-on,run2,26
moving-on,run2,44
moving-on,run2,71
moving-on,run2,173
moving-on,run2,189
moving-on,run2,205
moving-on,run2,259
moving-on,run2,261
moving-on,run2,266
moving-on,run2,277
moving-on,run2,287
moving-on,run2,288
moving-on,run2,369
moving-on,run2,431
moving-on,run2,472
moving-on,run2,477
moving-on,run2,506
moving-on,run2,539
moving-on,run2,562
moving-on,run2,563
moving-on,run2,582
moving-on,run2,609
moving-on,run2,636
moving-on,run2,666
moving-on,run2,743
moving-on,run2,745
moving-on,run2,841
moving-on-after-a-relationship,run1,593
moving-on-after-a-relationship,run2,593
moving-on-after-breakup,run1,415
moving-on-after-breakup,run1,691
moving-on-after-breakup,run2,415
moving-on-after-breakup,run2,691
moving-on-after-breakup,run2,747
moving-on-after-heartbreak,run1,200
moving-on-after-heartbreak,run2,200
moving-on-after-loss,run2,490
moving-on-and-detachment,run1,4
moving-on-and-detachment,run2,4
moving-on-and-finality,run2,824
moving-on-and-forgiveness,run2,376
moving-on-and-letting-go,run1,38
moving-on-and-letting-go,run2,38
moving-on-and-regret,run1,737
moving-on-and-self-recovery,run1,433
moving-on-and-time-passing,run1,747
moving-on-asymmetry,run1,50
moving-on-asymmetry,run2,50
moving-on-asymmetry,run2,677
moving-on-attempt,run2,706
moving-on-attempts,run1,220
moving-on-attempts,run2,220
moving-on-difficulty,run1,120
moving-on-failure,run2,591
moving-on-from-a-bad-relationship,run1,395
moving-on-from-a-bad-relationship,run2,395
moving-on-from-drama,run2,59
moving-on-from-ex,run2,359
moving-on-from-love,run2,432
moving-on-from-past-relationships,run2,167
moving-on-from-relationships,run2,695
moving-on-from-the-past,run1,167
moving-on-from-the-past,run2,448
moving-on-narratives,run2,833
moving-on-struggle,run1,322
moving-on-struggle,run2,322
moving-on-struggle,run2,487
moving-on-with-difficulty,run1,202
moving-on-with-difficulty,run2,202
multicultural-collaboration,run1,145
multigenerational-family,run1,344
multilingual-communication,run1,48
multilingual-communication,run2,48
multilingual-expression,run2,145
multiple-options-and-dating,run2,359
multiple-partners,run1,359
multiple-partners,run2,527
multiple-romantic-interests,run1,403
multiple-romantic-interests,run2,403
multiple-romantic-partners,run1,709
multiple-romantic-partners,run2,709
murder-and-death,run2,535
muse-and-inspiration,run1,381
music-and-dance,run1,814
music-and-dance,run2,814
music-and-dancing,run1,14
music-and-dancing,run2,14
music-and-expression,run1,507
music-and-expression,run2,507
music-and-singing,run1,533
music-and-singing,run2,533
music-appreciation,run1,454
music-appreciation,run2,454
music-as-celebration,run1,429
music-as-celebration,run2,429
music-as-connection,run2,398
music-as-emotional-connection,run1,529
music-as-emotional-connection,run2,529
music-as-entertainment,run1,145
music-as-entertainment,run2,145
music-as-joy,run1,11
music-as-joy,run2,11
music-as-metaphor,run2,418
music-as-painful-reminder,run1,627
music-as-painful-reminder,run2,627
music-as-salvation,run1,19
music-as-salvation,run2,19
music-career-success,run1,651
music-career-success,run2,651
music-industry-authenticity,run1,313
music-industry-criticism,run2,313
music-industry-exploitation,run1,331
music-industry-exploitation,run2,331
musical-confidence,run2,186
musical-dominance,run1,186
musical-dominance,run2,872
musical-harmony-as-metaphor,run1,73
musical-harmony-as-metaphor,run2,73
musical-metaphor,run1,418
mutual-acceptance,run1,127
mutual-acceptance-and-non-judgment,run2,127
mutual-admiration,run2,378
mutual-admiration,run2,653
mutual-affection,run2,461
mutual-attraction,run1,17
mutual-attraction,run1,93
mutual-attraction,run1,100
mutual-attraction,run1,103
mutual-attraction,run1,199
mutual-attraction,run1,364
mutual-attraction,run1,615
mutual-attraction,run1,765
mutual-attraction,run2,17
mutual-attraction,run2,100
mutual-attraction,run2,130
mutual-attraction,run2,199
mutual-attraction,run2,307
mutual-attraction,run2,349
mutual-attraction,run2,494
mutual-attraction,run2,615
mutual-attraction,run2,655
mutual-attraction-denial,run1,883
mutual-awareness,run1,494
mutual-breakup,run1,539
mutual-breakup,run2,539
mutual-brokenness,run1,875
mutual-brokenness,run2,875
mutual-commitment,run1,47
mutual-complicity,run1,739
mutual-connection,run1,456
mutual-connection,run2,435
mutual-connection,run2,456
mutual-dependency,run1,223
mutual-dependency,run2,223
mutual-desire,run1,102
mutual-desire,run1,208
mutual-desire,run1,284
mutual-desire,run1,400
mutual-desire,run1,699
mutual-desire,run2,103
mutual-desire,run2,180
mutual-desire,run2,208
mutual-desire,run2,284
mutual-desire,run2,400
mutual-desire,run2,641
mutual-desire,run2,699
mutual-desire,run2,765
mutual-desire,run2,806
mutual-desire-denial,run1,180
mutual-destruction,run1,725
mutual-devotion,run1,232
mutual-devotion,run1,653
mutual-devotion,run2,232
mutual-dishonesty,run1,328
mutual-dishonesty,run2,328
mutual-dysfunction,run1,303
mutual-enjoyment,run1,625
mutual-escalation,run1,846
mutual-escalation,run2,846
mutual-exchange-in-love,run1,53
mutual-exchange-in-love,run2,53
mutual-fault,run1,809
mutual-fault,run2,809
mutual-fulfillment,run1,510
mutual-fulfillment,run2,510
mutual-guilt,run2,725
mutual-hesitation,run1,51
mutual-individuality,run2,314
mutual-interest,run1,655
mutual-irrationality,run1,445
mutual-jealousy,run2,364
mutual-longing,run2,567
mutual-need,run1,386
mutual-need,run1,806
mutual-need,run2,386
mutual-one-of-a-kind,run1,314
mutual-pleasure,run1,451
mutual-possession,run1,77
mutual-pretending,run1,202
mutual-protection,run1,565
mutual-questioning,run2,293
mutual-rescue,run1,25
mutual-rescue,run2,259
mutual-respect-in-relationships,run2,565
mutual-satisfaction,run2,625
mutual-support,run2,47
mutual-trust-issues,run1,820
mutual-trust-issues,run2,820
mutual-understanding,run1,66
mutual-understanding,run1,836
mutual-understanding,run2,66
mutual-understanding,run2,836
mutual-vulnerability,run1,293
mutual-vulnerability,run2,183
mutual-worthiness,run1,641
mysterious-allure,run1,427
mysterious-allure,run2,427
mystery-and-enigma,run1,732
mystery-and-enigma,run2,732
mystery-and-uncertainty,run1,854
mythological-heroes,run1,105
mythological-heroes,run2,105
naivety-and-self-reproach,run1,659
naivety-and-self-reproach,run2,659
narcissism-and-heartlessness,run1,659
narcissism-and-predatory-behavior,run2,659
narcissism-and-self-deception,run1,638
narcissism-and-self-deception,run2,638
narcissism-and-selfishness,run1,439
narcissism-and-selfishness,run2,439
narcissism-and-vanity,run1,1
narcissism-and-vanity,run2,1
narcissistic-self-confidence,run1,498
narcissistic-self-confidence,run2,498
narco-lifestyle-pride,run1,711
narrative-closure,run2,344
natural-beauty,run1,481
natural-beauty,run1,650
natural-beauty,run1,681
natural-beauty,run2,104
natural-beauty,run2,481
natural-beauty,run2,650
natural-beauty,run2,681
natural-beauty-and-freedom,run1,542
natural-beauty-and-imagery,run2,542
natural-beauty-and-intimacy,run2,111
natural-cycles-as-metaphor,run1,863
natural-cycles-as-metaphor,run2,863
natural-disaster-as-metaphor,run2,415
natural-forces-as-metaphor,run1,686
natural-forces-as-metaphor,run2,686
natural-pairing,run1,348
natural-pairing,run2,348
natural-world-as-sacred,run1,323
nature-and-gratitude,run2,323
nature-as-emotional-backdrop,run2,181
nature-as-emotional-symbol,run1,581
nature-as-metaphor,run1,339
nature-as-metaphor,run2,339
nature-as-metaphor,run2,505
navigating-obstacles,run1,518
navigating-obstacles,run2,518
need-and-devotion,run2,152
need-for-genuine-love,run2,881
need-for-honesty,run1,149
need-for-love,run1,689
need-for-love,run2,689
need-for-partner,run1,152
need-for-redemption,run1,516
need-for-redemption,run2,516
need-for-space,run1,881
need-for-space,run2,163
neediness-and-dependency,run1,848
neglect-of-family,run2,632
neglect-of-responsibility,run1,828
neglected-religion,run2,663
neglected-religious-practice,run1,663
neglecting-family,run1,632
negotiating-drug-prices,run1,91
neighborhood-identity,run1,211
neighborhood-identity,run2,211
neighborhood-identity,run2,831
nervousness-and-vulnerability,run2,306
nervousness-around-partner,run1,306
never-give-up-mentality,run2,282
new-beginning-in-love,run2,191
new-beginnings,run1,181
new-beginnings,run1,503
new-beginnings,run1,748
new-beginnings,run2,181
new-beginnings,run2,503
new-feelings,run1,284
new-love,run1,852
new-love,run2,852
new-love-and-connection,run1,602
new-love-and-connection,run2,602
new-love-awakening,run1,622
new-love-interest,run1,386
new-love-interest,run2,386
new-perspective,run1,802
new-perspective,run2,802
new-relationship,run1,101
new-relationship,run1,119
new-relationship,run1,569
new-relationship,run2,101
new-relationship,run2,119
new-relationship,run2,569
new-relationship-and-falling-in-love,run2,376
new-relationship-discovery,run1,36
new-relationship-discovery,run2,36
new-relationship-inadequacy,run1,591
new-relationship-of-the-ex,run1,376
new-relationship-potential,run1,629
new-relationship-potential,run2,629
new-romance,run1,194
new-romance,run1,693
new-romance,run2,194
new-romance,run2,486
new-romance,run2,693
new-romantic-interest,run1,486
new-romantic-prospects,run1,598
new-romantic-prospects,run2,598
new-romantic-relationship,run1,651
new-romantic-relationship,run2,651
new-york-city-life,run1,872
new-york-city-life,run2,872
new-york-identity,run2,219
new-york-pride,run1,219
newfound-freedom,run1,262
newfound-freedom,run2,262
newfound-freedom,run2,369
newly-single,run1,601
newly-single,run2,601
night-owl-lifestyle,run1,730
night-owl-lifestyle,run2,730
night-shift-separation,run2,16
nightclub-atmosphere,run1,134
nightclub-atmosphere,run1,818
nightclub-atmosphere,run2,818
nightclub-energy,run1,793
nightclub-lifestyle,run1,440
nightclub-lifestyle,run2,440
nightclub-party-culture,run1,118
nightclub-pickup,run2,114
nightlife,run1,664
nightlife,run1,862
nightlife,run2,203
nightlife,run2,862
nightlife-and-celebration,run1,200
nightlife-and-celebration,run2,200
nightlife-and-celebrity,run1,37
nightlife-and-clubbing,run1,520
nightlife-and-clubbing,run2,520
nightlife-and-dancing,run1,17
nightlife-and-dancing,run1,605
nightlife-and-dancing,run1,844
nightlife-and-dancing,run2,605
nightlife-and-excess,run1,676
nightlife-and-excess,run2,676
nightlife-and-midnight-thrills,run1,400
nightlife-and-party,run1,335
nightlife-and-party,run2,335
nightlife-and-partying,run1,162
nightlife-and-partying,run1,164
nightlife-and-partying,run1,411
nightlife-and-partying,run1,613
nightlife-and-partying,run1,801
nightlife-and-partying,run2,37
nightlife-and-partying,run2,118
nightlife-and-partying,run2,162
nightlife-and-partying,run2,164
nightlife-and-partying,run2,411
nightlife-and-partying,run2,613
nightlife-and-partying,run2,801
nightlife-and-performance,run1,807
nightlife-and-performance,run2,807
nightlife-and-secrecy,run1,410
nightlife-and-urban-atmosphere,run1,367
nightlife-and-urban-atmosphere,run2,367
nightlife-atmosphere,run2,327
nightlife-bar-scene,run1,616
nightlife-bar-scene,run2,616
nightlife-celebration,run1,203
nightlife-celebration,run2,614
nightlife-chaos,run2,658
nightlife-dancing,run2,17
nightlife-encounter,run1,765
nightlife-glamour,run2,664
nightlife-meetup,run2,631
nightlife-setting,run1,169
nightmares-and-bad-dreams,run1,859
nightmares-and-bad-dreams,run2,859
nightmares-and-sleep,run2,342
nighttime-atmosphere,run1,687
nighttime-atmosphere,run2,687
nighttime-desire,run1,614
nighttime-desire,run1,770
nighttime-drive,run1,573
nighttime-drive,run2,573
nighttime-festivities,run1,621
nighttime-revelry,run2,621
nighttime-romance,run1,251
nighttime-romance,run2,251
no-apology,run1,477
no-closure,run1,743
no-commitment,run2,100
no-contact,run1,274
no-desire-for-solitude,run2,419
no-gang-affiliation,run2,631
no-hard-feelings,run1,539
no-hard-feelings,run2,539
no-limit-records-references,run1,90
no-limit-records-references,run2,90
no-pressure-love,run1,371
no-pressure-love,run2,371
no-regrets,run1,419
no-regrets-attitude,run2,711
no-return,run1,857
no-return,run2,857
no-strings-arrangement,run2,632
no-strings-attached,run1,100
no-strings-attached,run1,820
no-strings-attached,run2,820
no-strings-attachment,run1,632
no-strings-attachment,run2,89
no-strings-relationship,run1,584
no-type-open-desire,run1,496
non-commitment,run1,48
non-judgment-and-acceptance,run2,514
non-judgmental-support,run1,514
nonconformity,run1,146
nonconformity,run1,269
nonconformity,run1,390
nonconformity,run2,78
nonconformity,run2,146
nonstop-drive,run1,411
nonstop-energy,run1,145
nonstop-energy,run2,145
nonverbal-connection,run1,66
nonverbal-connection,run2,66
nonverbal-understanding,run1,306
nostalgia,run1,10
nostalgia,run1,83
nostalgia,run1,85
nostalgia,run1,120
nostalgia,run1,125
nostalgia,run1,142
nostalgia,run1,187
nostalgia,run1,220
nostalgia,run1,258
nostalgia,run1,365
nostalgia,run1,579
nostalgia,run1,612
nostalgia,run1,698
nostalgia,run1,708
nostalgia,run1,721
nostalgia,run1,760
nostalgia,run1,851
nostalgia,run2,10
nostalgia,run2,83
nostalgia,run2,85
nostalgia,run2,125
nostalgia,run2,142
nostalgia,run2,187
nostalgia,run2,220
nostalgia,run2,258
nostalgia,run2,365
nostalgia,run2,541
nostalgia,run2,579
nostalgia,run2,612
nostalgia,run2,620
nostalgia,run2,698
nostalgia,run2,708
nostalgia,run2,721
nostalgia,run2,760
nostalgia-and-better-days,run1,202
nostalgia-and-change,run1,564
nostalgia-and-homecoming,run1,15
nostalgia-and-humble-origins,run1,126
nostalgia-and-intimacy,run1,27
nostalgia-and-longing,run1,487
nostalgia-and-longing,run1,589
nostalgia-and-longing,run2,262
nostalgia-and-longing,run2,487
nostalgia-and-longing,run2,589
nostalgia-and-memory,run1,373
nostalgia-and-memory,run1,770
nostalgia-and-memory,run1,777
nostalgia-and-memory,run1,834
nostalgia-and-memory,run2,27
nostalgia-and-memory,run2,79
nostalgia-and-memory,run2,373
nostalgia-and-memory,run2,770
nostalgia-and-personal-history,run1,236
nostalgia-and-personal-history,run1,387
nostalgia-and-personal-history,run2,387
nostalgia-and-regret,run1,840
nostalgia-and-regret,run2,840
nostalgia-and-self-reflection,run1,484
nostalgia-and-self-reflection,run2,484
nostalgia-and-sentiment,run1,541
nostalgia-and-shared-past,run1,315
nostalgia-and-shared-past,run2,315
nostalgia-and-simpler-times,run1,341
nostalgia-and-simpler-times,run2,341
nostalgia-for-better-days,run2,202
nostalgia-for-childhood,run1,5
nostalgia-for-childhood,run2,5
nostalgia-for-classic-country,run1,620
nostalgia-for-country-music,run1,585
nostalgia-for-intimacy,run1,53
nostalgia-for-past-encounter,run2,668
nostalgia-for-past-love,run1,591
nostalgia-for-past-relationship,run2,24
nostalgia-for-past-romance,run1,245
nostalgia-for-past-romance,run2,245
nostalgia-for-simple-life,run2,473
nostalgia-for-simple-things,run1,473
nostalgia-for-the-past,run1,7
nostalgia-for-the-past,run1,556
nostalgia-for-the-past,run1,593
nostalgia-for-the-past,run1,878
nostalgia-for-the-past,run2,7
nostalgia-for-the-past,run2,550
nostalgia-for-the-past,run2,556
nostalgia-for-the-past,run2,593
nostalgia-for-the-past,run2,878
nostalgia-for-the-relationship,run1,581
nostalgia-for-the-relationship,run1,670
nostalgia-for-the-relationship,run2,581
nostalgia-for-the-relationship,run2,670
nostalgic-memories,run1,415
nostalgic-memories,run2,415
nostalgic-memory,run2,834
not-fitting-in,run1,291
not-fitting-in,run2,291
not-letting-negativity-affect-you,run1,310
not-wanting-to-part,run1,347
not-wanting-to-part,run2,347
not-wasting-love,run1,271
not-wasting-love,run2,271
nothing-to-lose-mentality,run1,750
nothing-to-lose-mentality,run2,750
now-or-never-love,run1,153
now-or-never-urgency,run2,153
numbing-pain,run1,322
numbing-pain,run2,322
numbing-pain-through-substances,run1,676
numbness-and-euphoria,run1,72
numbness-and-euphoria,run2,72
obsession,run1,23
obsession,run1,546
obsession,run2,23
obsession,run2,207
obsession,run2,307
obsession-and-control,run1,843
obsession-and-control,run2,843
obsession-and-fixation,run1,397
obsession-and-longing,run1,749
obsession-and-longing,run2,749
obsession-and-madness,run1,870
obsession-and-madness,run2,870
obsession-and-negativity,run2,310
obsession-over-ex,run2,763
obsession-with-someone,run1,571
obsession-with-someone,run2,397
obsession-with-someone-new,run1,835
obsession-with-weapons,run2,98
obsessive-attachment,run1,399
obsessive-attachment,run1,451
obsessive-attachment,run1,508
obsessive-attachment,run2,399
obsessive-attachment,run2,451
obsessive-attraction,run1,56
obsessive-attraction,run2,732
obsessive-craving,run1,761
obsessive-craving,run1,801
obsessive-craving,run2,761
obsessive-craving,run2,801
obsessive-desire,run1,207
obsessive-desire,run1,647
obsessive-desire,run1,722
obsessive-desire,run1,823
obsessive-desire,run1,865
obsessive-desire,run2,647
obsessive-desire,run2,823
obsessive-infatuation,run1,549
obsessive-infatuation,run1,605
obsessive-longing,run1,302
obsessive-longing,run1,471
obsessive-longing,run1,640
obsessive-longing,run1,803
obsessive-longing,run2,302
obsessive-longing,run2,371
obsessive-longing,run2,471
obsessive-longing,run2,534
obsessive-longing,run2,640
obsessive-longing,run2,803
obsessive-love,run1,131
obsessive-love,run1,139
obsessive-love,run1,343
obsessive-love,run1,637
obsessive-love,run1,826
obsessive-love,run2,131
obsessive-love,run2,139
obsessive-love,run2,637
obsessive-social-media-stalking,run2,677
obsessive-thinking,run1,499
obsessive-thoughts,run1,428
obsessive-thoughts,run1,534
obsessive-thoughts,run1,794
obsessive-thoughts,run2,428
obsessive-thoughts,run2,571
obsessive-thoughts,run2,648
obsessive-thoughts,run2,794
obsessive-thoughts,run2,850
obsessive-thoughts-about-ex,run2,623
obsessive-thoughts-about-ex,run2,810
obsessive-thoughts-of-an-ex,run1,275
obsessive-thoughts-of-ex,run1,532
obsessive-thoughts-of-ex,run1,623
obsessive-thoughts-of-ex,run2,275
obsessive-thoughts-of-ex,run2,532
obvious-romantic-choice,run1,254
obvious-romantic-choice,run2,254
ocean-wildlife,run1,344
ocean-wildlife,run2,344
offering-and-availability,run1,123
offering-comfort,run1,755
offering-love,run2,837
offering-to-heal,run1,650
on-again-off-again-cycle,run1,809
on-again-off-again-cycle,run2,809
on-again-off-again-relationship,run1,511
on-again-off-again-relationship,run1,626
on-again-off-again-relationship,run2,511
on-again-off-again-relationship,run2,626
on-and-off-relationship,run1,223
on-and-off-relationship,run1,633
on-and-off-relationship,run2,633
one-night-connection,run2,513
one-night-encounter,run1,496
one-night-life-changing,run1,254
one-night-stand,run1,513
one-night-stand,run1,696
one-night-stand,run2,696
one-sided-attachment,run1,834
one-sided-attachment,run2,834
one-sided-effort,run2,824
one-sided-emotional-aftermath,run2,460
one-sided-grief,run1,460
one-sided-longing,run1,7
one-sided-longing,run2,7
one-sided-love,run1,491
one-sided-love,run1,525
one-sided-love,run1,531
one-sided-love,run1,824
one-sided-love,run2,525
one-sided-relationship,run1,124
one-sided-relationship,run1,490
one-sided-relationship,run1,649
one-sided-relationship,run2,124
one-sided-sacrifice,run2,280
online-harassment,run1,310
online-harassment,run2,310
online-popularity,run1,69
online-popularity,run2,69
online-posturing-mockery,run1,842
online-tough-guys,run2,842
onomatopoeic-braggadocio,run1,715
onomatopoeic-braggadocio,run2,715
open-communication,run1,284
open-communication,run2,208
open-communication,run2,284
open-mindedness-toward-origins,run2,48
open-road-lifestyle,run1,685
open-road-lifestyle,run2,685
opening-up-the-heart,run2,650
openness-and-communication,run2,354
openness-to-adventure,run1,644
opportunistic-attraction,run1,590
opportunistic-attraction,run2,590
optimism,run1,448
optimism-about-the-future,run2,695
optimism-and-hope,run1,634
optimism-and-hope,run2,634
optimism-and-wonder,run1,802
optimism-and-wonder,run2,802
optimism-through-struggle,run2,374
oral-sex,run1,89
oral-sex,run1,546
orange-as-symbol,run2,581
ordinary-life-as-meaningful,run2,450
ordinary-romance,run1,105
ordinary-romance,run2,105
outdoor-nightlife,run1,533
outdoor-recreation,run1,454
outdoor-recreation,run2,454
outdoor-romance,run1,107
outlaw-couple,run1,232
outlaw-identity,run1,370
outlaw-lifestyle,run2,232
outlaw-romance,run1,750
outlaw-romance,run2,750
outshining-an-ex,run1,728
outshining-others,run2,65
outshining-others,run2,182
outside-opinions,run2,635
outside-validation,run2,1
outsider-bond,run2,328
outsider-community,run1,429
outsider-community,run2,429
outsider-identity,run1,328
outsider-identity,run1,540
outsider-identity,run2,540
outsider-warning,run1,21
outsider-warning,run2,21
overcoming-adversity,run1,209
overcoming-adversity,run1,248
overcoming-adversity,run1,374
overcoming-adversity,run1,654
overcoming-adversity,run2,209
overcoming-adversity,run2,654
overcoming-darkness,run1,853
overcoming-darkness,run2,49
overcoming-darkness,run2,853
overcoming-doubt,run2,313
overcoming-doubt-and-adversity,run1,313
overcoming-fear,run1,181
overcoming-fear,run2,181
overcoming-fear-and-struggle,run2,221
overcoming-fear-of-love,run2,536
overcoming-hardship,run2,842
overcoming-hardship-and-success,run1,221
overcoming-hesitation,run1,165
overcoming-hesitation,run1,284
overcoming-hesitation,run2,18
overcoming-hesitation,run2,165
overcoming-hidden-identity,run1,819
overcoming-manipulation,run1,161
overcoming-manipulation,run2,161
overcoming-obstacles-together,run2,193
overcoming-odds-together,run1,193
overcoming-self-doubt,run2,819
overcoming-stress,run2,559
overcoming-underestimation,run1,565
overcoming-underestimation,run1,758
overdue-liberation,run1,559
overnight-intimacy,run1,615
oversharing-and-emotional-chaos,run1,798
overthinking,run1,20
overthinking,run1,228
overthinking,run2,20
overthinking,run2,228
overwhelm-and-isolation,run1,575
overwhelming-attraction,run1,66
overwhelming-attraction,run1,94
overwhelming-attraction,run1,169
overwhelming-attraction,run1,306
overwhelming-attraction,run1,505
overwhelming-attraction,run2,66
overwhelming-attraction,run2,94
overwhelming-attraction,run2,169
overwhelming-attraction,run2,306
overwhelming-attraction,run2,505
overwhelming-effect-of-love,run2,549
overwhelming-effort-for-love,run1,469
overwhelming-emotion,run1,734
overwhelming-emotions,run1,204
overwhelming-emotions,run2,204
overwhelming-love,run1,271
overwhelming-love,run1,768
overwhelming-love,run2,271
overwhelming-love,run2,734
overwhelming-passion,run1,538
overwhelming-passion,run2,538
overwhelming-pressure,run1,592
ownership-and-independence,run1,814
ownership-and-pride,run2,14
pac-tribute-and-legacy,run1,727
pac-tribute-and-legacy,run2,727
pain-as-transformation,run1,108
pain-as-transformation,run2,108
pain-of-loving-someone-selfish,run2,244
painful-breakup,run1,471
painful-breakup,run2,471
painful-goodbye,run1,453
painful-goodbye,run2,453
painful-lessons-learned,run2,433
painful-memories,run1,683
painful-memories,run1,698
painful-memories,run1,795
painful-memories,run2,683
painful-memories,run2,698
painful-pleasure,run1,72
painful-pleasure,run2,72
painful-proximity-to-ex,run1,739
painful-proximity-to-ex,run2,739
painful-separation,run1,261
painful-separation,run2,261
painful-separation,run2,337
paradise-and-chaos,run1,22
paradise-and-war,run2,22
paradox-of-love-and-destruction,run1,339
paradox-of-love-and-destruction,run2,339
paranoia-and-distrust,run1,366
paranoia-and-distrust,run2,366
paranoia-and-enemies,run1,325
paranoia-and-powerlessness,run1,561
paranoia-and-powerlessness,run2,561
paranoia-and-street-awareness,run2,92
paranoia-and-street-survival,run1,733
paranoia-and-surveillance,run1,587
paranoia-and-surveillance,run1,829
paranoia-and-surveillance,run2,587
paranoia-and-surveillance,run2,829
paranoia-and-survival-mentality,run2,733
parental-conflict,run1,217
parental-conflict,run2,217
parental-disapproval,run1,400
parental-disapproval,run2,400
parental-guilt-and-apology,run1,849
parental-guilt-and-apology,run2,849
parental-loneliness,run1,67
parental-loneliness,run2,67
parental-love,run1,370
parental-love,run2,370
parental-love-and-devotion,run1,882
parental-love-and-devotion,run2,882
parental-responsibility,run1,142
parental-responsibility,run2,142
parental-struggle,run1,67
parental-struggle,run2,67
parental-worry,run2,651
parenthood,run1,675
parenthood,run2,675
parenting-worries,run1,599
parenting-worries,run2,599
partner-appreciation,run1,625
partner-appreciation,run2,625
partner-as-an-asset,run1,381
partner-as-authority-figure,run1,16
partner-as-divine-light,run1,49
partner-as-everything,run1,419
partner-as-everything,run2,64
partner-as-focus,run1,362
partner-as-focus,run2,362
partner-as-irresistible,run1,417
partner-as-mirror,run2,536
partner-as-priority,run2,417
partner-avoidance,run1,180
partner-changing,run1,24
partner-changing,run1,273
partner-changing,run2,24
partner-changing,run2,273
partner-devotion,run1,103
partner-disappointment,run1,717
partner-inadequacy,run1,590
partner-inadequacy,run2,590
partner-insecurity,run2,419
partner-neglect,run1,441
partner-self-doubt,run2,734
partnership,run1,346
partnership,run1,418
partnership,run2,346
partnership,run2,418
partnership-and-unity,run1,55
partnership-and-unity,run1,596
partnership-and-unity,run2,55
party-and-celebration,run1,115
party-and-celebration,run1,282
party-and-nightlife,run2,53
party-and-performance-energy,run1,726
party-and-performance-energy,run2,726
party-atmosphere,run1,157
party-atmosphere,run1,326
party-atmosphere,run2,157
party-atmosphere,run2,326
party-atmosphere,run2,806
party-celebration,run1,145
party-celebration,run2,145
party-culture-and-excess,run2,390
party-discomfort,run1,39
party-discomfort,run2,39
party-energy,run2,88
party-excess,run1,390
party-lifestyle,run1,34
party-lifestyle,run1,134
party-lifestyle,run1,380
party-lifestyle,run1,423
party-lifestyle,run1,723
party-lifestyle,run2,34
party-lifestyle,run2,380
party-lifestyle,run2,423
party-lifestyle,run2,719
party-lifestyle,run2,723
partying-and-celebration,run1,14
partying-and-celebration,run1,158
partying-and-celebration,run1,276
partying-and-celebration,run1,383
partying-and-celebration,run1,604
partying-and-celebration,run2,115
partying-and-celebration,run2,158
partying-and-celebration,run2,276
partying-and-celebration,run2,282
partying-and-celebration,run2,383
partying-and-celebration,run2,604
partying-and-celebration,run2,872
partying-and-dancing,run1,657
partying-and-dancing,run2,155
partying-and-dancing,run2,657
partying-and-drinking,run1,521
partying-and-getting-high,run1,601
partying-and-indulgence,run2,521
partying-and-intoxication,run1,35
partying-and-intoxication,run2,35
partying-and-intoxication,run2,256
partying-and-intoxication,run2,658
partying-and-nightlife,run1,177
partying-and-nightlife,run1,195
partying-and-nightlife,run1,218
partying-and-nightlife,run1,482
partying-and-nightlife,run1,483
partying-and-nightlife,run1,838
partying-and-nightlife,run2,134
partying-and-nightlife,run2,177
partying-and-nightlife,run2,195
partying-and-nightlife,run2,218
partying-and-nightlife,run2,482
partying-and-nightlife,run2,483
partying-and-nightlife,run2,645
partying-and-nightlife,run2,838
partying-and-substance-use,run2,601
partying-and-substances,run1,87
partying-and-substances,run2,87
partying-and-turning-up,run1,631
partying-and-turning-up,run2,631
partying-and-wild-lifestyle,run1,256
partying-and-women,run1,711
partying-and-women,run2,711
passage-of-time,run1,7
passage-of-time,run1,12
passage-of-time,run1,138
passage-of-time,run1,675
passage-of-time,run2,12
passage-of-time,run2,138
passage-of-time,run2,473
passage-of-time,run2,675
passage-of-time-and-youth,run2,788
passion-and-desire,run1,844
passion-and-excitement,run2,552
passion-and-intensity,run1,777
passion-and-intensity,run2,777
passion-and-purpose,run2,864
passion-for-music,run1,607
passion-for-music,run2,607
passion-over-romance,run2,825
passionate-connection,run2,107
passionate-desire,run1,846
passionate-desire,run2,846
passionate-encounter,run1,290
passionate-encounter,run1,668
passionate-intensity,run1,626
passionate-intensity,run2,131
passionate-intensity,run2,626
passionate-intimacy,run2,290
passionate-pursuit,run1,131
passionate-relationship,run1,475
passionate-relationship,run2,475
passionate-urgency,run2,844
past-drama-left-behind,run1,59
past-heartbreak,run1,194
past-heartbreak,run1,386
past-heartbreak,run1,399
past-heartbreak,run1,596
past-heartbreak,run1,640
past-heartbreak,run1,678
past-heartbreak,run2,194
past-heartbreak,run2,386
past-heartbreak,run2,596
past-heartbreak,run2,640
past-heartbreak,run2,678
past-history-and-attraction,run2,208
past-peak-humiliation,run1,586
past-pride-and-downfall,run1,516
past-pride-and-downfall,run2,516
past-relationship-baggage,run1,465
past-relationship-baggage,run2,465
past-relationship-contrast,run1,41
past-relationship-contrast,run2,41
past-relationship-failures,run1,397
past-relationship-failures,run2,397
past-relationship-promises,run2,26
past-relationship-reflection,run1,26
past-relationship-regret,run2,586
past-relationship-struggles,run1,517
past-relationship-struggles,run2,517
past-relationship-trauma,run1,191
past-relationship-wound,run1,696
past-relationships,run1,63
past-relationships,run1,820
past-relationships,run2,63
past-relationships,run2,868
past-relationships-leading-to-true-love,run1,512
past-relationships-leading-to-true-love,run2,512
past-struggles-and-hardship,run1,414
past-struggles-and-hardship,run2,414
past-toxic-relationships,run1,852
past-trauma,run2,366
past-trauma-affecting-love,run2,399
past-trauma-and-healing,run2,671
patience-and-gentleness,run2,132
patience-and-perseverance,run1,109
patience-and-respect,run1,847
patience-and-respect,run2,847
patient-pursuit,run1,837
patient-pursuit,run2,837
paying-dues,run1,607
paying-dues,run2,607
paying-it-forward,run1,96
paying-it-forward,run2,96
perfect-compatibility,run1,285
perfect-compatibility,run1,507
perfect-compatibility,run2,507
perfect-timing,run1,458
perfect-timing,run2,458
perfection-in-love,run1,239
perfection-in-love,run2,239
performance-and-showmanship,run2,506
performative-femininity,run1,78
performative-rebellion,run1,390
performer-audience-disconnect,run2,650
performer-identity,run1,88
performing-despite-pain,run1,749
performing-despite-pain,run2,749
performing-for-absent-lover,run1,650
performing-for-others,run1,506
performing-live,run2,607
perseverance,run1,47
perseverance,run1,864
perseverance,run2,47
perseverance,run2,864
perseverance-against-odds,run2,286
perseverance-and-struggle,run1,634
perseverance-despite-hardship,run1,286
perseverance-in-faith,run1,867
perseverance-in-faith,run2,867
perseverance-in-love,run1,387
perseverance-in-love,run1,606
perseverance-in-love,run2,387
perseverance-in-love,run2,606
perseverance-through-struggle,run2,634
personal-appearance,run2,157
personal-boundaries,run1,45
personal-boundaries,run1,797
personal-boundaries,run2,45
personal-boundaries,run2,797
personal-change,run2,515
personal-change,run2,729
personal-flaws-and-authenticity,run2,830
personal-flaws-and-issues,run2,127
personal-growth,run1,99
personal-growth,run1,181
personal-growth,run1,377
personal-growth,run1,518
personal-growth,run1,536
personal-growth,run1,559
personal-growth,run1,754
personal-growth,run1,830
personal-growth,run2,99
personal-growth,run2,518
personal-growth,run2,559
personal-growth-and-change,run2,875
personal-growth-and-elevation,run1,474
personal-growth-and-elevation,run2,474
personal-growth-and-past,run2,494
personal-growth-and-redemption,run1,651
personal-growth-and-redemption,run2,651
personal-growth-and-resilience,run2,256
personal-growth-and-self-improvement,run2,377
personal-growth-and-transformation,run2,486
personal-growth-through-hardship,run1,25
personal-growth-through-hardship,run2,25
personal-growth-through-heartbreak,run1,287
personal-growth-through-heartbreak,run2,287
personal-growth-through-love,run1,517
personal-growth-through-love,run2,517
personal-growth-through-relationship,run1,558
personal-identity,run1,529
personal-identity,run2,529
personal-identity-and-loyalty,run1,443
personal-identity-and-loyalty,run2,443
personal-integrity,run1,656
personal-integrity,run2,656
personal-nostalgia,run2,236
personal-power-and-success,run1,680
personal-pride,run2,450
personal-pride-in-small-moments,run1,450
personal-recovery,run1,724
personal-recovery,run2,724
personal-redemption,run1,356
personal-redemption,run1,799
personal-redemption,run2,356
personal-redemption,run2,799
personal-reinvention,run2,448
personal-renewal,run2,573
personal-strength,run1,161
personal-struggle,run1,312
personal-struggle,run2,312
personal-struggle-with-addiction,run1,159
personal-struggle-with-addiction,run2,159
personal-style,run1,157
personal-style-and-uniqueness,run1,378
personal-transformation,run1,94
personal-transformation,run1,356
personal-transformation,run1,366
personal-transformation,run1,369
personal-transformation,run1,620
personal-transformation,run1,852
personal-transformation,run1,879
personal-transformation,run2,94
personal-transformation,run2,356
personal-transformation,run2,366
personal-transformation,run2,369
personal-transformation,run2,879
personal-transformation-through-love,run2,419
personal-transgressions,run1,265
personal-transgressions,run2,265
personal-values-and-integrity,run2,450
personification-of-substance,run1,493
persuasion-and-seduction,run1,360
persuasion-and-seduction,run2,360
physical-admiration,run1,361
physical-admiration,run2,361
physical-admiration,run2,655
physical-affection,run1,625
physical-affection,run2,625
physical-affection,run2,806
physical-aftermath-of-grief,run1,424
physical-aftermath-of-grief,run2,424
physical-and-emotional-intimacy,run1,188
physical-and-emotional-intimacy,run1,855
physical-and-emotional-intimacy,run2,188
physical-and-emotional-intimacy,run2,855
physical-appearance,run1,306
physical-appearance,run1,838
physical-appearance,run2,306
physical-appearance,run2,838
physical-appearance-pride,run2,338
physical-arousal,run1,740
physical-arousal,run2,740
physical-attraction,run1,59
physical-attraction,run1,64
physical-attraction,run1,77
physical-attraction,run1,101
physical-attraction,run1,102
physical-attraction,run1,111
physical-attraction,run1,114
physical-attraction,run1,119
physical-attraction,run1,154
physical-attraction,run1,204
physical-attraction,run1,236
physical-attraction,run1,272
physical-attraction,run1,307
physical-attraction,run1,315
physical-attraction,run1,353
physical-attraction,run1,360
physical-attraction,run1,438
physical-attraction,run1,444
physical-attraction,run1,454
physical-attraction,run1,461
physical-attraction,run1,465
physical-attraction,run1,476
physical-attraction,run1,481
physical-attraction,run1,496
physical-attraction,run1,510
physical-attraction,run1,520
physical-attraction,run1,527
physical-attraction,run1,532
physical-attraction,run1,546
physical-attraction,run1,549
physical-attraction,run1,560
physical-attraction,run1,564
physical-attraction,run1,573
physical-attraction,run1,578
physical-attraction,run1,584
physical-attraction,run1,594
physical-attraction,run1,603
physical-attraction,run1,604
physical-attraction,run1,633
physical-attraction,run1,640
physical-attraction,run1,646
physical-attraction,run1,655
physical-attraction,run1,668
physical-attraction,run1,761
physical-attraction,run1,773
physical-attraction,run1,836
physical-attraction,run1,848
physical-attraction,run1,861
physical-attraction,run2,35
physical-attraction,run2,56
physical-attraction,run2,59
physical-attraction,run2,64
physical-attraction,run2,77
physical-attraction,run2,93
physical-attraction,run2,101
physical-attraction,run2,119
physical-attraction,run2,154
physical-attraction,run2,204
physical-attraction,run2,212
physical-attraction,run2,236
physical-attraction,run2,295
physical-attraction,run2,315
physical-attraction,run2,327
physical-attraction,run2,353
physical-attraction,run2,360
physical-attraction,run2,378
physical-attraction,run2,417
physical-attraction,run2,438
physical-attraction,run2,444
physical-attraction,run2,454
physical-attraction,run2,465
physical-attraction,run2,476
physical-attraction,run2,481
physical-attraction,run2,496
physical-attraction,run2,510
physical-attraction,run2,520
physical-attraction,run2,527
physical-attraction,run2,532
physical-attraction,run2,546
physical-attraction,run2,549
physical-attraction,run2,560
physical-attraction,run2,564
physical-attraction,run2,570
physical-attraction,run2,573
physical-attraction,run2,578
physical-attraction,run2,594
physical-attraction,run2,603
physical-attraction,run2,605
physical-attraction,run2,622
physical-attraction,run2,633
physical-attraction,run2,640
physical-attraction,run2,646
physical-attraction,run2,707
physical-attraction,run2,736
physical-attraction,run2,761
physical-attraction,run2,773
physical-attraction,run2,826
physical-attraction,run2,836
physical-attraction,run2,848
physical-attraction,run2,861
physical-attractiveness,run1,554
physical-attractiveness,run2,554
physical-attractiveness,run2,767
physical-attractiveness,run2,796
physical-chemistry,run1,93
physical-chemistry,run1,94
physical-chemistry,run2,94
physical-chemistry,run2,668
physical-closeness,run1,269
physical-closeness,run1,328
physical-closeness,run1,426
physical-closeness,run1,596
physical-closeness,run1,772
physical-closeness,run2,269
physical-closeness,run2,426
physical-closeness-and-comfort,run2,772
physical-comfort,run1,689
physical-comfort-and-intimacy,run1,581
physical-confidence,run2,483
physical-desirability,run1,388
physical-desire,run1,51
physical-desire,run1,56
physical-desire,run1,107
physical-desire,run1,210
physical-desire,run1,212
physical-desire,run1,251
physical-desire,run1,269
physical-desire,run1,290
physical-desire,run1,347
physical-desire,run1,417
physical-desire,run1,552
physical-desire,run1,707
physical-desire,run1,835
physical-desire,run2,51
physical-desire,run2,70
physical-desire,run2,102
physical-desire,run2,107
physical-desire,run2,197
physical-desire,run2,251
physical-desire,run2,269
physical-desire,run2,290
physical-desire,run2,328
physical-desire,run2,384
physical-desire,run2,464
physical-desire,run2,552
physical-endurance,run1,475
physical-endurance,run2,475
physical-intensity,run1,475
physical-intensity,run2,475
physical-intimacy,run1,3
physical-intimacy,run1,16
physical-intimacy,run1,70
physical-intimacy,run1,74
physical-intimacy,run1,130
physical-intimacy,run1,132
physical-intimacy,run1,139
physical-intimacy,run1,208
physical-intimacy,run1,294
physical-intimacy,run1,348
physical-intimacy,run1,363
physical-intimacy,run1,384
physical-intimacy,run1,462
physical-intimacy,run1,538
physical-intimacy,run1,635
physical-intimacy,run1,643
physical-intimacy,run1,704
physical-intimacy,run1,768
physical-intimacy,run1,826
physical-intimacy,run1,834
physical-intimacy,run1,847
physical-intimacy,run2,10
physical-intimacy,run2,103
physical-intimacy,run2,114
physical-intimacy,run2,130
physical-intimacy,run2,139
physical-intimacy,run2,210
physical-intimacy,run2,294
physical-intimacy,run2,348
physical-intimacy,run2,363
physical-intimacy,run2,462
physical-intimacy,run2,538
physical-intimacy,run2,635
physical-intimacy,run2,643
physical-intimacy,run2,704
physical-intimacy,run2,768
physical-intimacy,run2,834
physical-intimacy,run2,835
physical-intimacy,run2,847
physical-longing,run1,197
physical-longing,run1,806
physical-longing,run2,722
physical-manifestation-of-anxiety,run1,829
physical-manifestation-of-anxiety,run2,829
physical-metaphor-for-grief,run2,23
physical-movement,run2,88
physical-pain-of-grief,run1,40
physical-pain-of-grief,run2,40
physical-passion,run1,22
physical-passion,run2,22
physical-pleasure,run1,308
physical-resemblance,run1,849
physical-resemblance,run2,849
physical-sensation-of-music,run1,9
physical-vs-emotional-connection,run1,332
physical-vs-emotional-connection,run2,332
place-and-memory,run2,795
place-as-identity,run1,138
places-tainted-by-love,run1,683
places-tainted-by-love,run2,683
playboy-lifestyle,run1,566
playboy-lifestyle,run2,566
player-lifestyle,run1,115
player-lifestyle,run1,318
player-lifestyle,run2,115
playful-devotion,run2,765
playful-game,run1,806
playful-intimacy,run2,826
playful-power-dynamics,run2,861
playful-pursuit,run2,806
playful-relationship-dynamic,run1,360
playful-relationship-dynamic,run2,360
playful-seduction,run2,728
playful-taunting,run1,157
playful-wordplay,run1,314
playful-wordplay,run2,314
playfulness-and-fantasy,run1,826
playfulness-and-humor,run1,728
playing-dumb-while-knowing,run1,491
playing-games-in-love,run1,17
playing-hard-to-get,run1,427
playing-hard-to-get,run1,640
playing-hard-to-get,run2,527
playing-hard-to-get,run2,640
playing-hard-to-get,run2,837
playing-pretend,run2,477
playing-the-field,run1,662
playing-the-field,run2,662
plea-for-compassion,run2,551
plea-for-compromise,run1,197
plea-for-divine-mercy,run2,688
plea-for-forgiveness,run1,551
plea-for-support,run1,8
plea-for-support,run1,67
plea-for-support,run2,67
pleading-and-begging,run2,308
pleading-and-desperation,run1,735
pleading-and-desperation,run2,735
pleading-for-closure,run1,274
pleading-for-closure,run2,274
pleading-for-love,run2,131
pleading-for-mercy,run1,149
pleading-for-mercy,run1,663
pleading-for-mercy,run2,149
pleading-for-partner-to-stay,run1,467
pleading-for-partner-to-stay,run2,467
pleading-for-reconciliation,run1,4
pleading-for-reconciliation,run2,4
pleading-for-return,run1,697
pleading-for-someone-to-stay,run1,116
pleading-for-someone-to-stay,run2,116
pleading-for-support,run2,8
pleading-to-stay,run1,60
pleasing-a-partner,run2,89
pleasure-and-desire,run2,600
pleasure-and-pain,run1,296
pleasure-and-pain,run2,22
pleasure-and-pain,run2,296
plug-connect,run2,91
police-arrest,run1,702
police-arrest,run2,702
police-brutality,run1,237
police-brutality,run1,434
police-brutality,run2,237
police-brutality,run2,434
police-scrutiny,run1,425
police-scrutiny,run2,425
political-awareness,run1,264
political-corruption,run2,166
political-corruption,run2,701
political-elite-control,run1,701
political-empowerment,run1,434
political-empowerment,run2,434
pop-culture-dance-references,run1,88
pop-culture-references,run1,401
pop-culture-references,run1,421
pop-culture-references,run2,401
pop-culture-references,run2,421
positive-mindset,run1,209
positive-mindset,run2,209
positivity-and-wellbeing,run1,420
positivity-and-wellbeing,run2,420
possessive-legacy,run1,791
possessive-love,run1,315
possessive-love,run2,315
possessiveness,run1,24
possessiveness,run1,89
possessiveness,run1,210
possessiveness,run1,212
possessiveness,run1,303
possessiveness,run1,637
possessiveness,run2,24
possessiveness,run2,89
possessiveness,run2,637
possessiveness,run2,848
possessiveness-and-control,run1,759
possessiveness-and-desire,run2,212
possessiveness-and-devotion,run2,210
possessiveness-and-exclusivity,run1,605
possessiveness-and-jealousy,run1,517
possessiveness-and-jealousy,run1,762
possessiveness-and-jealousy,run2,517
possessiveness-and-jealousy,run2,762
possessiveness-and-obsession,run2,605
post-breakup-denial,run2,202
post-breakup-depression,run1,487
post-breakup-depression,run2,487
post-breakup-empowerment,run2,369
post-breakup-freedom,run1,883
post-breakup-freedom,run2,883
post-breakup-friendship,run1,785
post-breakup-pain,run1,136
post-breakup-pain,run2,136
post-breakup-pain,run2,460
post-breakup-pretense,run1,833
post-breakup-pretense,run2,833
post-breakup-rebound,run1,854
post-breakup-rebound,run2,854
post-breakup-recovery,run1,369
post-breakup-recovery,run1,830
post-breakup-recovery,run2,830
post-fame-freedom,run1,134
post-fame-freedom,run2,134
potential-for-change,run1,757
poverty-and-working-class-struggle,run1,642
poverty-and-working-class-struggle,run2,642
power-and-control,run1,137
power-and-control,run1,281
power-and-control,run1,709
power-and-control,run2,281
power-and-control-in-relationships,run1,522
power-and-dominance,run1,292
power-and-dominance,run1,304
power-and-energy,run1,146
power-and-manipulation,run2,137
power-and-systemic-control,run1,829
power-and-systemic-control,run2,829
power-dynamic,run2,732
power-dynamics,run1,572
power-dynamics,run1,732
power-dynamics,run1,757
power-dynamics,run2,773
power-dynamics-in-romance,run2,572
power-of-lost-love,run2,800
power-of-prayer,run1,651
power-of-prayer,run2,651
power-of-silence,run1,265
power-of-silence,run2,265
power-over-men,run1,527
powerlessness,run1,567
powerlessness-and-control,run2,149
practical-skills,run1,545
praise-and-admiration,run2,381
praise-and-validation,run1,773
praise-and-validation,run2,773
praise-as-sacrifice,run2,867
prayer-and-desperation,run2,822
prayer-and-divine-intervention,run2,53
prayer-and-empathy,run2,313
prayer-and-empathy-for-others,run1,313
prayer-and-faith,run1,329
prayer-and-forgiveness,run2,406
prayer-and-redemption,run1,161
prayer-and-redemption,run2,161
prayer-and-seeking-comfort,run1,670
prayer-and-spirituality,run1,3
prayer-and-spirituality,run2,329
prayer-and-surrender,run1,822
predator-and-prey,run1,344
predatory-behavior,run1,659
predatory-behavior-accusations,run1,727
predatory-behavior-accusations,run2,727
predatory-confidence,run1,388
predatory-hunting,run2,344
predatory-threat,run2,756
preference-for-wealthy-men,run1,345
presence-and-togetherness,run2,181
presence-over-absence,run1,669
presence-over-place,run1,291
presence-over-place,run1,362
presence-over-place,run2,362
present-moment-bliss,run1,239
present-moment-bliss,run2,239
pressure-and-overwhelm,run2,592
pretending-and-denial,run1,742
pretense-of-innocence,run2,475
pretense-of-normalcy,run1,475
price-negotiation,run2,91
price-of-celebrity,run1,515
price-of-celebrity,run2,515
pride-and-celebration,run1,310
pride-and-celebration,run2,310
pride-and-self-sabotage,run1,798
pride-and-self-sabotage,run2,798
pride-and-stubbornness,run1,530
pride-and-stubbornness,run2,530
pride-and-superiority,run2,156
pride-and-vulnerability,run1,123
pride-as-obstacle,run1,696
pride-as-obstacle,run2,696
pride-in-relationship,run1,259
pride-in-roots,run2,512
primal-desire,run1,328
primal-instinct,run2,328
prioritization-of-vices,run2,666
prioritizing-vices,run1,666
privacy-and-exposure,run1,69
privacy-and-exposure,run2,69
privacy-and-outside-interference,run1,343
privacy-and-public-scrutiny,run2,343
privacy-and-secrecy,run2,57
private-intimacy,run1,402
private-jet-flexing,run1,619
private-jet-flexing,run2,619
private-retreat,run1,27
private-romantic-encounter,run2,825
private-secret-world,run2,139
private-world,run1,139
privilege-and-excess,run2,380
privilege-and-status,run1,240
procrastination-and-regret,run1,577
procrastination-and-regret,run2,577
professional-hustle,run1,122
projects-origins,run2,260
prolonging-the-night,run1,871
prolonging-the-night,run2,871
promiscuity,run1,32
promiscuity,run1,715
promiscuity,run2,32
promiscuity,run2,190
promiscuity,run2,715
promiscuity,run2,801
promiscuity-and-casual-sex,run2,574
promiscuity-and-sexual-freedom,run1,218
promiscuity-and-sexual-freedom,run2,218
promiscuity-as-coping,run1,574
promise-of-commitment,run1,845
promise-of-commitment,run2,845
promise-of-devotion,run1,28
promise-of-devotion,run2,28
promises-and-devotion,run2,103
promises-of-devotion,run2,779
prophecies-coming-true,run2,568
prophecy-and-apocalypse,run1,227
prophecy-and-apocalypse,run2,227
prophecy-coming-true,run1,568
prophetic-self-image,run1,811
prophetic-self-image,run2,811
protecting-and-guiding-women,run2,811
protecting-family-from-full-truth,run1,424
protecting-family-from-full-truth,run2,424
protecting-partner-from-past-relationships,run1,295
protecting-partner-from-past-relationships,run2,295
protecting-your-child,run2,141
protection-and-loyalty,run2,671
protection-and-safety,run1,141
protection-and-security,run1,489
protection-of-loved-one,run1,804
protection-of-loved-one,run2,804
protection-through-love,run1,293
protection-through-love,run2,293
protective-devotion,run1,671
protective-love,run1,382
protective-love,run2,191
protective-love,run2,382
protective-relationship,run2,661
providing-for-family,run1,270
providing-for-family,run2,270
proving-commitment,run1,74
proving-oneself,run1,740
proving-oneself-to-others,run1,140
proving-oneself-to-others,run2,140
proving-worthiness,run1,757
proving-worthiness,run2,757
proving-yourself,run2,740
provocation-and-shock,run1,753
provocative-seduction,run1,281
provocative-seduction,run2,281
psychological-control,run2,61
psychological-hold,run1,139
psychological-hold,run2,139
public-boldness,run1,69
public-boldness,run2,69
public-display-of-affection,run1,736
public-display-of-affection,run2,349
public-display-of-affection,run2,736
public-image-management,run2,479
public-persona-vs-private-suffering,run1,749
public-persona-vs-private-suffering,run2,749
public-scrutiny,run1,515
public-scrutiny,run1,518
public-scrutiny,run1,661
public-scrutiny,run2,515
public-scrutiny,run2,518
public-scrutiny,run2,661
public-scrutiny-and-media-pressure,run1,717
public-scrutiny-and-media-pressure,run2,717
puerto-rican-pride,run1,862
puerto-rican-pride,run1,872
puerto-rican-pride,run2,102
puerto-rican-pride,run2,862
puerto-rican-pride,run2,872
puerto-rican-pride-and-identity,run1,840
puerto-rican-pride-and-identity,run2,840
purposelessness-without-love,run2,124
pursuing-a-guarded-woman,run1,423
pursuing-a-music-career,run1,634
pursuing-a-music-career,run2,634
pursuing-dreams,run1,577
pursuing-dreams,run1,807
pursuing-dreams,run2,577
pursuing-dreams,run2,807
pursuing-love,run1,847
pursuing-women,run1,126
pursuit-and-attraction,run1,53
pursuit-and-attraction,run2,53
pursuit-and-distance,run1,398
pursuit-and-flirtation,run2,570
pursuit-and-persuasion,run1,590
pursuit-and-persuasion,run2,590
pursuit-and-retaliation,run1,457
pursuit-of-a-woman,run1,54
pursuit-of-a-woman,run1,614
pursuit-of-a-woman,run2,423
pursuit-of-a-woman,run2,614
pursuit-of-dreams,run2,12
pursuit-of-happiness,run1,673
pursuit-of-happiness,run2,673
pursuit-of-romance,run1,585
pursuit-of-success,run1,12
pursuit-of-wealth-as-escape,run1,412
pursuit-of-wealth-as-escape,run2,412
pursuit-of-women,run2,54
push-and-pull-dynamic,run1,279
push-and-pull-relationship,run1,822
push-and-pull-relationship,run2,822
push-pull-dynamic,run2,223
push-pull-relationship,run1,127
push-pull-relationship-dynamic,run2,127
pushing-love-away,run1,774
pushing-love-away,run2,774
quarantine-intimacy,run1,437
queer-identity,run1,478
queer-identity,run1,807
queer-identity,run2,478
queer-identity,run2,807
questioning-karma-and-fairness,run1,738
questioning-karma-and-fairness,run2,738
questioning-relationship-authenticity,run1,424
questioning-relationship-authenticity,run2,424
questioning-true-allegiance,run1,160
questioning-true-allegiance,run2,160
quiet-betrayal,run2,739
quiet-togetherness,run1,712
quitting-toxic-work,run1,580
quitting-toxic-work,run2,580
racial-and-political-identity,run2,264
racial-identity,run1,240
racial-identity,run1,264
racial-identity,run2,240
racial-inequality,run1,237
racial-inequality,run2,237
racial-injustice,run1,434
racial-injustice,run2,434
racial-stereotyping,run1,30
racial-tension-and-policing,run1,829
racial-tension-and-policing,run2,829
radiance-and-light,run2,669
rage-and-hatred,run2,876
rags-to-riches,run1,186
rags-to-riches,run1,389
rags-to-riches,run1,436
rags-to-riches,run1,447
rags-to-riches,run2,186
rags-to-riches,run2,389
rags-to-riches,run2,436
rags-to-riches,run2,447
rap-beef-and-rivalry,run1,298
rap-beef-and-rivalry,run1,727
rap-beef-and-rivalry,run2,298
rap-beef-and-rivalry,run2,727
rap-career-and-artistry,run1,352
rap-collaboration-and-clout,run2,292
rap-competition,run1,393
rap-confidence,run1,325
rap-dominance,run1,238
rap-dominance,run1,334
rap-dominance,run1,432
rap-dominance,run1,811
rap-dominance,run2,238
rap-dominance,run2,436
rap-dominance-and-braggadocio,run1,421
rap-dominance-and-braggadocio,run2,421
rap-dominance-and-influence,run2,432
rap-dominance-and-lyrical-worth,run2,334
rap-legacy,run2,352
rap-success-and-wealth,run1,758
rap-success-and-wealth,run2,758
rap-superiority,run2,393
rap-supremacy,run1,771
rap-supremacy,run2,771
rapper-deaths,run1,654
rapper-deaths-and-mortality,run2,654
rare-and-unique-love,run1,517
rare-and-unique-love,run2,768
rarity-and-uniqueness,run2,353
raw-unfiltered-expression,run2,159
reaching-out,run2,43
reaching-out-after-lost-contact,run2,601
reaching-out-and-longing,run1,601
readiness-and-ambition,run2,260
readiness-for-change,run1,26
readiness-for-change,run2,26
reassurance,run2,43
reassurance,run2,452
reassurance,run2,760
reassurance-and-comfort,run1,43
reassurance-and-comfort,run1,442
reassurance-and-comfort,run1,542
reassurance-and-comfort,run2,420
reassurance-and-comfort,run2,442
reassurance-and-comfort,run2,542
reassurance-and-commitment,run2,191
reassurance-and-doubt,run1,794
reassurance-and-patience,run1,132
reassurance-and-protection,run1,191
reassurance-of-love,run1,825
reassurance-of-love,run2,825
reassuring-a-partner,run1,419
reassuring-a-partner,run2,419
rebellion-against-good-girl-image,run2,400
rebellion-against-society,run2,68
rebellion-and-defiance,run1,140
rebellion-and-defiance,run2,140
rebellion-and-rule-breaking,run1,407
rebellious-attitude,run1,789
rebellious-attitude,run2,789
rebellious-energy,run1,658
rebellious-freedom,run2,658
rebellious-identity,run1,680
rebellious-identity,run2,680
rebellious-spirit,run1,142
rebellious-spirit,run2,142
rebound-behavior,run1,289
rebound-behavior,run2,289
rebound-casual-sex,run1,676
rebound-relationship,run1,491
rebound-relationship,run2,491
rebound-sex,run2,676
reckless-abandon,run1,22
reckless-behavior,run1,285
reckless-behavior,run1,543
reckless-behavior,run2,22
reckless-behavior,run2,285
reckless-behavior,run2,543
reckless-lifestyle,run1,750
reckless-lifestyle,run2,750
reckless-living,run1,540
reckless-living,run2,540
reckless-spending,run1,861
reckless-spending,run2,861
recklessness-in-love,run1,180
reclaiming-self-worth,run1,869
reclaiming-self-worth,run2,611
reconciliation,run1,697
reconciliation,run2,697
record-breaking-ambition,run1,771
record-breaking-legacy,run2,771
recording-intimacy,run1,646
recording-sexual-encounters,run2,646
recycled-romance,run1,468
recycled-romance,run2,468
redefining-love,run2,852
redemption-and-damnation,run1,751
redemption-and-damnation,run2,751
redemption-and-salvation,run1,652
redemption-and-salvation,run2,652
redemption-through-love,run1,524
redemption-through-love,run2,524
rediscovering-identity,run1,830
rediscovering-identity,run2,830
rediscovering-lost-parts-of-self,run1,875
redneck-identity,run1,857
redneck-identity,run2,857
refusal-to-be-objectified,run1,78
refusal-to-reconcile,run1,40
refusal-to-reconcile,run2,40
refusal-to-settle-down,run2,744
refusing-false-comfort,run1,424
refusing-false-comfort,run2,424
refusing-objectification,run2,78
refusing-to-be-controlled,run2,408
refusing-to-be-second,run1,288
refusing-to-be-second,run2,288
refusing-to-compete-over-a-man,run1,691
refusing-to-engage,run1,787
refusing-to-engage,run2,787
refusing-to-repeat-mistakes,run2,691
refusing-to-save-men,run1,754
refusing-to-save-men,run2,754
refusing-to-settle-for-less,run2,200
refusing-vulnerability,run2,664
reggaeton-culture,run2,862
reggaeton-dancing,run1,613
reggaeton-dominance,run1,872
reggaeton-nightlife,run1,601
reggaeton-nightlife,run2,601
reggaeton-party-culture,run2,564
regional-identity,run1,831
regional-identity,run2,157
regional-lifestyle,run1,465
regional-lifestyle,run2,465
regional-mexican-music-identity,run2,697
regional-pride,run1,35
regional-pride,run1,157
regional-pride,run1,726
regional-pride,run1,729
regional-pride,run1,838
regional-pride,run2,726
regional-pride,run2,729
regional-pride,run2,838
regret,run1,173
regret,run1,189
regret,run1,228
regret,run1,261
regret,run1,441
regret,run1,459
regret,run1,551
regret,run1,572
regret,run1,611
regret,run1,683
regret,run1,776
regret,run2,173
regret,run2,189
regret,run2,228
regret,run2,261
regret,run2,459
regret,run2,630
regret,run2,683
regret-and-acceptance,run1,487
regret-and-acceptance,run2,487
regret-and-apology,run1,7
regret-and-apology,run1,271
regret-and-apology,run1,472
regret-and-apology,run1,677
regret-and-apology,run2,7
regret-and-apology,run2,271
regret-and-apology,run2,472
regret-and-apology,run2,677
regret-and-blame,run1,630
regret-and-guilt,run1,80
regret-and-guilt,run1,508
regret-and-guilt,run2,80
regret-and-guilt,run2,202
regret-and-hindsight,run2,611
regret-and-imperfection,run2,406
regret-and-imperfection,run2,602
regret-and-leaving,run1,839
regret-and-letting-someone-down,run1,202
regret-and-longing,run2,201
regret-and-loss,run2,50
regret-and-lost-love,run1,545
regret-and-lost-love,run2,545
regret-and-lost-love,run2,827
regret-and-missed-timing,run1,302
regret-and-moving-on,run1,201
regret-and-reflection,run1,382
regret-and-reflection,run1,593
regret-and-remorse,run1,60
regret-and-remorse,run2,60
regret-and-resignation,run2,551
regret-and-retrospection,run2,382
regret-and-self-blame,run1,670
regret-and-self-blame,run2,508
regret-and-self-warning,run1,616
regret-and-self-warning,run2,616
regret-and-sin,run1,817
regret-and-sin,run2,817
regret-and-sorrow,run1,439
regret-and-unspoken-feelings,run1,858
regret-and-unspoken-feelings,run2,858
regret-and-wasted-effort,run1,563
regret-and-wasted-effort,run2,563
regret-and-what-if,run1,46
regret-over-breakup,run1,275
regret-over-breakup,run2,275
regret-over-leaving,run2,839
regret-over-past-relationship,run1,53
regret-over-past-relationship,run2,53
regret-over-timing,run2,302
regret-over-words,run1,635
rejected-apology,run1,249
rejected-apology,run2,249
rejecting-broke-men,run1,662
rejecting-broke-men,run2,662
rejecting-emotional-distance,run1,66
rejecting-emotional-distance,run2,66
rejecting-exclusivity,run2,644
rejecting-fake-people,run2,338
rejecting-gender-stereotypes,run2,78
rejecting-male-control,run2,78
rejecting-negativity,run1,209
rejecting-negativity,run1,395
rejecting-negativity,run2,209
rejecting-others-judgment,run1,797
rejecting-others-judgment,run2,797
rejecting-outside-opinions,run2,661
rejecting-pretension,run2,746
rejecting-social-media,run1,263
rejecting-social-media,run2,263
rejecting-solitude,run2,418
rejecting-the-damsel-in-distress-trope,run1,523
rejecting-the-damsel-in-distress-trope,run2,523
rejecting-unrealistic-ideals,run1,105
rejecting-unrealistic-ideals,run2,105
rejecting-unworthy-men,run2,595
rejection,run1,214
rejection,run2,214
rejection-and-cutting-contact,run1,598
rejection-and-cutting-contact,run2,598
rejection-and-dismissal,run1,262
rejection-and-dismissal,run2,262
rejection-and-feeling-unloved,run1,76
rejection-and-indifference,run1,741
rejection-and-refusal,run1,45
rejection-and-refusal,run2,45
rejection-of-apology,run1,277
rejection-of-apology,run2,277
rejection-of-blame,run2,857
rejection-of-bondage,run1,726
rejection-of-bondage,run2,726
rejection-of-commitment,run1,231
rejection-of-domesticity,run1,714
rejection-of-domesticity,run2,714
rejection-of-ex,run1,369
rejection-of-ex,run2,369
rejection-of-false-friendship,run1,479
rejection-of-false-friendship,run2,479
rejection-of-false-praise,run1,234
rejection-of-false-praise,run2,234
rejection-of-false-promises,run1,183
rejection-of-false-promises,run2,183
rejection-of-friendship,run1,219
rejection-of-gender-stereotypes,run1,78
rejection-of-material-gifts,run1,426
rejection-of-material-gifts,run2,426
rejection-of-reconciliation,run1,490
rejection-of-religious-pressure,run1,561
rejection-of-religious-pressure,run2,561
rejection-of-romance,run1,13
rejection-of-romance,run2,13
rejection-of-romance,run2,305
rejection-of-superficiality,run1,320
rejection-of-superficiality,run1,808
rejection-of-superficiality,run2,320
rejection-of-traditional-relationships,run1,78
rejection-of-women,run1,305
rekindled-attraction,run1,572
rekindled-connection,run2,572
rekindled-romance,run1,10
rekindled-romance,run2,10
rekindling-a-past-relationship,run1,601
rekindling-a-past-relationship,run2,601
rekindling-a-relationship,run1,89
rekindling-a-relationship,run2,89
rekindling-past-relationship,run1,169
rekindling-past-relationship,run2,169
relapse-and-struggle,run1,493
relationship-ambiguity,run1,737
relationship-ambiguity,run1,747
relationship-ambiguity,run2,747
relationship-ambivalence,run1,445
relationship-ambivalence,run1,881
relationship-ambivalence,run2,445
relationship-ambivalence,run2,881
relationship-anxiety,run2,735
relationship-beginnings,run1,44
relationship-beginnings,run1,612
relationship-beginnings,run2,44
relationship-beginnings,run2,612
relationship-betrayal,run1,71
relationship-betrayal,run1,586
relationship-betrayal,run1,841
relationship-betrayal,run2,71
relationship-breakdown,run1,2
relationship-breakdown,run1,86
relationship-breakdown,run1,159
relationship-breakdown,run1,190
relationship-breakdown,run1,472
relationship-breakdown,run1,630
relationship-breakdown,run1,700
relationship-breakdown,run1,725
relationship-breakdown,run1,782
relationship-breakdown,run2,2
relationship-breakdown,run2,50
relationship-breakdown,run2,86
relationship-breakdown,run2,159
relationship-breakdown,run2,190
relationship-breakdown,run2,472
relationship-breakdown,run2,630
relationship-breakdown,run2,700
relationship-breakdown,run2,725
relationship-breakdown,run2,782
relationship-breakup,run1,189
relationship-breakup,run1,776
relationship-breakup,run2,189
relationship-breakup,run2,776
relationship-certainty,run1,653
relationship-certainty,run2,653
relationship-complexity,run1,560
relationship-complexity,run2,560
relationship-complications,run2,582
relationship-conflict,run1,80
relationship-conflict,run1,171
relationship-conflict,run1,197
relationship-conflict,run1,408
relationship-conflict,run1,530
relationship-conflict,run1,643
relationship-conflict,run1,787
relationship-conflict,run2,80
relationship-conflict,run2,171
relationship-conflict,run2,197
relationship-conflict,run2,408
relationship-conflict,run2,494
relationship-conflict,run2,530
relationship-conflict,run2,643
relationship-conflict,run2,772
relationship-conflict,run2,787
relationship-conflict,run2,821
relationship-conflict-and-reconciliation,run1,199
relationship-conflict-and-reconciliation,run1,874
relationship-conflict-and-reconciliation,run2,874
relationship-confusion,run1,31
relationship-confusion,run1,273
relationship-confusion,run2,31
relationship-confusion,run2,273
relationship-contentment,run1,419
relationship-contentment,run2,419
relationship-crossroads,run2,606
relationship-deterioration,run1,29
relationship-deterioration,run1,44
relationship-deterioration,run1,125
relationship-deterioration,run1,163
relationship-deterioration,run1,261
relationship-deterioration,run1,343
relationship-deterioration,run1,851
relationship-deterioration,run2,44
relationship-deterioration,run2,125
relationship-deterioration,run2,163
relationship-deterioration,run2,261
relationship-deterioration,run2,343
relationship-deterioration,run2,642
relationship-deterioration,run2,851
relationship-devotion,run1,762
relationship-devotion,run2,762
relationship-direction,run1,284
relationship-direction,run2,284
relationship-disappointment,run1,288
relationship-disappointment,run1,642
relationship-dissatisfaction,run1,494
relationship-dissatisfaction,run2,28
relationship-dissatisfaction,run2,35
relationship-dissolution,run1,832
relationship-dissolution,run2,832
relationship-distrust,run1,650
relationship-distrust,run2,650
relationship-drama,run1,695
relationship-effort,run1,4
relationship-effort,run2,4
relationship-ending,run1,274
relationship-ending,run1,636
relationship-ending,run1,792
relationship-ending,run2,274
relationship-ending,run2,636
relationship-ending,run2,792
relationship-falling-apart,run1,46
relationship-frustration,run1,461
relationship-frustration,run1,821
relationship-frustration,run2,29
relationship-frustration,run2,461
relationship-frustration,run2,828
relationship-honesty,run1,518
relationship-honesty,run1,868
relationship-honesty,run2,518
relationship-incompatibility,run2,783
relationship-intimacy,run1,611
relationship-intimacy,run2,611
relationship-longevity-doubt,run2,29
relationship-loss,run1,716
relationship-loss,run2,716
relationship-mistakes,run1,545
relationship-mistakes,run2,545
relationship-moving-too-fast,run2,755
relationship-nostalgia,run1,468
relationship-nostalgia,run2,468
relationship-on-the-brink,run1,163
relationship-on-the-edge,run1,877
relationship-pride,run1,736
relationship-reconciliation,run1,243
relationship-reconciliation,run2,199
relationship-reconciliation,run2,243
relationship-resilience,run1,374
relationship-resilience,run2,374
relationship-standards,run2,480
relationship-standards-and-demands,run1,480
relationship-strain,run1,547
relationship-struggle,run1,567
relationship-struggle,run2,567
relationship-struggles,run1,313
relationship-struggles,run1,606
relationship-struggles,run2,313
relationship-struggles,run2,606
relationship-struggles,run2,641
relationship-tension,run1,414
relationship-tension,run2,414
relationship-transition,run1,794
relationship-transition,run2,794
relationship-transition-and-hope,run2,759
relationship-turbulence,run1,314
relationship-turbulence,run2,314
relationship-turbulence,run2,635
relationship-ultimatum,run1,153
relationship-ultimatum,run2,153
relationship-uncertainty,run1,734
relationship-uncertainty,run1,783
relationship-uncertainty,run2,734
relaxation-and-escape,run1,533
relaxation-and-escape,run2,533
relaxation-and-intimacy,run2,199
relentless-ambition,run1,224
relentless-ambition,run1,282
relentless-ambition,run2,224
relentless-drive,run1,331
relentless-grind,run2,547
relief-after-breakup,run2,741
relief-and-freedom,run1,741
relief-and-no-regret,run2,439
relief-and-safety,run1,344
relief-and-safety,run2,344
relief-at-not-having-children-together,run1,439
religious-devotion,run1,49
religious-devotion,run1,805
religious-devotion,run2,805
religious-imagery,run1,720
religious-imagery,run1,843
religious-imagery,run2,720
religious-imagery,run2,843
religious-imagery,run2,857
religious-neglect,run1,716
religious-neglect,run2,716
religious-self-deprecation,run1,857
relocation-and-new-beginnings,run1,634
reluctance-to-let-go,run1,324
reluctance-to-let-go,run2,197
reluctance-to-move-on,run1,832
reluctance-to-move-on,run2,832
reluctant-attendance,run1,39
reluctant-going-out,run1,182
reluctant-social-obligation,run2,39
remembering-the-deceased,run1,745
remembering-the-deceased,run2,745
remorse-and-regret,run1,2
remorse-and-regret,run2,2
renewal-and-hope,run2,685
repeated-chances,run1,877
repeated-desire-for-more,run2,378
repeated-forgiveness,run2,877
repeated-heartbreak,run1,170
repeated-heartbreak,run2,170
repeated-mistakes,run1,2
repeated-mistakes,run1,414
repeated-mistakes,run2,2
repetition-and-obsession,run1,378
repetition-and-play,run1,344
repetitive-conflict,run1,214
repetitive-cycles,run1,332
repetitive-cycles,run2,332
repetitive-suffering,run1,738
repetitive-suffering,run2,738
reputation-and-gossip,run2,81
reputation-and-gossip,run2,808
reputation-and-rumors,run1,808
reputation-and-social-life,run1,24
reputation-at-stake,run1,121
reputation-at-stake,run2,121
reputation-damage,run2,120
rescue-and-protection,run1,682
rescue-and-protection,run2,682
resentment,run1,539
resentment,run2,280
resentment,run2,539
resentment-and-bitterness,run1,679
resentment-and-bitterness,run2,679
resentment-and-envy,run1,377
resentment-and-hatred,run2,589
resentment-toward-fake-friends,run1,238
resentment-toward-fake-friends,run2,238
resignation-and-farewell,run1,870
resignation-and-farewell,run2,870
resignation-and-letting-go,run1,639
resignation-and-letting-go,run2,639
resilience,run1,25
resilience,run1,108
resilience,run1,129
resilience,run1,135
resilience,run1,238
resilience,run1,287
resilience,run1,369
resilience,run1,395
resilience,run1,448
resilience,run1,542
resilience,run1,664
resilience,run1,685
resilience,run1,751
resilience,run1,797
resilience,run1,864
resilience,run2,25
resilience,run2,108
resilience,run2,135
resilience,run2,238
resilience,run2,395
resilience,run2,505
resilience,run2,542
resilience,run2,579
resilience,run2,664
resilience,run2,685
resilience,run2,751
resilience,run2,797
resilience,run2,864
resilience-after-heartbreak,run1,720
resilience-after-heartbreak,run2,369
resilience-after-loss,run2,720
resilience-after-struggle,run1,559
resilience-after-struggle,run2,559
resilience-against-conformity,run1,33
resilience-and-carrying-on,run1,4
resilience-and-carrying-on,run1,531
resilience-and-carrying-on,run2,4
resilience-and-comeback,run1,133
resilience-and-comeback,run1,137
resilience-and-comeback,run1,505
resilience-and-comeback,run2,133
resilience-and-comeback,run2,137
resilience-and-comeback,run2,329
resilience-and-comeup,run1,497
resilience-and-comeup,run2,497
resilience-and-defiance,run1,176
resilience-and-defiance,run2,156
resilience-and-defiance,run2,176
resilience-and-determination,run1,252
resilience-and-determination,run1,286
resilience-and-determination,run2,252
resilience-and-fearlessness,run1,411
resilience-and-fearlessness,run2,411
resilience-and-hope,run1,373
resilience-and-hope,run1,502
resilience-and-hope,run1,804
resilience-and-hope,run2,373
resilience-and-hope,run2,502
resilience-and-hope,run2,804
resilience-and-inner-strength,run1,233
resilience-and-inner-strength,run2,161
resilience-and-inner-strength,run2,233
resilience-and-moving-on,run1,695
resilience-and-perseverance,run1,341
resilience-and-perseverance,run1,420
resilience-and-perseverance,run2,129
resilience-and-perseverance,run2,313
resilience-and-perseverance,run2,341
resilience-and-perseverance,run2,420
resilience-and-perseverance,run2,448
resilience-and-perseverance,run2,531
resilience-and-perseverance,run2,882
resilience-and-rebuilding,run1,224
resilience-and-rebuilding,run2,224
resilience-and-recovery,run1,602
resilience-and-recovery,run2,602
resilience-and-self-belief,run2,286
resilience-and-self-belief,run2,556
resilience-and-self-determination,run1,618
resilience-and-strength,run1,141
resilience-and-strength,run2,141
resilience-and-survival,run1,404
resilience-and-survival,run1,409
resilience-and-survival,run1,656
resilience-and-survival,run1,866
resilience-and-survival,run2,409
resilience-and-survival,run2,618
resilience-and-survival,run2,656
resilience-and-survival,run2,810
resilience-and-survival,run2,866
resilience-and-toughness,run1,749
resilience-and-toughness,run2,749
resilience-and-transformation,run1,313
resilience-in-adversity,run1,882
resilience-through-hardship,run1,200
resilience-through-hardship,run1,283
resilience-through-hardship,run1,503
resilience-through-hardship,run1,653
resilience-through-hardship,run1,863
resilience-through-hardship,run2,200
resilience-through-hardship,run2,283
resilience-through-hardship,run2,503
resilience-through-hardship,run2,653
resilience-through-hardship,run2,863
resilience-under-pressure,run1,95
resilience-under-pressure,run2,33
resilience-under-pressure,run2,95
resistance-to-growing-up,run1,116
resistance-to-growing-up,run2,116
resisting-temptation,run2,120
respect-and-reputation,run1,789
restless-energy,run1,142
restless-energy,run2,142
restless-wandering,run1,856
restless-wandering,run1,857
restless-wandering,run2,856
restless-wandering,run2,857
restlessness,run2,506
restlessness,run2,634
restlessness-and-insomnia,run1,610
restlessness-and-moving-on,run1,506
restlessness-and-searching,run1,634
restlessness-and-wandering,run2,777
restored-relationships,run1,830
retail-therapy,run1,283
retail-therapy,run2,283
retaliation-and-resentment,run1,159
retaliation-and-resentment,run2,159
retaliation-and-violence,run2,211
return-journey,run1,138
returning-home,run2,15
reunion-after-death,run1,99
reunion-after-death,run2,99
revenge,run1,143
revenge,run1,841
revenge,run2,143
revenge,run2,841
revenge-and-dismissal,run1,586
revenge-and-dismissal,run2,586
revenge-and-resilience,run1,860
revenge-and-retaliation,run1,137
revenge-and-retaliation,run1,574
revenge-and-retaliation,run2,137
revenge-and-retaliation,run2,574
revenge-and-retaliation,run2,860
revenge-and-retribution,run1,876
revenge-and-retribution,run2,876
revenge-and-satisfaction,run2,717
revenge-and-spite,run1,717
revenge-and-violence,run1,870
revenge-and-violence,run2,870
reverting-to-old-self-destructive-habits,run1,676
revival-and-renewal,run1,95
revival-and-renewal,run2,95
rhythm-and-music,run1,411
rhythm-and-music,run2,411
rhythmic-repetition,run1,88
ride-or-die-partnership,run1,232
ride-or-die-partnership,run2,232
riding-and-freedom,run1,278
riding-and-freedom,run2,278
riqueza-e-ascensão-social,run1,106
rise-from-poverty,run2,106
rise-to-fame,run1,238
rise-to-fame,run2,238
rising-above-haters,run1,256
rising-above-opposition,run1,311
rising-above-opposition,run2,311
rising-above-oppression,run1,869
rising-above-struggle,run2,430
rising-fame,run1,155
rising-fame,run1,301
rising-fame,run2,155
rising-fame,run2,301
rising-from-poverty,run1,174
rising-from-poverty,run1,619
rising-from-poverty,run1,654
rising-from-poverty,run2,113
rising-from-poverty,run2,174
rising-from-poverty,run2,619
rising-to-power,run1,819
rising-to-success,run2,819
risk-taking,run1,540
risk-taking-and-danger,run2,540
risk-taking-and-living-boldly,run1,815
risk-taking-lifestyle,run2,815
rivalry-and-beef,run1,404
rivalry-and-beef,run1,718
rivalry-and-beef,run1,771
rivalry-and-beef,run2,404
rivalry-and-beef,run2,771
rivalry-and-braggadocio,run1,177
rivalry-and-bravado,run2,350
rivalry-and-clout,run1,372
rivalry-and-clout,run2,177
rivalry-and-competition,run1,211
rivalry-and-competition,run1,680
rivalry-and-competition,run2,111
rivalry-and-competition,run2,325
rivalry-and-competition,run2,793
rivalry-and-conflict,run1,587
rivalry-and-confrontation,run1,268
rivalry-and-confrontation,run1,297
rivalry-and-confrontation,run1,338
rivalry-and-confrontation,run1,719
rivalry-and-confrontation,run2,268
rivalry-and-confrontation,run2,338
rivalry-and-confrontation,run2,719
rivalry-and-dismissal,run1,793
rivalry-and-dismissal-of-haters,run1,122
rivalry-and-disrespect,run2,789
rivalry-and-diss,run2,718
rivalry-and-dominance,run1,58
rivalry-and-dominance,run1,198
rivalry-and-dominance,run1,229
rivalry-and-dominance,run1,235
rivalry-and-dominance,run1,255
rivalry-and-dominance,run1,425
rivalry-and-dominance,run1,604
rivalry-and-dominance,run2,198
rivalry-and-dominance,run2,229
rivalry-and-dominance,run2,425
rivalry-and-dominance,run2,674
rivalry-and-enemies,run1,301
rivalry-and-enemies,run2,301
rivalry-and-envy,run2,213
rivalry-and-haters,run1,246
rivalry-and-imitation,run1,225
rivalry-and-intimidation,run2,645
rivalry-and-loyalty,run1,759
rivalry-and-opposition,run1,396
rivalry-and-opposition,run1,645
rivalry-and-opposition,run2,396
rivalry-and-rap-competition,run2,788
rivalry-and-superiority,run2,526
rivalry-and-trash-talk,run1,733
rivalry-and-trash-talk,run2,733
rivalry-over-a-woman,run1,570
rivalry-over-a-woman,run1,614
rivalry-over-a-woman,run2,614
rivalry-with-a-partner,run1,307
rivalry-with-another-man,run1,784
rivalry-with-another-man,run2,784
rivalry-with-ex,run1,35
rivalry-with-ex,run1,786
rivalry-with-ex,run2,786
rivalry-with-new-partner,run2,508
rivalry-with-other-women,run1,595
rivalry-with-other-women,run1,754
rivalry-with-other-women,run2,379
rivalry-with-other-women,run2,554
rivalry-with-other-women,run2,595
rivalry-with-other-women,run2,754
road-and-journey,run1,597
road-and-return-journey,run2,597
road-and-travel-imagery,run2,856
road-as-metaphor,run1,107
road-trip-and-escape,run1,503
robbery-and-crime,run1,241
robbery-and-crime,run1,316
robbery-and-crime,run2,241
robbery-and-crime,run2,316
rock-and-roll-spirit,run1,621
rock-and-roll-spirit,run2,621
rockstar-lifestyle,run1,151
rockstar-lifestyle,run1,501
rockstar-lifestyle,run1,764
rockstar-lifestyle,run2,151
rockstar-lifestyle,run2,501
rockstar-lifestyle,run2,764
role-reversal,run1,442
roleplay-and-kink,run1,388
romance-and-kissing,run1,624
romance-and-kissing,run2,624
romance-and-nightclub-atmosphere,run2,335
romance-and-nighttime-adventure,run1,335
romantic-admiration,run1,185
romantic-admiration,run1,317
romantic-admiration,run1,402
romantic-admiration,run1,512
romantic-admiration,run1,537
romantic-admiration,run1,603
romantic-admiration,run2,185
romantic-admiration,run2,317
romantic-admiration,run2,402
romantic-admiration,run2,512
romantic-admiration,run2,537
romantic-admiration,run2,603
romantic-adventure,run1,748
romantic-adventure,run2,748
romantic-ambition,run1,868
romantic-and-sexual-conquest,run1,497
romantic-and-sexual-conquest,run2,497
romantic-and-sexual-conquest,run2,812
romantic-and-sexual-desire,run1,150
romantic-and-sexual-desire,run1,196
romantic-and-sexual-desire,run2,196
romantic-atmosphere,run2,64
romantic-attraction,run1,3
romantic-attraction,run1,9
romantic-attraction,run1,107
romantic-attraction,run1,134
romantic-attraction,run1,187
romantic-attraction,run1,251
romantic-attraction,run1,268
romantic-attraction,run1,350
romantic-attraction,run1,456
romantic-attraction,run1,458
romantic-attraction,run1,552
romantic-attraction,run1,570
romantic-attraction,run1,610
romantic-attraction,run1,687
romantic-attraction,run1,755
romantic-attraction,run2,3
romantic-attraction,run2,9
romantic-attraction,run2,102
romantic-attraction,run2,107
romantic-attraction,run2,134
romantic-attraction,run2,251
romantic-attraction,run2,268
romantic-attraction,run2,350
romantic-attraction,run2,456
romantic-attraction,run2,458
romantic-attraction,run2,552
romantic-attraction,run2,570
romantic-attraction,run2,687
romantic-attraction,run2,755
romantic-betrayal,run1,112
romantic-betrayal,run1,340
romantic-betrayal,run1,582
romantic-betrayal,run1,611
romantic-betrayal,run1,628
romantic-betrayal,run1,860
romantic-betrayal,run2,340
romantic-betrayal,run2,582
romantic-betrayal,run2,611
romantic-betrayal,run2,628
romantic-betrayal,run2,860
romantic-breakup,run1,40
romantic-breakup,run2,40
romantic-challenge,run1,757
romantic-challenge,run2,757
romantic-chemistry,run1,203
romantic-chemistry,run2,203
romantic-commitment,run1,154
romantic-commitment,run1,295
romantic-commitment,run1,381
romantic-commitment,run2,110
romantic-commitment,run2,154
romantic-commitment,run2,295
romantic-commitment,run2,381
romantic-commitment,run2,577
romantic-confession,run1,152
romantic-confession,run2,152
romantic-confidence,run2,655
romantic-confidence,run2,837
romantic-conflict,run1,445
romantic-connection,run1,181
romantic-connection,run1,263
romantic-connection,run1,320
romantic-connection,run1,438
romantic-connection,run2,93
romantic-connection,run2,181
romantic-connection,run2,247
romantic-connection,run2,263
romantic-connection,run2,320
romantic-connection,run2,365
romantic-connection,run2,438
romantic-connection,run2,610
romantic-contentment,run1,64
romantic-contentment,run1,549
romantic-daydreaming,run1,672
romantic-dependence,run1,365
romantic-desire,run1,27
romantic-desire,run1,348
romantic-desire,run1,360
romantic-desire,run1,363
romantic-desire,run1,384
romantic-desire,run1,806
romantic-desire,run2,27
romantic-desire,run2,150
romantic-desire,run2,164
romantic-desire,run2,199
romantic-desire,run2,348
romantic-desire,run2,360
romantic-desire,run2,363
romantic-desire,run2,407
romantic-desire,run2,658
romantic-desire,run2,761
romantic-destiny,run1,165
romantic-destiny,run2,165
romantic-detachment,run2,474
romantic-devotion,run1,41
romantic-devotion,run1,198
romantic-devotion,run1,247
romantic-devotion,run1,314
romantic-devotion,run1,315
romantic-devotion,run1,346
romantic-devotion,run1,362
romantic-devotion,run1,417
romantic-devotion,run1,437
romantic-devotion,run1,465
romantic-devotion,run1,476
romantic-devotion,run1,510
romantic-devotion,run1,524
romantic-devotion,run1,532
romantic-devotion,run1,565
romantic-devotion,run1,652
romantic-devotion,run1,673
romantic-devotion,run1,804
romantic-devotion,run2,41
romantic-devotion,run2,42
romantic-devotion,run2,47
romantic-devotion,run2,198
romantic-devotion,run2,314
romantic-devotion,run2,315
romantic-devotion,run2,346
romantic-devotion,run2,362
romantic-devotion,run2,437
romantic-devotion,run2,465
romantic-devotion,run2,473
romantic-devotion,run2,476
romantic-devotion,run2,510
romantic-devotion,run2,524
romantic-devotion,run2,565
romantic-devotion,run2,609
romantic-devotion,run2,653
romantic-devotion,run2,673
romantic-devotion,run2,697
romantic-devotion,run2,736
romantic-devotion,run2,804
romantic-devotion,run2,863
romantic-discovery,run1,193
romantic-discovery,run2,193
romantic-doubt-and-trust,run1,639
romantic-entanglement,run1,694
romantic-entanglement,run2,694
romantic-exclusivity,run1,622
romantic-exclusivity,run2,622
romantic-failure,run1,215
romantic-failure,run2,215
romantic-fantasy,run1,835
romantic-fantasy-vs-reality,run2,517
romantic-first-encounter,run1,629
romantic-first-encounter,run2,629
romantic-frustration,run2,123
romantic-game-playing,run1,327
romantic-gestures,run1,622
romantic-gestures,run1,625
romantic-gestures,run1,697
romantic-gestures,run2,625
romantic-heartbreak,run1,333
romantic-imagery,run1,79
romantic-indecisiveness,run2,798
romantic-infatuation,run1,162
romantic-infatuation,run1,210
romantic-infatuation,run2,162
romantic-infatuation,run2,210
romantic-insecurity,run1,794
romantic-insecurity,run2,794
romantic-intensity,run1,117
romantic-intensity,run2,117
romantic-intimacy,run1,93
romantic-intimacy,run1,239
romantic-intimacy,run1,250
romantic-intimacy,run1,347
romantic-intimacy,run1,578
romantic-intimacy,run1,596
romantic-intimacy,run1,661
romantic-intimacy,run1,708
romantic-intimacy,run1,780
romantic-intimacy,run1,878
romantic-intimacy,run2,152
romantic-intimacy,run2,239
romantic-intimacy,run2,250
romantic-intimacy,run2,347
romantic-intimacy,run2,578
romantic-intimacy,run2,596
romantic-intimacy,run2,661
romantic-intimacy,run2,780
romantic-intimacy,run2,878
romantic-intoxication,run2,204
romantic-intoxication,run2,384
romantic-invitation,run1,396
romantic-invitation,run1,462
romantic-invitation,run2,396
romantic-invitation,run2,462
romantic-invitation,run2,816
romantic-longing,run1,53
romantic-longing,run1,82
romantic-longing,run1,199
romantic-longing,run1,426
romantic-longing,run1,697
romantic-longing,run2,53
romantic-longing,run2,82
romantic-longing,run2,426
romantic-longing,run2,697
romantic-longing,run2,762
romantic-loss,run1,686
romantic-loss,run2,322
romantic-loss,run2,686
romantic-love,run1,42
romantic-love,run1,55
romantic-love,run1,222
romantic-love,run1,253
romantic-love,run1,452
romantic-love,run1,453
romantic-love,run1,454
romantic-love,run1,620
romantic-love,run1,669
romantic-love,run1,712
romantic-love,run1,724
romantic-love,run2,55
romantic-love,run2,64
romantic-love,run2,222
romantic-love,run2,253
romantic-love,run2,452
romantic-love,run2,453
romantic-love,run2,454
romantic-love,run2,620
romantic-love,run2,669
romantic-love,run2,678
romantic-love,run2,712
romantic-love,run2,724
romantic-loyalty,run1,729
romantic-loyalty,run2,699
romantic-loyalty,run2,729
romantic-moment,run1,152
romantic-nickname,run2,290
romantic-nostalgia,run1,627
romantic-nostalgia,run2,627
romantic-obsession,run1,121
romantic-obsession,run1,204
romantic-obsession,run1,285
romantic-obsession,run1,307
romantic-obsession,run1,387
romantic-obsession,run1,407
romantic-obsession,run1,573
romantic-obsession,run1,594
romantic-obsession,run1,845
romantic-obsession,run1,848
romantic-obsession,run2,121
romantic-obsession,run2,285
romantic-obsession,run2,508
romantic-obsession,run2,573
romantic-obsession,run2,594
romantic-obsession,run2,671
romantic-obsession,run2,728
romantic-obsession,run2,826
romantic-obsession,run2,835
romantic-obsession,run2,845
romantic-obsession,run2,848
romantic-optimism,run1,837
romantic-partnership,run1,291
romantic-partnership,run1,469
romantic-partnership,run1,503
romantic-partnership,run1,507
romantic-partnership,run1,540
romantic-partnership,run2,16
romantic-partnership,run2,291
romantic-partnership,run2,503
romantic-partnership,run2,507
romantic-partnership,run2,540
romantic-partnership,run2,652
romantic-passion,run1,825
romantic-playfulness,run1,837
romantic-power-dynamic,run1,728
romantic-promise,run1,779
romantic-pursuit,run1,28
romantic-pursuit,run1,35
romantic-pursuit,run1,48
romantic-pursuit,run1,70
romantic-pursuit,run1,90
romantic-pursuit,run1,101
romantic-pursuit,run1,102
romantic-pursuit,run1,103
romantic-pursuit,run1,111
romantic-pursuit,run1,119
romantic-pursuit,run1,167
romantic-pursuit,run1,284
romantic-pursuit,run1,383
romantic-pursuit,run1,403
romantic-pursuit,run1,427
romantic-pursuit,run1,482
romantic-pursuit,run1,640
romantic-pursuit,run1,655
romantic-pursuit,run1,761
romantic-pursuit,run1,765
romantic-pursuit,run1,784
romantic-pursuit,run1,786
romantic-pursuit,run1,818
romantic-pursuit,run2,18
romantic-pursuit,run2,28
romantic-pursuit,run2,35
romantic-pursuit,run2,48
romantic-pursuit,run2,70
romantic-pursuit,run2,74
romantic-pursuit,run2,90
romantic-pursuit,run2,101
romantic-pursuit,run2,103
romantic-pursuit,run2,111
romantic-pursuit,run2,119
romantic-pursuit,run2,167
romantic-pursuit,run2,187
romantic-pursuit,run2,284
romantic-pursuit,run2,383
romantic-pursuit,run2,403
romantic-pursuit,run2,427
romantic-pursuit,run2,482
romantic-pursuit,run2,585
romantic-pursuit,run2,640
romantic-pursuit,run2,765
romantic-pursuit,run2,779
romantic-pursuit,run2,784
romantic-pursuit,run2,786
romantic-pursuit,run2,818
romantic-recklessness,run2,633
romantic-rediscovery,run1,678
romantic-relationship-tension,run1,140
romantic-relationship-tension,run2,140
romantic-relationships-and-breakups,run2,287
romantic-rivalry,run1,508
romantic-rivalry,run1,590
romantic-rivalry,run1,791
romantic-rivalry,run2,112
romantic-rivalry,run2,422
romantic-rivalry,run2,590
romantic-rivalry,run2,791
romantic-skepticism,run1,74
romantic-struggle,run1,273
romantic-struggle,run2,273
romantic-tension,run1,164
romantic-tension,run1,290
romantic-tension,run1,349
romantic-tension,run1,404
romantic-tension,run1,746
romantic-tension,run1,816
romantic-tension,run2,746
romantic-togetherness,run1,446
romantic-togetherness,run2,446
romantic-transience,run2,63
romantic-uncertainty,run1,180
romantic-uncertainty,run1,183
romantic-uncertainty,run1,188
romantic-uncertainty,run1,284
romantic-uncertainty,run1,572
romantic-uncertainty,run1,847
romantic-uncertainty,run2,180
romantic-uncertainty,run2,183
romantic-uncertainty,run2,188
romantic-uncertainty,run2,284
romantic-uncertainty,run2,847
romantic-unreadiness,run1,783
romantic-unreadiness,run2,783
romantic-vulnerability,run1,208
romantic-vulnerability,run2,208
romantic-warning,run1,685
romantic-warning,run2,685
royal-power-imagery,run1,523
royal-power-imagery,run2,523
rule-breaking-ambition,run2,407
rule-breaking-for-love,run1,285
ruling-the-world,run1,853
ruling-the-world,run2,853
rumination,run2,441
rumination-and-revenge,run1,561
rumination-and-revenge,run2,561
rumor-and-gossip,run1,787
rumor-and-gossip,run2,787
rumor-and-reputation,run1,81
running-away,run1,513
running-away,run2,513
running-from-commitment,run1,366
running-from-love,run1,511
running-from-love,run2,511
running-into-an-ex,run2,833
rural-country-life,run1,548
rural-country-life,run2,548
rural-country-lifestyle,run1,507
rural-country-lifestyle,run1,712
rural-country-lifestyle,run1,713
rural-country-lifestyle,run2,507
rural-country-lifestyle,run2,713
rural-escape,run1,687
rural-escape,run2,687
rural-lifestyle,run1,185
rural-lifestyle,run2,185
rural-setting,run1,721
rural-setting,run2,721
rural-southern-identity,run1,323
rural-southern-identity,run2,323
rural-southern-setting,run1,107
rural-southern-setting,run2,107
rural-upbringing,run1,529
rural-upbringing,run2,529
rural-vs-urban,run1,278
rural-vs-urban,run2,278
rural-vs-urban-divide,run1,692
rural-vs-urban-divide,run2,692
rural-working-class-life,run1,776
rural-working-class-life,run2,776
rushing-into-love,run1,488
rushing-into-love,run2,488
ruthless-determination,run2,331
ruthless-reputation,run2,500
sacred-and-profane-blending,run1,805
sacred-and-profane-blending,run2,805
sacred-love,run1,488
sacred-love,run2,488
sacrifice,run2,760
sacrifice-and-devotion,run1,227
sacrifice-and-devotion,run2,227
sacrifice-and-imprisonment,run1,682
sacrifice-for-another,run1,245
sacrifice-for-another,run2,245
sacrifice-for-children,run1,141
sacrifice-for-children,run2,141
sacrifice-for-family,run1,450
sacrifice-for-love,run2,453
sacrifice-for-loved-ones,run2,450
sacrifice-for-partner,run1,261
sadness-and-despair,run1,441
sadness-and-despair,run2,441
sadness-and-melancholy,run1,15
sadness-and-melancholy,run2,15
safety-and-security,run1,689
safety-and-security,run2,689
salvation-through-love,run1,73
salvation-through-love,run2,73
savage-confidence,run1,143
savage-identity,run2,422
scandal-and-drama,run2,123
scandal-and-shame,run1,123
scandalous-thrill,run2,51
scenic-beauty-overshadowed-by-love,run1,362
scenic-moments,run2,362
schadenfreude,run1,656
scoring-and-winning,run1,793
scoring-and-winning,run2,793
search-for-a-good-partner,run1,84
search-for-a-good-partner,run2,84
search-for-escape,run2,774
search-for-identity,run1,849
search-for-identity,run2,849
search-for-inner-peace,run2,502
search-for-purpose,run1,703
search-for-purpose,run2,703
search-for-truth,run2,252
searching-for-connection,run2,208
searching-for-emotional-fulfillment,run1,808
searching-for-emotional-fulfillment,run2,808
searching-for-inner-peace,run1,502
searching-for-love,run1,208
searching-for-love,run1,580
searching-for-love,run1,868
searching-for-love,run2,580
searching-for-love,run2,868
searching-for-meaning,run1,293
searching-for-meaning,run2,293
searching-for-meaning,run2,634
searching-for-meaning,run2,738
searching-for-peace,run1,20
searching-for-peace,run2,20
searching-for-relief,run1,571
searching-for-someone,run2,124
searching-for-the-lost-lover,run1,124
seasonal-change,run1,863
seasonal-change,run2,863
seasonal-nostalgia,run1,384
second-chance-at-love,run1,678
second-chance-regret,run1,792
second-chance-regret,run2,792
second-chances,run1,2
second-chances,run1,802
second-chances,run2,2
second-chances,run2,802
secrecy-and-deception,run1,632
secrecy-and-deception,run2,632
secrecy-and-discretion,run1,114
secrecy-and-discretion,run2,383
secrecy-and-discretion,run2,639
secrecy-and-double-standards,run2,747
secrecy-and-loyalty,run1,383
secrecy-and-mystery,run1,37
secrecy-and-mystery,run2,37
secrecy-and-paranoia,run1,75
secrecy-and-paranoia,run2,75
secrecy-and-scandal,run1,51
secret-affair,run1,79
secret-affair,run2,48
secret-affair,run2,79
secret-affair,run2,114
secret-desire,run2,207
secret-emotional-affair,run2,491
secret-escape,run1,765
secret-escape,run2,765
secret-intimacy,run1,59
secret-intimacy,run1,464
secret-intimacy,run2,59
secret-keeping,run1,494
secret-keeping,run1,639
secret-keeping,run2,647
secret-keeping-and-discretion,run1,747
secret-longing,run1,212
secret-longing,run2,212
secret-meeting-place,run1,610
secret-meeting-place,run2,610
secret-relationship,run1,32
secret-relationship,run1,77
secret-relationship,run1,294
secret-relationship,run1,364
secret-relationship,run2,32
secret-relationship,run2,77
secret-relationship,run2,294
secret-relationship,run2,364
secret-relationship,run2,464
secret-rendezvous,run1,100
secret-rendezvous,run1,806
secret-rendezvous,run2,100
secret-romance,run1,482
secret-romance,run2,51
secret-romance,run2,482
security-and-street-danger,run2,432
seduction,run1,130
seduction,run1,132
seduction,run1,254
seduction,run1,348
seduction,run1,466
seduction,run1,600
seduction,run1,779
seduction,run2,16
seduction,run2,130
seduction,run2,132
seduction,run2,177
seduction,run2,254
seduction,run2,348
seduction,run2,466
seduction,run2,600
seduction,run2,779
seduction-and-attraction,run1,114
seduction-and-attraction,run2,114
seduction-and-desire,run1,335
seduction-and-desire,run2,335
seduction-and-flirtation,run2,327
seduction-and-persuasion,run1,18
seduction-and-physical-attraction,run1,400
seduction-and-romance,run1,256
seduction-and-romance,run2,256
seduction-and-temptation,run1,16
seduction-and-temptation,run1,757
seduction-and-temptation,run2,757
seduction-invitation,run1,614
seduction-pursuit,run1,564
seduction-pursuit,run2,564
seeing-beauty-in-imperfection,run1,802
seeing-beauty-in-imperfection,run2,802
seeing-through-a-partner,run1,810
seeing-through-flattery,run1,45
seeing-through-flattery,run2,45
seeking-attention,run2,120
seeking-comfort,run1,365
seeking-comfort,run2,365
seeking-comfort-and-safety,run2,300
seeking-compromise,run2,197
seeking-distraction,run1,289
seeking-forgiveness,run1,2
seeking-forgiveness,run1,688
seeking-forgiveness,run2,2
seeking-maternal-comfort,run1,424
seeking-maternal-comfort,run2,424
seeking-refuge,run1,250
seeking-refuge,run2,250
seizing-opportunities,run1,577
seizing-opportunities,run2,577
seizing-the-moment,run1,590
seizing-the-moment,run2,590
seizing-the-night,run1,182
selective-memory,run1,362
selective-memory,run2,362
self-acceptance,run1,128
self-acceptance,run1,536
self-acceptance,run1,537
self-acceptance,run1,542
self-acceptance,run1,821
self-acceptance,run1,849
self-acceptance,run2,128
self-acceptance,run2,536
self-acceptance,run2,537
self-acceptance,run2,542
self-acceptance,run2,821
self-acceptance,run2,849
self-achievement,run1,752
self-achievement,run2,752
self-admiration,run1,62
self-admiration,run2,62
self-aggrandizement,run1,319
self-assertion,run1,238
self-assertion,run2,112
self-assertion,run2,148
self-assertion,run2,173
self-assurance,run2,883
self-awareness,run1,127
self-awareness,run1,215
self-awareness,run1,356
self-awareness,run1,638
self-awareness,run1,666
self-awareness,run1,730
self-awareness,run1,828
self-awareness,run1,830
self-awareness,run2,135
self-awareness,run2,215
self-awareness,run2,472
self-awareness,run2,638
self-awareness,run2,666
self-awareness-and-denial,run1,493
self-awareness-and-denial,run2,491
self-awareness-and-denial,run2,493
self-awareness-and-doubt,run2,460
self-awareness-and-growth,run1,810
self-awareness-and-growth,run2,810
self-awareness-and-humility,run2,489
self-awareness-and-irony,run2,828
self-awareness-and-regret,run1,1
self-awareness-and-regret,run1,566
self-awareness-and-regret,run2,1
self-awareness-and-shame,run2,663
self-awareness-and-vulnerability,run1,737
self-awareness-and-vulnerability,run2,737
self-awareness-despite-weakness,run1,511
self-awareness-despite-weakness,run2,511
self-awareness-in-conflict,run1,472
self-awareness-of-bad-behavior,run2,566
self-awareness-of-bad-choices,run1,464
self-awareness-of-bad-choices,run2,464
self-awareness-of-denial,run2,813
self-awareness-of-flaws,run1,243
self-awareness-of-flaws,run1,399
self-awareness-of-flaws,run1,467
self-awareness-of-flaws,run2,243
self-awareness-of-flaws,run2,364
self-awareness-of-flaws,run2,399
self-awareness-of-flaws,run2,467
self-awareness-of-flaws,run2,798
self-awareness-of-flaws,run2,856
self-awareness-of-toxicity,run1,337
self-awareness-of-toxicity,run2,337
self-awareness-of-wrongdoing,run1,307
self-awareness-too-late,run1,459
self-awareness-too-late,run2,459
self-awareness-vs-irrationality,run2,637
self-awareness-without-change,run1,798
self-belief,run1,286
self-belief,run1,864
self-belief,run2,864
self-blame,run1,431
self-blame,run1,563
self-blame,run1,677
self-blame,run1,855
self-blame,run1,877
self-blame,run2,431
self-blame,run2,563
self-blame,run2,677
self-blame,run2,855
self-blame,run2,877
self-blame-and-low-self-worth,run1,441
self-blame-and-low-self-worth,run2,441
self-blame-and-victimhood,run1,731
self-blame-and-victimhood,run2,731
self-care,run1,395
self-care,run2,395
self-celebration,run1,504
self-celebration,run2,504
self-confidence,run1,35
self-confidence,run1,45
self-confidence,run1,57
self-confidence,run1,62
self-confidence,run1,150
self-confidence,run1,157
self-confidence,run1,167
self-confidence,run1,185
self-confidence,run1,216
self-confidence,run1,247
self-confidence,run1,251
self-confidence,run1,288
self-confidence,run1,309
self-confidence,run1,314
self-confidence,run1,321
self-confidence,run1,346
self-confidence,run1,357
self-confidence,run1,359
self-confidence,run1,377
self-confidence,run1,379
self-confidence,run1,383
self-confidence,run1,395
self-confidence,run1,425
self-confidence,run1,455
self-confidence,run1,462
self-confidence,run1,466
self-confidence,run1,478
self-confidence,run1,479
self-confidence,run1,486
self-confidence,run1,553
self-confidence,run1,559
self-confidence,run1,590
self-confidence,run1,595
self-confidence,run1,681
self-confidence,run1,694
self-confidence,run1,695
self-confidence,run1,728
self-confidence,run1,729
self-confidence,run1,732
self-confidence,run1,754
self-confidence,run1,759
self-confidence,run1,784
self-confidence,run1,796
self-confidence,run1,797
self-confidence,run1,812
self-confidence,run1,814
self-confidence,run1,815
self-confidence,run1,861
self-confidence,run1,879
self-confidence,run1,883
self-confidence,run2,35
self-confidence,run2,62
self-confidence,run2,77
self-confidence,run2,104
self-confidence,run2,126
self-confidence,run2,150
self-confidence,run2,157
self-confidence,run2,167
self-confidence,run2,185
self-confidence,run2,247
self-confidence,run2,251
self-confidence,run2,283
self-confidence,run2,288
self-confidence,run2,314
self-confidence,run2,321
self-confidence,run2,346
self-confidence,run2,357
self-confidence,run2,359
self-confidence,run2,377
self-confidence,run2,379
self-confidence,run2,383
self-confidence,run2,395
self-confidence,run2,425
self-confidence,run2,462
self-confidence,run2,466
self-confidence,run2,479
self-confidence,run2,553
self-confidence,run2,559
self-confidence,run2,590
self-confidence,run2,595
self-confidence,run2,669
self-confidence,run2,681
self-confidence,run2,694
self-confidence,run2,695
self-confidence,run2,728
self-confidence,run2,729
self-confidence,run2,732
self-confidence,run2,754
self-confidence,run2,758
self-confidence,run2,766
self-confidence,run2,784
self-confidence,run2,796
self-confidence,run2,797
self-confidence,run2,812
self-confidence,run2,814
self-confidence,run2,815
self-confidence-and-appearance,run1,283
self-confidence-and-arrogance,run2,219
self-confidence-and-attractiveness,run1,219
self-confidence-and-beauty,run2,309
self-confidence-and-body-image,run1,613
self-confidence-and-body-image,run2,613
self-confidence-and-boldness,run1,766
self-confidence-and-boldness,run2,199
self-confidence-and-braggadocio,run1,126
self-confidence-and-braggadocio,run1,160
self-confidence-and-braggadocio,run2,160
self-confidence-and-bragging,run2,520
self-confidence-and-bragging,run2,862
self-confidence-and-bragging,run2,872
self-confidence-and-bravado,run1,726
self-confidence-and-bravado,run2,726
self-confidence-and-clout,run1,497
self-confidence-and-clout,run2,218
self-confidence-and-clout,run2,497
self-confidence-and-desirability,run2,759
self-confidence-and-dominance,run1,122
self-confidence-and-dominance,run1,133
self-confidence-and-dominance,run1,221
self-confidence-and-dominance,run1,355
self-confidence-and-dominance,run1,358
self-confidence-and-dominance,run2,133
self-confidence-and-dominance,run2,178
self-confidence-and-dominance,run2,355
self-confidence-and-dominance,run2,358
self-confidence-and-dominance,run2,769
self-confidence-and-ego,run2,297
self-confidence-and-empowerment,run2,401
self-confidence-and-flexing,run1,178
self-confidence-and-identity,run1,34
self-confidence-and-radiance,run1,401
self-confidence-and-resilience,run2,486
self-confidence-and-style,run1,411
self-confidence-and-style,run2,411
self-confidence-and-superiority,run1,114
self-confidence-and-superiority,run1,660
self-confidence-and-superiority,run1,831
self-confidence-and-superiority,run2,122
self-confidence-and-superiority,run2,660
self-confidence-and-superiority,run2,831
self-confidence-and-uniqueness,run2,34
self-confidence-and-untouchability,run1,410
self-deception,run1,168
self-deception,run1,385
self-deception,run1,591
self-deception,run1,647
self-deception,run1,763
self-deception,run1,833
self-deception,run1,839
self-deception,run1,850
self-deception,run2,81
self-deception,run2,168
self-deception,run2,385
self-deception,run2,487
self-deception,run2,591
self-deception,run2,608
self-deception,run2,647
self-deception,run2,763
self-deception,run2,839
self-deception,run2,850
self-deception,run2,868
self-deception-and-lies,run1,866
self-deception-and-lies,run2,866
self-delusion,run1,44
self-delusion,run2,44
self-denial,run1,865
self-denial,run2,865
self-deprecation,run1,816
self-deprecation,run2,753
self-deprecation,run2,816
self-destruction,run1,68
self-destruction,run1,72
self-destruction,run1,206
self-destruction,run1,571
self-destruction,run1,774
self-destruction,run1,820
self-destruction,run1,858
self-destruction,run2,68
self-destruction,run2,303
self-destruction,run2,571
self-destruction,run2,774
self-destruction,run2,858
self-destructive-behavior,run1,245
self-destructive-behavior,run1,342
self-destructive-behavior,run1,470
self-destructive-behavior,run1,638
self-destructive-behavior,run1,706
self-destructive-behavior,run1,743
self-destructive-behavior,run1,809
self-destructive-behavior,run2,245
self-destructive-behavior,run2,342
self-destructive-behavior,run2,366
self-destructive-behavior,run2,470
self-destructive-behavior,run2,534
self-destructive-behavior,run2,638
self-destructive-behavior,run2,643
self-destructive-behavior,run2,676
self-destructive-behavior,run2,684
self-destructive-behavior,run2,706
self-destructive-behavior,run2,743
self-destructive-behavior,run2,809
self-destructive-cycle,run1,751
self-destructive-cycle,run2,751
self-destructive-desire,run1,688
self-destructive-habits,run1,651
self-destructive-lifestyle,run1,392
self-destructive-lifestyle,run2,392
self-destructive-love,run1,739
self-destructive-tendencies,run1,364
self-determination,run1,36
self-determination,run1,71
self-determination,run1,108
self-determination,run2,36
self-determination,run2,71
self-determination,run2,108
self-determination-and-hustle,run1,474
self-determination-and-hustle,run2,474
self-discipline-through-repetition,run1,205
self-discipline-through-repetition,run2,205
self-discovery,run1,240
self-discovery,run1,394
self-discovery,run1,542
self-discovery,run1,792
self-discovery,run1,807
self-discovery,run1,819
self-discovery,run2,129
self-discovery,run2,222
self-discovery,run2,240
self-discovery,run2,394
self-discovery,run2,792
self-discovery,run2,807
self-discovery,run2,819
self-display,run2,190
self-display-and-attention,run1,190
self-doubt,run1,20
self-doubt,run1,330
self-doubt,run1,506
self-doubt,run1,572
self-doubt,run1,575
self-doubt,run1,608
self-doubt,run1,672
self-doubt,run2,20
self-doubt,run2,330
self-doubt,run2,755
self-doubt-and-disorientation,run2,531
self-doubt-and-fear,run1,531
self-doubt-and-hesitation,run2,572
self-doubt-and-inadequacy,run1,414
self-doubt-and-inadequacy,run2,414
self-doubt-and-insecurity,run1,735
self-doubt-and-introspection,run1,755
self-doubt-and-judgment,run2,735
self-doubt-and-regret,run1,530
self-doubt-in-love,run2,672
self-elevation,run1,528
self-elevation,run2,528
self-empowerment,run1,33
self-empowerment,run1,78
self-empowerment,run1,95
self-empowerment,run1,143
self-empowerment,run1,580
self-empowerment,run2,95
self-empowerment,run2,143
self-empowerment,run2,161
self-empowerment,run2,209
self-empowerment,run2,580
self-empowerment,run2,741
self-empowerment-and-confidence,run2,592
self-expression,run1,797
self-expression,run2,573
self-expression,run2,797
self-expression-and-identity,run1,310
self-expression-vs-silence,run1,742
self-focus-and-ambition,run1,134
self-focus-and-ambition,run2,134
self-harm-and-hidden-pain,run1,128
self-harm-and-hidden-pain,run2,128
self-importance,run1,312
self-importance,run2,312
self-imposed-rules,run1,205
self-imposed-rules,run2,205
self-improvement,run1,414
self-improvement,run1,654
self-improvement,run2,414
self-improvement,run2,654
self-improvement-and-success,run1,691
self-improvement-and-success,run2,691
self-improvement-for-love,run1,354
self-improvement-through-partnership,run1,222
self-improvement-through-partnership,run2,222
self-inadequacy,run1,105
self-inadequacy,run2,105
self-independence,run2,30
self-inflicted-consequences,run1,776
self-inflicted-consequences,run2,776
self-isolation,run1,39
self-isolation,run2,255
self-justification,run2,307
self-liberation,run1,52
self-liberation,run1,580
self-liberation,run2,52
self-liberation-and-release,run2,580
self-love,run1,52
self-love,run1,240
self-love,run1,636
self-love,run2,240
self-love,run2,636
self-love-and-self-discovery,run1,287
self-love-and-self-discovery,run2,287
self-made-ambition,run1,175
self-made-confidence,run1,432
self-made-greatness,run1,298
self-made-hustle,run1,264
self-made-hustle,run1,297
self-made-hustle,run1,631
self-made-hustle,run2,82
self-made-hustle,run2,264
self-made-hustle,run2,338
self-made-hustle,run2,631
self-made-hustler-identity,run2,410
self-made-identity,run1,192
self-made-identity,run1,213
self-made-identity,run1,292
self-made-identity,run2,192
self-made-identity,run2,432
self-made-independence,run1,501
self-made-independence,run1,583
self-made-independence,run2,583
self-made-success,run1,186
self-made-success,run1,248
self-made-success,run1,370
self-made-success,run1,430
self-made-success,run1,447
self-made-success,run2,65
self-made-success,run2,186
self-made-success,run2,221
self-made-success,run2,248
self-made-success,run2,304
self-made-success,run2,370
self-made-success,run2,447
self-made-success,run2,522
self-made-success,run2,680
self-neglect,run1,394
self-presentation,run1,444
self-preservation,run2,408
self-preservation-and-moving-on,run2,433
self-preservation-and-paranoia,run1,368
self-proclaimed-desirability,run1,318
self-proclaimed-desirability,run2,318
self-proclaimed-expertise,run1,716
self-proclaimed-expertise,run2,716
self-proclaimed-greatness,run1,104
self-proclaimed-greatness,run1,872
self-proclaimed-greatness,run2,298
self-proclaimed-hood-hero,run2,880
self-proclaimed-savagery,run1,422
self-proclaimed-sexual-prowess,run2,59
self-proclaimed-street-hero,run1,880
self-proclaimed-superiority,run1,111
self-proclaimed-superiority,run2,111
self-proclaimed-superiority,run2,811
self-proclaimed-superiority-over-other-women,run1,554
self-proclaimed-toughness,run1,556
self-promotion,run1,218
self-promotion,run1,246
self-promotion,run1,338
self-promotion,run2,88
self-promotion,run2,319
self-promotion,run2,444
self-promotion,run2,793
self-promotion-and-celebrity,run2,172
self-promotion-and-fame,run1,793
self-protection,run1,412
self-protection,run2,412
self-protection-after-hurt,run1,705
self-protection-after-hurt,run2,705
self-protection-and-detachment,run1,340
self-reclamation,run2,351
self-reclamation,run2,490
self-rediscovery,run1,351
self-rediscovery,run2,852
self-reflection,run1,7
self-reflection,run1,159
self-reflection,run1,471
self-reflection,run1,760
self-reflection,run1,809
self-reflection,run2,7
self-reflection,run2,159
self-reflection,run2,356
self-reflection,run2,471
self-reflection,run2,809
self-reflection-and-doubt,run1,460
self-reflection-and-regret,run2,530
self-reflection-on-past,run1,753
self-reinvention,run1,58
self-reinvention,run1,817
self-reinvention,run2,817
self-reliance,run1,19
self-reliance,run1,135
self-reliance,run1,227
self-reliance,run1,789
self-reliance,run2,19
self-reliance,run2,227
self-reliance-and-independence,run1,526
self-reliance-and-vigilance,run1,561
self-reliance-and-vigilance,run2,561
self-renewal,run1,685
self-respect-and-pride,run2,792
self-respect-and-reputation,run2,789
self-restraint-and-dignity,run1,543
self-sabotage,run1,679
self-sabotage,run2,679
self-sacrifice,run1,551
self-sacrifice,run2,257
self-sacrifice,run2,551
self-sacrifice,run2,642
self-sacrifice,run2,682
self-sacrifice-and-death,run2,870
self-sacrifice-and-lost-opportunity,run1,642
self-sacrifice-and-suicide,run1,870
self-sacrifice-for-loved-one,run1,257
self-sacrifice-in-love,run1,471
self-sacrifice-in-love,run2,471
self-silencing,run2,742
self-sufficiency,run1,13
self-sufficiency,run1,680
self-sufficiency,run2,13
self-sufficiency-and-confidence,run2,381
self-sufficiency-and-fearlessness,run1,492
self-sufficiency-and-fearlessness,run2,492
self-sufficiency-and-independence,run1,435
self-sufficiency-and-independence,run2,526
self-sufficiency-as-a-couple,run1,263
self-sufficiency-as-a-couple,run2,263
self-superiority,run2,114
self-surrender,run1,573
self-surrender,run2,881
self-talk-and-affirmation,run1,205
self-talk-and-affirmation,run2,205
self-worth,run1,47
self-worth,run1,244
self-worth,run2,47
self-worth,run2,394
self-worth-and-beauty,run1,191
self-worth-and-beauty,run2,191
self-worth-and-boundaries,run2,543
self-worth-and-confidence,run2,52
self-worth-and-empowerment,run1,487
self-worth-and-empowerment,run2,310
self-worth-and-empowerment,run2,487
self-worth-and-identity,run2,382
self-worth-and-independence,run2,461
self-worth-and-indifference,run1,598
self-worth-and-indifference,run2,598
self-worth-and-insecurity,run1,649
self-worth-and-insecurity,run2,649
self-worth-and-loss,run2,244
self-worth-and-moving-on,run2,201
self-worth-and-pride,run1,792
self-worth-and-pride,run2,149
self-worth-and-reassurance,run1,194
self-worth-and-reassurance,run2,194
self-worth-and-regret,run1,700
self-worth-and-regret,run2,700
self-worth-and-resilience,run1,201
self-worth-and-resilience,run2,869
self-worth-and-speaking-up,run1,173
self-worth-and-standards,run1,84
self-worth-and-standards,run2,84
self-worth-and-superiority,run1,717
self-worth-and-superiority,run2,717
self-worth-despite-mediocrity,run1,450
self-worth-despite-mediocrity,run2,450
self-worth-discovery,run2,536
self-worth-struggles,run1,679
self-worth-struggles,run2,679
self-worth-through-love,run1,291
self-worth-through-love,run2,291
self-worth-tied-to-usefulness,run1,592
self-worth-tied-to-usefulness,run2,592
selfless-love,run1,261
selfless-love,run2,261
sense-of-place,run1,710
sense-of-place,run2,710
sensory-attraction,run1,371
sensory-attraction,run2,371
sensory-connection,run2,465
sensory-desire,run1,272
sensory-experience,run1,384
sensory-intimacy,run2,552
sensory-memory,run1,167
sensory-memory,run1,707
sensory-memory,run2,5
sensory-memory,run2,167
sensory-memory,run2,707
sensory-memory,run2,768
sensory-memory-trigger,run1,220
sensory-memory-trigger,run2,220
sensory-pleasure,run1,552
sensory-seduction,run2,272
sensory-taste-imagery,run2,384
sensual-atmosphere,run1,451
sensual-atmosphere,run1,462
sensual-atmosphere,run2,451
sensual-dancing,run1,269
sensual-desire,run1,102
sensual-indulgence,run2,18
sensual-intimacy,run2,102
sensual-intimacy,run2,825
sensual-movement,run2,294
sensual-nickname,run1,290
sensual-taste-and-pleasure,run1,461
sensuality,run1,363
sensuality,run1,825
sensuality,run2,363
sensuality,run2,746
sensuality,run2,796
sensuality-and-grace,run2,565
sensuality-and-intimacy,run1,804
sensuality-and-intimacy,run2,804
separation,run1,630
serial-dating,run1,215
serial-dating,run1,566
serial-dating,run2,215
serial-dating,run2,566
serial-romance,run1,63
setting-aside-pride,run1,197
setting-boundaries,run2,274
setting-the-mood,run1,578
setting-the-mood,run2,578
setting-the-mood,run2,625
settling-and-regret,run2,737
sex-work,run1,61
sex-work,run2,61
sexual-activity,run1,752
sexual-activity,run2,752
sexual-allure,run1,674
sexual-allure,run2,504
sexual-attraction,run1,48
sexual-attraction,run1,54
sexual-attraction,run1,216
sexual-attraction,run1,312
sexual-attraction,run1,403
sexual-attraction,run1,494
sexual-attraction,run1,631
sexual-attraction,run1,657
sexual-attraction,run1,868
sexual-attraction,run2,48
sexual-attraction,run2,54
sexual-attraction,run2,312
sexual-attraction,run2,403
sexual-attraction,run2,631
sexual-attraction,run2,657
sexual-attraction,run2,868
sexual-attraction-and-desire,run1,554
sexual-attraction-and-desire,run1,778
sexual-autonomy,run1,345
sexual-braggadocio,run1,172
sexual-braggadocio,run1,190
sexual-braggadocio,run1,334
sexual-braggadocio,run1,393
sexual-braggadocio,run1,842
sexual-braggadocio,run2,77
sexual-braggadocio,run2,190
sexual-braggadocio,run2,842
sexual-bravado,run1,175
sexual-bravado,run1,255
sexual-bravado,run1,260
sexual-bravado,run1,262
sexual-bravado,run1,318
sexual-bravado,run1,377
sexual-bravado,run1,660
sexual-bravado,run1,764
sexual-bravado,run1,831
sexual-bravado,run2,87
sexual-bravado,run2,175
sexual-bravado,run2,262
sexual-bravado,run2,377
sexual-bravado,run2,660
sexual-bravado,run2,831
sexual-chemistry,run1,699
sexual-chemistry,run1,835
sexual-chemistry,run2,699
sexual-chemistry,run2,835
sexual-confidence,run1,59
sexual-confidence,run1,117
sexual-confidence,run1,357
sexual-confidence,run1,379
sexual-confidence,run1,451
sexual-confidence,run1,496
sexual-confidence,run1,521
sexual-confidence,run1,527
sexual-confidence,run1,600
sexual-confidence,run1,658
sexual-confidence,run1,662
sexual-confidence,run1,719
sexual-confidence,run1,791
sexual-confidence,run2,59
sexual-confidence,run2,117
sexual-confidence,run2,148
sexual-confidence,run2,221
sexual-confidence,run2,357
sexual-confidence,run2,400
sexual-confidence,run2,451
sexual-confidence,run2,496
sexual-confidence,run2,521
sexual-confidence,run2,527
sexual-confidence,run2,584
sexual-confidence,run2,600
sexual-confidence,run2,662
sexual-confidence,run2,719
sexual-confidence,run2,754
sexual-confidence,run2,791
sexual-confidence,run2,883
sexual-conquest,run1,30
sexual-conquest,run1,34
sexual-conquest,run1,75
sexual-conquest,run1,92
sexual-conquest,run1,144
sexual-conquest,run1,178
sexual-conquest,run1,225
sexual-conquest,run1,229
sexual-conquest,run1,230
sexual-conquest,run1,241
sexual-conquest,run1,299
sexual-conquest,run1,304
sexual-conquest,run1,319
sexual-conquest,run1,368
sexual-conquest,run1,410
sexual-conquest,run1,422
sexual-conquest,run1,430
sexual-conquest,run1,498
sexual-conquest,run1,500
sexual-conquest,run1,501
sexual-conquest,run1,526
sexual-conquest,run1,587
sexual-conquest,run1,645
sexual-conquest,run1,718
sexual-conquest,run1,801
sexual-conquest,run1,812
sexual-conquest,run2,34
sexual-conquest,run2,75
sexual-conquest,run2,92
sexual-conquest,run2,106
sexual-conquest,run2,144
sexual-conquest,run2,178
sexual-conquest,run2,184
sexual-conquest,run2,216
sexual-conquest,run2,225
sexual-conquest,run2,229
sexual-conquest,run2,230
sexual-conquest,run2,242
sexual-conquest,run2,299
sexual-conquest,run2,304
sexual-conquest,run2,319
sexual-conquest,run2,334
sexual-conquest,run2,368
sexual-conquest,run2,393
sexual-conquest,run2,410
sexual-conquest,run2,422
sexual-conquest,run2,430
sexual-conquest,run2,498
sexual-conquest,run2,500
sexual-conquest,run2,526
sexual-conquest,run2,619
sexual-conquest,run2,645
sexual-conquest,run2,769
sexual-control-and-desire,run2,41
sexual-control-and-dominance,run1,41
sexual-dance-commands,run2,318
sexual-desirability,run1,504
sexual-desirability,run2,595
sexual-desire,run1,16
sexual-desire,run1,18
sexual-desire,run1,36
sexual-desire,run1,74
sexual-desire,run1,90
sexual-desire,run1,93
sexual-desire,run1,103
sexual-desire,run1,117
sexual-desire,run1,130
sexual-desire,run1,132
sexual-desire,run1,148
sexual-desire,run1,154
sexual-desire,run1,162
sexual-desire,run1,177
sexual-desire,run1,198
sexual-desire,run1,199
sexual-desire,run1,295
sexual-desire,run1,308
sexual-desire,run1,345
sexual-desire,run1,350
sexual-desire,run1,402
sexual-desire,run1,435
sexual-desire,run1,451
sexual-desire,run1,475
sexual-desire,run1,482
sexual-desire,run1,496
sexual-desire,run1,532
sexual-desire,run1,546
sexual-desire,run1,553
sexual-desire,run1,564
sexual-desire,run1,584
sexual-desire,run1,601
sexual-desire,run1,605
sexual-desire,run1,646
sexual-desire,run1,658
sexual-desire,run1,668
sexual-desire,run1,696
sexual-desire,run1,726
sexual-desire,run1,736
sexual-desire,run1,740
sexual-desire,run1,759
sexual-desire,run1,761
sexual-desire,run1,769
sexual-desire,run1,773
sexual-desire,run1,836
sexual-desire,run1,861
sexual-desire,run1,862
sexual-desire,run1,874
sexual-desire,run2,16
sexual-desire,run2,36
sexual-desire,run2,74
sexual-desire,run2,90
sexual-desire,run2,93
sexual-desire,run2,117
sexual-desire,run2,130
sexual-desire,run2,132
sexual-desire,run2,154
sexual-desire,run2,162
sexual-desire,run2,177
sexual-desire,run2,198
sexual-desire,run2,295
sexual-desire,run2,308
sexual-desire,run2,345
sexual-desire,run2,350
sexual-desire,run2,402
sexual-desire,run2,417
sexual-desire,run2,435
sexual-desire,run2,451
sexual-desire,run2,475
sexual-desire,run2,482
sexual-desire,run2,494
sexual-desire,run2,496
sexual-desire,run2,527
sexual-desire,run2,532
sexual-desire,run2,549
sexual-desire,run2,553
sexual-desire,run2,554
sexual-desire,run2,564
sexual-desire,run2,584
sexual-desire,run2,601
sexual-desire,run2,605
sexual-desire,run2,614
sexual-desire,run2,646
sexual-desire,run2,668
sexual-desire,run2,696
sexual-desire,run2,704
sexual-desire,run2,726
sexual-desire,run2,736
sexual-desire,run2,740
sexual-desire,run2,759
sexual-desire,run2,766
sexual-desire,run2,836
sexual-desire,run2,861
sexual-desire,run2,862
sexual-desire,run2,874
sexual-desire,run2,880
sexual-desire-and-attraction,run2,778
sexual-desire-and-flirtation,run1,327
sexual-desire-and-flirtation,run1,613
sexual-desire-and-flirtation,run2,613
sexual-dominance,run1,87
sexual-dominance,run1,89
sexual-dominance,run1,117
sexual-dominance,run1,246
sexual-dominance,run1,391
sexual-dominance,run1,715
sexual-dominance,run2,89
sexual-dominance,run2,117
sexual-dominance,run2,391
sexual-dominance,run2,715
sexual-dominance,run2,764
sexual-dominance-and-objectification,run1,733
sexual-dominance-and-objectification,run2,733
sexual-empowerment,run1,767
sexual-empowerment,run2,767
sexual-encounters,run1,438
sexual-encounters,run2,438
sexual-exhaustion,run1,77
sexual-exhaustion,run2,77
sexual-explicitness,run1,219
sexual-explicitness,run1,388
sexual-explicitness,run2,219
sexual-explicitness,run2,388
sexual-exploitation,run1,98
sexual-exploitation,run2,98
sexual-flexibility-and-skill,run1,496
sexual-flirtation,run1,614
sexual-freedom,run1,359
sexual-freedom,run2,359
sexual-innuendo,run1,475
sexual-innuendo,run1,748
sexual-innuendo,run2,475
sexual-innuendo,run2,748
sexual-intimacy,run1,89
sexual-intimacy,run1,247
sexual-intimacy,run1,269
sexual-intimacy,run1,456
sexual-intimacy,run1,476
sexual-intimacy,run1,522
sexual-intimacy,run1,762
sexual-intimacy,run1,879
sexual-intimacy,run2,89
sexual-intimacy,run2,247
sexual-intimacy,run2,269
sexual-intimacy,run2,315
sexual-intimacy,run2,456
sexual-intimacy,run2,476
sexual-intimacy,run2,522
sexual-intimacy,run2,658
sexual-intimacy,run2,761
sexual-intimacy,run2,762
sexual-intimacy,run2,879
sexual-longing,run1,499
sexual-magnetism,run1,728
sexual-obsession,run2,546
sexual-passion,run1,704
sexual-power,run1,122
sexual-power,run1,338
sexual-power,run1,838
sexual-power,run2,122
sexual-power,run2,246
sexual-power,run2,338
sexual-power,run2,379
sexual-power,run2,554
sexual-power,run2,674
sexual-power,run2,838
sexual-power-and-agency,run2,480
sexual-power-and-dominance,run1,480
sexual-promiscuity,run2,30
sexual-prowess,run1,595
sexual-prowess,run2,595
sexual-pursuit,run1,276
sexual-pursuit,run1,489
sexual-pursuit,run1,495
sexual-pursuit,run1,766
sexual-pursuit,run1,880
sexual-pursuit,run2,276
sexual-pursuit,run2,489
sexual-pursuit,run2,495
sexual-rivalry,run1,136
sexual-rivalry,run2,136
sexual-roleplay-and-intimacy,run1,554
sexual-roleplay-and-kink,run2,388
sexual-selectivity,run1,595
sexual-solicitation,run1,69
sexual-solicitation,run2,69
sexual-teasing,run1,444
sexual-teasing,run2,444
sexual-temptation,run1,632
sexual-temptation,run2,632
sexual-tension,run1,51
sexual-tension,run1,375
sexual-tension,run1,423
sexual-tension,run1,589
sexual-tension,run2,51
sexual-tension,run2,375
sexual-tension,run2,773
sexual-tension-and-desire,run2,572
sexualidade-e-objetificação-feminina,run1,106
sexuality,run1,309
sexuality,run2,309
sexuality-and-relationships,run1,221
shame-and-embarrassment,run1,217
shame-and-embarrassment,run2,217
shame-and-regret,run1,702
shame-and-regret,run2,702
shame-and-self-acceptance,run2,866
shared-adventure,run1,418
shared-adventure-and-love,run1,95
shared-adventure-and-love,run2,95
shared-blame,run1,2
shared-blame,run1,725
shared-blame,run2,2
shared-blame,run2,725
shared-brokenness,run2,820
shared-complicity,run2,688
shared-connection,run2,585
shared-dreams,run2,418
shared-experiences,run1,362
shared-experiences,run2,362
shared-fate-and-loyalty,run1,140
shared-fate-and-loyalty,run2,140
shared-flaws,run1,127
shared-future-and-family,run1,193
shared-future-and-family,run2,193
shared-guilt,run1,688
shared-history,run1,514
shared-history,run2,514
shared-history-and-loyalty,run1,785
shared-history-and-loyalty,run2,785
shared-human-experience,run1,529
shared-human-experience,run2,529
shared-human-suffering,run1,781
shared-human-suffering,run2,373
shared-human-suffering,run2,781
shared-imperfection-in-love,run2,127
shared-intimacy,run1,573
shared-irrationality,run2,445
shared-journey,run2,99
shared-madness,run1,296
shared-madness,run2,296
shared-memories,run1,668
shared-memories,run2,468
shared-memories-and-places,run2,648
shared-musical-connection,run1,585
shared-romantic-experience,run1,810
shared-romantic-experience,run2,810
shared-taste-and-compatibility,run1,570
shared-wildness,run1,139
shared-wildness,run2,139
shock-humor-provocation,run2,753
showing-a-woman-the-good-life,run1,90
showing-affection-through-spending,run1,786
showing-affection-through-spending,run2,786
showing-off,run1,88
showing-off,run2,88
showing-off,run2,115
showing-off-a-partner,run1,564
showing-off-a-partner,run2,564
showing-off-and-impressing,run1,93
showing-off-entrance,run1,115
showing-off-status,run2,90
showing-off-your-partner,run1,203
showing-off-your-partner,run2,203
silent-departure,run2,52
silent-grief,run1,257
silent-longing,run1,371
silent-understanding,run2,371
simple-contentment,run1,533
simple-contentment,run2,533
simple-country-life,run2,323
simple-everyday-joy,run2,446
simple-joys-of-living,run1,267
simple-joys-of-living,run2,267
simple-life-together,run1,64
simple-pleasures,run1,420
simple-pleasures,run1,454
simple-pleasures,run1,481
simple-pleasures,run1,507
simple-pleasures,run1,548
simple-pleasures,run1,603
simple-pleasures,run1,712
simple-pleasures,run2,11
simple-pleasures,run2,64
simple-pleasures,run2,420
simple-pleasures,run2,454
simple-pleasures,run2,481
simple-pleasures,run2,548
simple-pleasures,run2,603
simple-pleasures,run2,712
simple-pleasures-as-refuge,run1,333
simplicity-in-death,run1,710
simplicity-in-love,run1,263
simplicity-in-love,run2,263
sin-and-redemption,run2,843
sin-and-salvation,run1,843
sin-and-spirituality,run1,497
sin-and-spirituality,run2,497
sincere-love-over-wealth,run1,655
sincerity-and-honesty,run1,462
sincerity-and-honesty,run2,462
sincerity-despite-appearances,run1,799
sincerity-despite-appearances,run2,799
sincerity-over-wealth,run2,655
sinful-indulgence,run1,464
sinful-temptation,run1,688
sinful-temptation,run2,688
single-motherhood,run1,141
single-motherhood,run2,141
singular-devotion,run1,426
singular-devotion,run2,426
singular-purpose,run1,371
skipping-responsibilities-for-pleasure,run1,89
skipping-romance-for-raw-connection,run1,825
sleeping-apart-while-together,run2,163
sleeping-in-a-truck,run2,776
sleeping-rough,run1,776
sleepless-nights,run2,499
sleeplessness,run1,859
sleeplessness,run2,859
sleeplessness-and-insomnia,run1,589
sleeplessness-and-insomnia,run2,589
sleeplessness-and-obsession,run1,124
sleeplessness-and-obsession,run2,124
sleeplessness-and-restlessness,run1,534
sleigh-riding,run2,621
slow-burning-attraction,run1,27
slow-burning-passion,run2,27
slow-seduction,run1,102
slow-seduction,run2,102
slow-sensual-pace,run2,578
slowing-down,run1,578
slowing-down-in-romance,run2,816
small-acts-of-love,run1,625
small-town-americana,run1,746
small-town-escape,run1,427
small-town-escape,run2,398
small-town-gossip,run1,349
small-town-gossip,run2,349
small-town-gossip,run2,593
small-town-gossip-and-community,run1,593
small-town-heartbreaker,run2,427
small-town-identity,run1,185
small-town-identity,run2,185
small-town-life,run1,348
small-town-life,run1,398
small-town-life,run1,629
small-town-life,run1,830
small-town-life,run2,348
small-town-life,run2,629
small-town-life,run2,830
small-town-pride,run1,519
small-town-pride,run1,692
small-town-pride,run2,519
small-town-pride,run2,692
small-town-romance,run1,603
small-town-romance,run2,603
small-town-roots,run1,453
small-town-roots,run1,529
small-town-roots,run1,693
small-town-roots,run2,453
small-town-roots,run2,529
small-town-roots-and-identity,run2,597
small-town-setting,run2,795
smoking-and-vices,run1,782
smoking-and-vices,run2,782
sneaky-link-and-infidelity,run2,831
sneaky-link-infidelity,run1,831
snitching-and-street-code,run1,778
social-alienation,run1,21
social-alienation,run1,390
social-alienation,run1,638
social-alienation,run1,679
social-anxiety,run1,39
social-anxiety,run1,291
social-anxiety,run1,320
social-anxiety,run1,609
social-anxiety,run2,39
social-anxiety,run2,291
social-anxiety,run2,320
social-anxiety-and-rejection,run1,19
social-anxiety-and-rejection,run2,19
social-awkwardness-after-breakup,run1,136
social-awkwardness-after-breakup,run2,136
social-conformity,run1,166
social-conformity,run2,166
social-connections,run1,519
social-connections,run2,519
social-dancing,run1,326
social-dancing,run2,326
social-disapproval,run1,527
social-disapproval,run2,527
social-disapproval,run2,626
social-disconnection,run1,20
social-disconnection,run1,575
social-disconnection,run2,20
social-disconnection,run2,575
social-drinking,run1,220
social-drinking,run2,220
social-elevation,run1,87
social-facade,run2,506
social-fallout,run2,562
social-hypocrisy-and-moral-corruption,run1,509
social-isolation,run1,543
social-isolation,run2,219
social-isolation,run2,609
social-isolation-and-hostility,run1,561
social-isolation-and-hostility,run2,561
social-judgment-vs-acceptance,run1,423
social-judgment-vs-acceptance,run2,423
social-lifestyle-shift,run2,24
social-media-addiction,run1,69
social-media-addiction,run2,69
social-media-and-artificiality,run2,390
social-media-and-clout,run2,377
social-media-and-public-opinion,run1,815
social-media-and-self-presentation,run1,200
social-media-and-self-presentation,run2,200
social-media-clout,run1,198
social-media-clout,run2,198
social-media-commentary,run2,815
social-media-criticism,run2,478
social-media-culture,run1,177
social-media-culture,run1,765
social-media-culture,run1,818
social-media-culture,run2,177
social-media-culture,run2,566
social-media-culture,run2,765
social-media-drama,run1,525
social-media-fame,run1,272
social-media-fame,run2,272
social-media-flexing,run2,818
social-media-flirtation,run1,532
social-media-flirtation,run2,532
social-media-flirting,run1,69
social-media-flirting,run2,69
social-media-obsession,run1,355
social-media-obsession,run1,380
social-media-obsession,run1,564
social-media-obsession,run2,355
social-media-obsession,run2,380
social-media-obsession,run2,564
social-media-rejection,run1,811
social-media-stalking,run1,677
social-mistrust,run2,21
social-performance-and-image,run1,140
social-performance-and-image,run2,140
social-pressure,run1,33
social-pressure,run1,626
social-pressure-and-scrutiny,run1,349
social-pressure-from-friends,run2,349
social-pressure-to-speak,run1,265
social-pressure-to-speak,run2,265
social-ridicule-and-doubt,run2,146
social-status,run1,694
social-status,run2,694
social-suffering-and-injustice,run1,227
social-suffering-and-injustice,run2,227
social-superficiality,run2,39
social-validation,run1,375
social-validation,run2,375
societal-alienation,run1,68
societal-control,run1,166
societal-control,run2,166
societal-pressure,run1,252
societal-pressure,run2,5
societal-pressure,run2,252
societal-pressure-and-hostility,run1,224
societal-pressure-on-women,run2,128
societal-pressure-to-conform,run1,5
societal-underestimation-of-women,run2,565
solid-foundation,run1,374
solid-foundation,run2,374
solidarity-among-women,run1,523
solidarity-among-women,run2,523
solidarity-and-not-being-alone,run1,866
solidarity-and-not-being-alone,run2,866
solidarity-and-partnership,run2,33
solitude-and-longing,run1,720
solitude-and-longing,run2,720
solitude-and-reflection,run1,631
solitude-and-reflection,run2,631
solitude-and-self-reliance,run1,742
solitude-and-self-reliance,run2,742
soul-possession,run1,843
soul-possession,run2,843
soulmate-destiny,run1,768
soulmate-destiny,run2,704
soulmate-feeling,run1,761
southern-identity,run1,481
southern-identity,run1,533
southern-identity,run1,599
southern-identity,run1,710
southern-identity,run2,481
southern-identity,run2,533
southern-identity,run2,599
southern-identity,run2,710
southern-identity-and-roots,run1,597
southern-lifestyle,run1,687
southern-lifestyle,run2,687
southern-pride,run1,713
southern-pride,run2,713
southern-upbringing,run2,693
space-and-celestial-imagery,run1,458
speaking-ones-truth,run1,108
speaking-ones-truth,run2,108
special-connection,run1,46
special-connection,run2,46
speechlessness-in-love,run1,66
speechlessness-in-love,run2,66
speed-and-thrill-seeking,run1,750
speed-and-thrill-seeking,run2,750
spending-money,run1,411
spending-money,run2,411
spending-money,run2,631
spending-money-on-women,run1,631
spiritual-and-divine-purpose,run2,156
spiritual-and-mystical-power,run1,151
spiritual-awakening,run1,353
spiritual-awakening,run2,353
spiritual-commentary,run1,553
spiritual-commentary,run2,553
spiritual-comparison,run1,239
spiritual-comparison,run2,239
spiritual-connection,run1,254
spiritual-connection,run2,254
spiritual-crisis,run1,227
spiritual-crisis,run2,227
spiritual-devotion,run1,160
spiritual-devotion,run2,49
spiritual-doubt,run2,869
spiritual-emptiness,run1,670
spiritual-faith,run1,474
spiritual-faith,run2,474
spiritual-hardship,run2,867
spiritual-healing,run1,781
spiritual-healing,run2,781
spiritual-identity,run2,814
spiritual-intimacy,run1,49
spiritual-intimacy,run2,413
spiritual-longing,run2,3
spiritual-longing,run2,252
spiritual-partnership,run1,652
spiritual-plea,run1,608
spiritual-plea,run2,608
spiritual-questioning,run1,839
spiritual-questioning,run2,839
spiritual-reassurance,run1,330
spiritual-rebirth,run1,814
spiritual-reckoning,run1,68
spiritual-reflection,run1,484
spiritual-reflection,run2,484
spiritual-resilience,run2,266
spiritual-salvation,run1,323
spiritual-salvation,run2,323
spiritual-salvation,run2,580
spiritual-searching,run1,252
spiritual-sexuality,run1,247
spiritual-sexuality,run2,247
spiritual-solace,run2,442
spiritual-struggle,run1,688
spiritual-struggle,run1,751
spiritual-struggle,run1,844
spiritual-struggle,run2,688
spiritual-struggle,run2,844
spiritual-transformation,run1,488
spiritual-transformation,run2,488
spiritual-warfare,run1,867
spite-and-rejection,run2,562
spoiling-a-partner,run1,769
spoiling-a-partner,run2,769
spontaneity-and-adventure,run2,644
spontaneity-and-chance,run1,585
spontaneity-and-location,run1,836
spontaneity-and-location,run2,836
spontaneous-adventure,run1,520
spontaneous-adventure,run2,100
spontaneous-adventure,run2,520
spontaneous-adventure,run2,585
spontaneous-adventure,run2,871
spontaneous-fun,run2,182
spontaneous-intimacy,run1,873
spontaneous-physical-intimacy,run2,873
sports-loyalty-tested,run1,693
sports-references,run1,872
spotlight-and-fame,run1,164
spotlight-and-fame,run2,164
stability-and-reliability,run1,512
stability-and-reliability,run2,512
stagnation-vs-escape,run1,743
stalking-and-hunting-enemies,run2,457
standing-out-from-the-crowd,run1,254
standing-out-from-the-crowd,run2,254
standing-out-from-the-crowd,run2,640
stargazing-imagery,run2,458
status-and-clout,run1,447
status-and-clout,run2,230
status-and-clout,run2,231
status-and-confidence,run2,447
status-and-luxury,run2,74
status-and-recognition,run1,230
status-and-wealth,run1,52
status-and-wealth,run1,438
status-and-wealth,run1,762
status-and-wealth,run2,438
status-and-wealth-display,run1,400
status-seeking,run1,320
staying-alert-and-grinding,run1,256
staying-awake-and-alert,run2,256
staying-grounded,run1,420
staying-grounded,run2,420
staying-home-together,run1,16
staying-home-together,run2,16
staying-in,run1,14
staying-in,run2,14
staying-in-bed,run2,437
staying-in-together,run1,360
staying-in-together,run1,578
staying-in-together,run2,360
staying-together,run1,130
staying-true-to-oneself,run2,254
staying-true-to-roots,run2,607
staying-true-to-self,run1,723
staying-up-all-night,run1,552
steadfast-commitment,run1,665
steadfast-commitment,run1,863
steadfast-commitment,run2,863
stealing-someone-elses-partner,run1,422
stepping-outside-comfort-zone,run1,693
stolen-private-moment,run1,669
storm-as-metaphor,run2,169
storm-metaphor,run1,169
stranger-connection,run1,682
street-and-trap-culture,run2,709
street-authenticity,run1,198
street-authenticity,run1,260
street-authenticity,run1,298
street-authenticity,run2,198
street-authenticity,run2,260
street-authenticity,run2,345
street-awareness,run1,879
street-awareness-and-self-protection,run2,879
street-bravado,run2,154
street-bravado,run2,883
street-code-and-authenticity,run1,587
street-code-and-authenticity,run2,587
street-code-and-game,run1,489
street-code-and-game,run2,489
street-come-up,run1,372
street-come-up,run1,416
street-come-up,run2,416
street-confrontation,run1,814
street-confrontation,run2,814
street-credibility,run1,87
street-credibility,run1,97
street-credibility,run1,115
street-credibility,run1,148
street-credibility,run1,175
street-credibility,run1,184
street-credibility,run1,186
street-credibility,run1,213
street-credibility,run1,216
street-credibility,run1,218
street-credibility,run1,221
street-credibility,run1,230
street-credibility,run1,231
street-credibility,run1,242
street-credibility,run1,246
street-credibility,run1,266
street-credibility,run1,276
street-credibility,run1,292
street-credibility,run1,304
street-credibility,run1,319
street-credibility,run1,345
street-credibility,run1,350
street-credibility,run1,393
street-credibility,run1,430
street-credibility,run1,435
street-credibility,run1,436
street-credibility,run1,440
street-credibility,run1,443
street-credibility,run1,492
street-credibility,run1,645
street-credibility,run1,718
street-credibility,run1,756
street-credibility,run2,6
street-credibility,run2,57
street-credibility,run2,87
street-credibility,run2,97
street-credibility,run2,115
street-credibility,run2,148
street-credibility,run2,184
street-credibility,run2,186
street-credibility,run2,195
street-credibility,run2,213
street-credibility,run2,216
street-credibility,run2,230
street-credibility,run2,242
street-credibility,run2,246
street-credibility,run2,266
street-credibility,run2,276
street-credibility,run2,304
street-credibility,run2,319
street-credibility,run2,352
street-credibility,run2,370
street-credibility,run2,391
street-credibility,run2,435
street-credibility,run2,436
street-credibility,run2,440
street-credibility,run2,443
street-credibility,run2,645
street-credibility,run2,756
street-credibility-and-reputation,run1,410
street-credibility-and-reputation,run2,410
street-credibility-and-toughness,run1,270
street-credibility-and-toughness,run2,270
street-credibility-and-toughness,run2,355
street-culture,run1,396
street-culture,run2,396
street-culture-and-swagger,run2,872
street-culture-references,run1,872
street-danger,run1,3
street-danger-and-protection,run2,489
street-danger-and-survival,run1,547
street-danger-and-survival,run2,3
street-danger-and-survival,run2,547
street-dominance,run1,305
street-dominance,run2,305
street-dominance,run2,457
street-fashion,run1,396
street-fashion,run2,396
street-fashion-and-style,run1,65
street-fashion-and-style,run2,65
street-gang-attitude,run1,196
street-gang-loyalty,run1,98
street-gang-loyalty,run2,98
street-gang-loyalty,run2,241
street-hardship-and-survival,run1,313
street-hustle,run1,37
street-hustle,run1,91
street-hustle,run1,235
street-hustle,run1,329
street-hustle,run2,37
street-hustle,run2,91
street-hustle,run2,109
street-hustle,run2,235
street-hustle-and-come-up,run1,34
street-hustle-and-come-up,run2,34
street-hustle-and-come-up,run2,405
street-hustle-and-dealing,run1,880
street-hustle-and-dealing,run2,880
street-hustle-and-drug-trade,run1,118
street-hustling,run1,6
street-hustling,run1,389
street-hustling,run1,455
street-hustling,run1,660
street-hustling,run2,6
street-hustling,run2,329
street-hustling,run2,389
street-hustling,run2,455
street-hustling,run2,660
street-hustling-and-drug-dealing,run1,733
street-hustling-and-drug-dealing,run2,733
street-identity,run2,767
street-identity-and-loyalty,run2,30
street-life,run1,172
street-life-and-career-sacrifice,run1,558
street-life-and-crime,run2,556
street-life-and-criminality,run1,410
street-life-and-criminality,run2,410
street-life-and-drug-trade,run1,405
street-life-and-gang-culture,run1,407
street-life-and-hood-loyalty,run1,509
street-life-and-hood-loyalty,run2,509
street-life-and-hustle,run1,92
street-life-and-hustle,run1,104
street-life-and-hustle,run1,158
street-life-and-hustle,run2,92
street-life-and-hustle,run2,158
street-life-and-hustle,run2,325
street-life-and-hustling,run1,325
street-life-and-hustling,run2,172
street-life-and-loyalty,run1,229
street-life-and-trap,run1,498
street-life-and-trap,run1,709
street-life-and-trap,run2,498
street-life-and-trapping,run2,558
street-life-and-violence,run1,484
street-life-and-violence,run2,484
street-life-and-violence,run2,812
street-life-hardship,run2,313
street-life-survival,run1,535
street-lifestyle,run1,457
street-lifestyle,run1,495
street-lifestyle,run1,643
street-lifestyle,run1,699
street-lifestyle,run1,715
street-lifestyle,run1,861
street-lifestyle,run2,393
street-lifestyle,run2,495
street-lifestyle,run2,643
street-lifestyle,run2,699
street-lifestyle,run2,715
street-lifestyle,run2,861
street-loyalty,run1,113
street-loyalty,run1,211
street-loyalty,run1,334
street-loyalty,run1,489
street-loyalty,run1,500
street-loyalty,run1,501
street-loyalty,run2,500
street-loyalty-and-betrayal,run1,178
street-loyalty-and-betrayal,run1,352
street-loyalty-and-betrayal,run1,764
street-loyalty-and-betrayal,run2,211
street-loyalty-and-betrayal,run2,334
street-loyalty-and-betrayal,run2,492
street-loyalty-and-betrayal,run2,764
street-loyalty-and-code,run2,501
street-loyalty-and-crew,run1,255
street-loyalty-and-crew,run1,422
street-loyalty-and-crew,run1,789
street-loyalty-and-crew,run2,255
street-loyalty-and-crew,run2,789
street-loyalty-and-danger,run1,404
street-loyalty-and-danger,run1,432
street-loyalty-and-danger,run2,404
street-loyalty-and-distrust,run2,178
street-loyalty-and-gang-identity,run2,113
street-loyalty-and-integrity,run2,368
street-loyalty-and-loss,run2,150
street-loyalty-and-loss,run2,718
street-loyalty-and-protection,run1,447
street-loyalty-and-protection,run2,447
street-loyalty-and-respect,run2,759
street-loyalty-and-solidarity,run1,90
street-loyalty-and-solidarity,run1,556
street-loyalty-and-solidarity,run2,90
street-loyalty-and-toughness,run2,229
street-loyalty-and-violence,run2,416
street-loyalty-and-violence,run2,430
street-loyalty-and-violence,run2,556
street-origins,run1,657
street-origins,run1,812
street-origins,run2,657
street-origins-and-come-up,run1,30
street-origins-and-come-up,run1,248
street-origins-and-come-up,run2,372
street-origins-and-come-up,run2,432
street-origins-and-hardship,run2,156
street-origins-and-loyalty,run1,195
street-origins-and-poverty,run1,156
street-origins-and-struggle,run2,509
street-origins-to-success,run1,355
street-paranoia,run1,312
street-paranoia,run2,312
street-paranoia,run2,336
street-paranoia-and-snitching,run1,336
street-power,run2,118
street-power-and-danger,run2,292
street-power-and-rules,run1,98
street-power-and-rules,run2,98
street-power-and-violence,run2,667
street-reputation,run1,54
street-reputation,run1,316
street-reputation,run2,316
street-reputation,run2,318
street-retaliation,run1,492
street-retaliation,run2,241
street-retaliation,run2,492
street-rivalry,run1,336
street-savvy-and-self-preservation,run1,480
street-savvy-and-self-preservation,run2,480
street-secrecy,run1,57
street-smarts-and-survival,run1,583
street-smarts-and-survival,run2,583
street-survival,run1,147
street-survival,run1,235
street-survival,run1,370
street-survival,run1,811
street-survival,run2,147
street-survival,run2,535
street-survival,run2,811
street-survival-and-paranoia,run2,368
street-swagger-and-drip,run1,358
street-to-success,run1,97
street-to-success,run1,432
street-to-success,run2,97
street-toughness,run1,157
street-toughness,run1,174
street-toughness,run1,299
street-toughness,run1,695
street-toughness,run1,758
street-toughness,run1,831
street-toughness,run1,838
street-toughness,run2,54
street-toughness,run2,114
street-toughness,run2,157
street-toughness,run2,174
street-toughness,run2,695
street-toughness,run2,758
street-toughness,run2,831
street-toughness,run2,838
street-upbringing,run1,144
street-upbringing,run2,144
street-violence,run1,147
street-violence,run1,219
street-violence,run1,241
street-violence,run1,301
street-violence,run1,316
street-violence,run1,329
street-violence,run1,370
street-violence,run1,391
street-violence,run1,457
street-violence,run1,495
street-violence,run1,500
street-violence,run1,535
street-violence,run1,756
street-violence,run1,842
street-violence,run2,147
street-violence,run2,301
street-violence,run2,316
street-violence,run2,329
street-violence,run2,370
street-violence,run2,391
street-violence,run2,422
street-violence,run2,457
street-violence,run2,495
street-violence,run2,535
street-violence,run2,756
street-violence,run2,842
street-violence-and-danger,run1,412
street-violence-and-danger,run1,583
street-violence-and-danger,run1,618
street-violence-and-danger,run2,412
street-violence-and-danger,run2,583
street-violence-and-danger,run2,618
street-violence-and-power,run1,6
street-violence-and-retaliation,run1,778
street-violence-and-retaliation,run2,778
street-violence-and-threats,run1,144
street-violence-and-threats,run1,225
street-violence-and-threats,run1,297
street-violence-and-threats,run1,350
street-violence-and-threats,run1,455
street-violence-and-threats,run1,526
street-violence-and-threats,run1,576
street-violence-and-threats,run2,144
street-violence-and-threats,run2,225
street-violence-and-threats,run2,297
street-violence-and-threats,run2,350
street-violence-and-threats,run2,526
street-violence-and-threats,run2,576
street-violence-and-threats,run2,801
street-violence-and-weapons,run1,270
street-violence-and-weapons,run1,358
street-violence-and-weapons,run1,416
street-violence-and-weapons,run1,440
street-violence-and-weapons,run1,509
street-violence-and-weapons,run1,556
street-violence-and-weapons,run1,789
street-violence-and-weapons,run2,106
street-violence-and-weapons,run2,270
street-violence-and-weapons,run2,358
street-violence-and-weapons,run2,440
street-wealth-and-flexing,run1,368
street-wealth-and-success,run1,319
street-wealth-and-success,run1,667
strength-in-vulnerability,run1,43
strength-in-vulnerability,run2,43
stress-and-exhaustion,run1,782
stress-and-exhaustion,run2,782
stress-relief,run1,269
stress-relief-through-pleasure,run2,269
strip-club-culture,run1,148
strip-club-culture,run1,276
strip-club-culture,run2,148
strip-club-culture,run2,276
striving-and-aspiration,run2,567
struggle-and-ambition,run1,68
struggle-and-perseverance,run1,19
struggle-and-perseverance,run1,160
struggle-and-perseverance,run1,516
struggle-and-perseverance,run2,19
struggle-and-perseverance,run2,68
struggle-and-perseverance,run2,160
struggle-for-self-improvement,run2,392
struggle-to-survive,run2,516
struggling-with-low-points,run1,25
struggling-with-low-points,run2,25
style-and-adaptability,run2,58
style-and-appearance,run1,321
style-and-swagger,run1,203
style-and-swagger,run1,784
style-and-swagger,run2,203
style-and-swagger,run2,784
substance-abuse,run1,32
substance-abuse,run1,215
substance-abuse,run1,630
substance-abuse,run2,32
substance-abuse,run2,215
substance-abuse-as-escape,run2,202
substance-addiction,run1,493
substance-addiction,run2,493
substance-dependence,run1,774
substance-dependence,run2,774
substance-use,run1,13
substance-use,run1,15
substance-use,run1,175
substance-use,run1,340
substance-use,run1,421
substance-use,run1,423
substance-use,run1,457
substance-use,run1,464
substance-use,run1,549
substance-use,run1,646
substance-use,run1,666
substance-use,run1,816
substance-use,run1,860
substance-use,run1,874
substance-use,run2,13
substance-use,run2,15
substance-use,run2,175
substance-use,run2,340
substance-use,run2,404
substance-use,run2,421
substance-use,run2,423
substance-use,run2,457
substance-use,run2,646
substance-use,run2,666
substance-use,run2,816
substance-use,run2,860
substance-use,run2,874
substance-use-and-intimacy,run2,414
substance-use-and-partying,run1,404
substance-use-and-vulnerability,run1,558
substance-use-and-vulnerability,run2,558
substance-use-as-escape,run1,366
substance-use-as-escape,run1,484
substance-use-as-escape,run1,787
substance-use-as-escape,run2,484
substance-use-as-escape,run2,676
substance-use-as-escape,run2,787
subverting-fairy-tale-tropes,run2,78
success-against-doubt,run1,109
success-against-doubt,run2,109
success-against-the-odds,run1,292
success-against-the-odds,run2,292
success-and-come-up,run2,377
success-and-elevation,run2,87
success-and-fame,run2,520
success-and-flexing,run1,377
success-and-reward,run1,656
success-and-rise,run1,151
success-and-rise,run2,151
success-and-wealth,run1,156
success-and-wealth,run2,618
success-and-wealth,run2,654
success-attracting-envy,run1,135
success-attracting-envy,run2,135
success-over-doubters,run1,282
success-over-doubters,run2,282
success-without-fulfillment,run2,670
suicidal-despair,run1,858
suicidal-ideation,run1,112
suicidal-ideation,run1,129
suicidal-ideation,run1,342
suicidal-ideation,run1,382
suicidal-ideation,run1,781
suicidal-ideation,run2,112
suicidal-ideation,run2,129
suicidal-ideation,run2,318
suicidal-ideation,run2,342
suicidal-ideation,run2,382
suicidal-ideation,run2,781
suicidal-ideation-and-despair,run2,858
summer-as-metaphor,run2,647
summer-lifestyle,run1,359
summer-nostalgia,run1,669
summer-romance,run1,290
summer-romance,run1,398
summer-romance,run2,290
summer-romance,run2,371
summer-sensory-pleasure,run1,384
summer-sensory-pleasure,run2,384
summer-vacation-atmosphere,run1,429
summer-vacation-atmosphere,run2,429
sunshine-and-brightness,run1,631
superficial-love,run1,616
superficial-love,run2,616
superficiality-and-social-media,run1,390
superficiality-of-others,run1,39
superhero-identity,run1,667
superhero-metaphor,run2,882
superhero-references,run1,105
superhero-references,run2,105
superiority-and-confidence,run1,526
superiority-and-rivalry,run1,156
superiority-over-rivals,run1,405
superiority-over-rivals,run2,405
supernatural-atmosphere,run2,844
supernatural-gift,run1,568
supernatural-gift,run2,568
suppressed-anger,run1,841
suppressed-anger,run2,841
suppressed-desire,run1,494
suppressed-emotions,run1,412
suppressed-emotions,run2,412
suppressed-feelings,run1,1
suppressed-feelings,run1,38
suppressed-feelings,run1,228
suppressed-feelings,run1,243
suppressed-feelings,run1,813
suppressed-feelings,run2,1
suppressed-feelings,run2,38
suppressed-feelings,run2,228
suppressed-feelings,run2,243
suppressed-feelings,run2,494
suppressed-grief,run1,749
suppressed-grief,run2,749
suppressed-longing,run1,220
suppressed-longing,run2,220
suppressed-longing,run2,340
suppressed-violence,run1,21
suppressing-vulnerability,run2,170
surfing-as-metaphor,run2,614
surfing-as-sexual-metaphor,run1,614
surrender-and-acceptance,run1,339
surrender-and-acceptance,run2,339
surrender-and-praise,run1,867
surrender-and-sacrifice,run1,538
surrender-and-vulnerability,run1,805
surrender-and-vulnerability,run1,881
surrender-and-worship,run1,247
surrender-of-self,run1,740
surrender-to-attraction,run2,854
surrender-to-desire,run1,121
surrender-to-desire,run1,511
surrender-to-desire,run2,121
surrender-to-feeling,run1,846
surrender-to-feeling,run2,846
surrender-to-god,run1,330
surrender-to-god,run2,330
surrender-to-intimacy,run1,245
surrender-to-intimacy,run2,245
surrender-to-temptation,run1,130
surrender-to-temptation,run1,207
surrender-to-temptation,run2,130
surrendering-to-feelings,run1,347
surrendering-to-feelings,run2,347
surrendering-to-love,run1,437
surrendering-to-love,run2,437
surrendering-to-passion,run2,740
surveillance-and-scrutiny,run2,264
survival-and-escape,run2,344
survival-and-healing,run1,682
survival-and-healing,run2,682
survival-and-resilience,run1,316
survival-and-resilience,run2,316
survival-and-vigilance,run1,237
survival-and-vigilance,run2,237
survival-instinct,run1,252
survival-instinct,run1,575
survival-instinct,run2,252
survival-mentality,run2,370
surviving-chaos,run1,746
surviving-chaos,run2,746
surviving-without-thriving,run2,575
suspicion-and-betrayal,run1,249
suspicion-and-confrontation,run2,86
swagger-and-confidence,run1,65
swagger-and-confidence,run2,65
sweet-food-as-metaphor,run2,18
sweetness-and-desire,run1,640
sweetness-and-desire,run2,640
systemic-oppression,run1,654
systemic-oppression,run2,654
systemic-racism,run1,434
systemic-racism,run2,434
tables-turning,run2,143
taking-a-chance-on-love,run1,165
taking-a-chance-on-love,run1,386
taking-a-chance-on-love,run2,165
taking-a-chance-on-love,run2,386
taking-a-chance-on-love,run2,847
taking-a-partner-for-granted,run1,530
taking-a-risk,run2,51
taking-control,run1,672
taking-control-of-love,run2,672
taking-each-other-for-granted,run2,530
taking-emotional-risks,run1,293
taking-emotional-risks,run2,293
taking-it-slow,run1,107
taking-it-slow,run1,130
taking-it-slow,run2,107
taking-it-slow,run2,130
taking-it-slow,run2,308
taking-responsibility,run1,811
taking-responsibility-as-a-leader,run2,811
taking-risks,run2,503
taste-and-oral-desire,run2,461
teasing-and-seduction,run1,308
teasing-and-seduction,run2,308
teenage-certainty-vs-hindsight,run1,721
teenage-certainty-vs-hindsight,run2,721
telepathic-connection,run1,499
telepathic-connection,run2,499
telling-haters-to-back-off,run1,310
temptation,run1,557
temptation,run1,615
temptation,run2,307
temptation,run2,557
temptation,run2,615
temptation-and-desire,run1,77
temptation-and-surrender,run2,169
tender-affection,run1,603
tension-and-conflict,run1,159
tension-and-conflict,run2,159
tension-between-success-and-love,run2,446
territorial-dominance,run1,241
territorial-dominance,run1,492
territorial-dominance,run2,241
territorial-rivalry,run1,154
the-american-west,run1,777
the-american-west-as-mythic-space,run2,777
the-blues,run1,817
the-blues,run2,817
the-new-partner,run1,717
therapy-and-self-reflection,run1,860
therapy-and-self-reflection,run2,860
threat-and-danger,run1,123
threat-and-power,run1,793
threatening-opponents,run1,778
threatening-power,run2,793
threatening-rivals,run1,756
threats-and-bravado,run2,211
threats-and-retaliation,run1,556
threats-and-retaliation,run2,556
threats-and-violence,run1,292
thrill-of-danger,run1,51
thrill-of-the-moment,run1,17
thrill-seeking,run1,167
thrill-seeking,run1,380
thrill-seeking,run2,167
thrill-seeking,run2,751
time-and-devotion,run2,199
time-and-priorities,run2,346
time-healing-wounds,run1,508
time-healing-wounds,run2,508
time-pressure-and-urgency,run1,859
time-slowing-down,run1,669
time-slowing-down,run2,669
time-standing-still,run1,690
time-standing-still,run2,690
timeless-legacy,run1,812
timeless-legacy,run2,812
timelessness-of-love,run2,596
timing-of-goodbye,run1,431
timing-of-goodbye,run2,431
togetherness,run1,209
togetherness,run2,209
told-you-so-vindication,run1,737
told-you-so-vindication,run2,737
toll-of-fame-and-touring,run1,858
toll-of-touring-on-relationships,run2,858
too-little-too-late,run2,369
toronto-pride,run1,818
toronto-pride,run2,818
total-commitment,run1,617
total-commitment,run2,617
total-devastation,run2,795
total-devotion,run1,152
total-infatuation,run2,549
total-possession,run1,56
total-possession-and-exclusivity,run2,56
toughness-and-dominance,run1,842
touring-and-performance,run1,299
touring-and-performance,run2,299
toxic-attachment,run1,445
toxic-attraction,run1,470
toxic-attraction,run1,770
toxic-attraction,run2,470
toxic-attraction,run2,770
toxic-attraction-patterns,run1,828
toxic-ex-relationship,run2,810
toxic-influence,run1,869
toxic-influence,run2,869
toxic-love,run1,72
toxic-love,run1,366
toxic-love,run1,433
toxic-love,run1,626
toxic-love,run2,72
toxic-love,run2,366
toxic-love,run2,433
toxic-love,run2,626
toxic-love-addiction,run2,635
toxic-love-cycle,run2,822
toxic-love-dependency,run2,206
toxic-obsession,run1,68
toxic-obsession,run2,68
toxic-partner,run1,189
toxic-partner,run2,189
toxic-partnership,run2,725
toxic-past-relationships,run2,852
toxic-relationship,run1,1
toxic-relationship,run1,23
toxic-relationship,run1,52
toxic-relationship,run1,120
toxic-relationship,run1,131
toxic-relationship,run1,173
toxic-relationship,run1,205
toxic-relationship,run1,223
toxic-relationship,run1,226
toxic-relationship,run1,281
toxic-relationship,run1,296
toxic-relationship,run1,303
toxic-relationship,run1,328
toxic-relationship,run1,332
toxic-relationship,run1,340
toxic-relationship,run1,342
toxic-relationship,run1,394
toxic-relationship,run1,399
toxic-relationship,run1,441
toxic-relationship,run1,487
toxic-relationship,run1,493
toxic-relationship,run1,502
toxic-relationship,run1,543
toxic-relationship,run1,562
toxic-relationship,run1,574
toxic-relationship,run1,589
toxic-relationship,run1,598
toxic-relationship,run1,659
toxic-relationship,run1,679
toxic-relationship,run1,684
toxic-relationship,run1,698
toxic-relationship,run1,722
toxic-relationship,run1,809
toxic-relationship,run1,810
toxic-relationship,run1,830
toxic-relationship,run1,865
toxic-relationship,run2,1
toxic-relationship,run2,23
toxic-relationship,run2,52
toxic-relationship,run2,131
toxic-relationship,run2,173
toxic-relationship,run2,205
toxic-relationship,run2,223
toxic-relationship,run2,281
toxic-relationship,run2,296
toxic-relationship,run2,303
toxic-relationship,run2,332
toxic-relationship,run2,342
toxic-relationship,run2,394
toxic-relationship,run2,399
toxic-relationship,run2,441
toxic-relationship,run2,487
toxic-relationship,run2,493
toxic-relationship,run2,502
toxic-relationship,run2,543
toxic-relationship,run2,562
toxic-relationship,run2,574
toxic-relationship,run2,589
toxic-relationship,run2,598
toxic-relationship,run2,659
toxic-relationship,run2,679
toxic-relationship,run2,684
toxic-relationship,run2,698
toxic-relationship,run2,722
toxic-relationship,run2,741
toxic-relationship,run2,809
toxic-relationship,run2,830
toxic-relationship,run2,865
toxic-relationship-cycle,run1,200
toxic-relationship-cycle,run2,200
toxic-relationship-cycle,run2,445
toxic-relationship-cycle,run2,769
toxic-relationship-left-behind,run1,691
toxic-relationship-patterns,run1,40
toxic-relationship-patterns,run1,787
toxic-relationship-patterns,run2,40
toxic-relationship-patterns,run2,787
toxic-relationships,run1,215
toxic-relationships,run1,266
toxic-relationships,run2,215
toxic-relationships,run2,266
tradition-versus-modernity,run1,701
tradition-vs-modernity,run2,701
traditional-values,run1,692
traditional-values,run2,692
trance-and-enchantment,run1,844
trance-and-enchantment,run2,844
transactional-desire,run1,632
transactional-desire,run2,632
transactional-relationship,run1,546
transactional-relationship,run2,546
transactional-relationships,run1,380
transactional-relationships,run1,455
transactional-relationships,run1,880
transactional-relationships,run2,380
transactional-relationships,run2,455
transactional-relationships,run2,880
transactional-sex,run1,59
transactional-sex,run2,59
transcendence-and-euphoria,run1,73
transcendence-and-euphoria,run2,73
transcendence-and-heaven,run1,538
transcendence-and-heaven,run2,538
transcendence-through-love,run2,49
transcendent-love,run1,805
transcendent-love,run2,805
transformation,run2,95
transformation-and-renewal,run1,49
transformation-through-love,run1,652
transformation-through-love,run2,207
transformation-through-love,run2,805
transformation-through-presence,run2,291
transformative-love,run1,27
transformative-love,run1,802
transformative-love,run1,837
transformative-love,run2,27
transformative-love,run2,802
transformative-power-of-love,run2,620
transformative-power-of-love,run2,665
transformative-relationship,run2,544
transience,run1,557
transience,run2,557
transience-of-wealth,run1,158
trap-culture-nostalgia,run1,147
trap-culture-nostalgia,run2,147
trap-life,run1,91
trap-lifestyle,run1,391
trap-lifestyle,run1,500
trap-lifestyle,run2,391
trap-music-scene-rivalry,run1,788
trap-wealth,run2,91
trauma-and-abuse,run1,61
trauma-and-abuse,run2,21
trauma-and-abuse,run2,61
trauma-and-emotional-scars,run2,547
trauma-and-memory,run1,449
trauma-and-past-wounds,run2,449
trauma-and-ptsd,run1,370
trauma-and-ptsd,run2,370
travel-and-adventure,run1,103
travel-and-adventure,run1,362
travel-and-adventure,run2,103
travel-and-adventure,run2,362
travel-and-freedom,run2,151
treating-your-partner,run1,481
treating-your-partner,run2,481
tribute-and-remembrance,run1,373
tribute-and-remembrance,run2,373
tribute-to-virgil-abloh,run1,618
triumph-and-vindication,run1,146
triumph-and-vindication,run2,146
troubled-family-relationships,run1,883
troubled-past,run1,356
troubled-past,run2,356
troubled-relationship,run1,372
troubled-upbringing,run2,412
truck-culture,run1,748
truck-culture,run2,748
trucks-and-driving,run1,713
trucks-and-driving,run2,713
true-happiness,run2,588
true-self-under-influence,run1,32
trust,run2,452
trust-and-honesty,run1,232
trust-and-honesty,run1,346
trust-and-honesty,run2,346
trust-and-reassurance,run1,121
trust-and-reassurance,run1,452
trust-and-reassurance,run2,121
trust-and-reluctance,run1,875
trust-and-reluctance,run2,875
trust-and-respect,run2,41
trust-and-vulnerability,run2,132
trust-in-relationship,run1,536
trust-in-relationship,run2,536
trust-issues,run1,364
trust-issues,run1,386
trust-issues,run1,423
trust-issues,run1,467
trust-issues,run1,816
trust-issues,run2,364
trust-issues,run2,386
trust-issues,run2,423
trust-issues,run2,525
trust-issues,run2,816
trust-over-love,run1,236
trust-over-love,run2,236
truth-and-deception,run1,264
truth-and-deception,run2,264
truth-and-self-awareness,run1,252
tráfico-de-drogas,run1,106
tuning-out-noise,run2,474
turbulent-feelings,run2,783
turbulent-relationship,run1,279
turbulent-relationship,run1,635
turbulent-relationship,run2,279
turning-adversity-into-strength,run2,448
turning-haters-into-fans,run2,478
turning-heads,run1,203
turning-heads,run1,681
turning-heads,run2,203
turning-heads,run2,681
turning-point-moment,run2,397
turning-rumor-into-reality,run1,349
turning-the-tables,run1,143
two-faced-behavior,run1,135
two-faced-behavior,run2,135
unacknowledged-past,run1,468
unanswered-communication,run1,485
unanswered-questions,run1,743
unanswered-questions,run2,743
unapologetic-apology,run1,798
unapologetic-attitude,run1,143
unapologetic-attitude,run2,143
unapologetic-attitude,run2,477
unapologetic-confidence,run1,680
unapologetic-confidence,run2,658
unapologetic-confidence,run2,680
unapologetic-defiance,run1,71
unapologetic-defiance,run2,71
unapologetic-freedom,run1,658
unapologetic-selfishness,run2,798
unappreciated-worth,run1,191
unattainable-desires,run1,265
unattainable-desires,run2,265
unavoidable-memory,run2,791
unbothered-attitude,run1,379
unbreakable-bond,run2,819
unbridgeable-distance,run2,404
uncertainty-about-moving-on,run2,275
uncertainty-about-soulmate,run1,845
uncertainty-about-soulmate,run2,845
uncertainty-about-the-future,run1,524
uncertainty-about-the-future,run2,524
uncertainty-and-doubt,run1,181
uncertainty-and-vulnerability,run1,212
uncertainty-and-vulnerability,run2,212
uncertainty-and-worry,run2,165
uncertainty-in-relationships,run1,194
unconditional-acceptance,run1,346
unconditional-acceptance,run1,745
unconditional-acceptance,run2,346
unconditional-acceptance,run2,745
unconditional-attraction,run1,423
unconditional-availability,run1,417
unconditional-commitment,run1,25
unconditional-commitment,run1,387
unconditional-commitment,run2,25
unconditional-commitment,run2,387
unconditional-devotion,run1,250
unconditional-devotion,run1,285
unconditional-devotion,run1,371
unconditional-devotion,run1,386
unconditional-devotion,run1,558
unconditional-devotion,run1,641
unconditional-devotion,run2,250
unconditional-devotion,run2,285
unconditional-devotion,run2,371
unconditional-devotion,run2,386
unconditional-love,run1,43
unconditional-love,run1,47
unconditional-love,run1,185
unconditional-love,run1,191
unconditional-love,run1,236
unconditional-love,run1,356
unconditional-love,run1,361
unconditional-love,run1,536
unconditional-love,run1,537
unconditional-love,run1,652
unconditional-love,run1,653
unconditional-love,run1,665
unconditional-love,run1,863
unconditional-love,run1,877
unconditional-love,run2,43
unconditional-love,run2,185
unconditional-love,run2,236
unconditional-love,run2,356
unconditional-love,run2,361
unconditional-love,run2,536
unconditional-love,run2,537
unconditional-love,run2,594
unconditional-love,run2,641
unconditional-love,run2,652
unconditional-love,run2,653
unconditional-love,run2,665
unconditional-love,run2,863
unconditional-love,run2,877
unconditional-loyalty,run1,232
unconditional-loyalty,run2,232
uncontrollable-desire,run2,56
unconventional-love,run1,714
unconventional-love,run2,714
unconventional-love-interest,run2,423
undefined-relationship,run1,364
undefined-relationship,run2,364
underdog-rising,run2,133
underdog-to-success,run1,146
underdog-to-success,run2,146
undeserved-apologies,run1,563
undeserved-apologies,run2,563
undeserving-ex-partner,run2,191
undying-memory,run1,46
undying-memory,run2,46
unexpected-attachment,run1,437
unexpected-connection,run1,608
unexpected-connection,run2,608
unexpected-encounter,run1,169
unexpected-encounter,run1,622
unexpected-encounter,run2,169
unexpected-falling-in-love,run1,399
unexpected-falling-in-love,run2,399
unexpected-grief,run2,690
unexpected-love,run1,477
unexpected-love,run1,512
unexpected-love,run1,544
unexpected-love,run1,675
unexpected-love,run2,477
unexpected-love,run2,512
unexpected-love,run2,544
unexpected-love,run2,622
unexpected-pregnancy,run2,675
unexpected-reunion,run1,83
unexpected-reunion,run1,827
unexpected-reunion,run2,83
unexpressed-feelings,run1,152
unexpressed-feelings,run2,152
unfaithfulness,run1,60
unfaithfulness,run1,649
unfaithfulness-anxiety,run1,165
unfinished-love,run1,648
unfinished-relationship,run1,228
unfinished-relationship,run2,228
unforgettable-encounter,run1,862
unforgettable-ex,run1,832
unforgettable-lover,run2,832
unfulfilled-dreams-dont-matter,run1,64
unfulfilled-emotional-promises,run1,200
unfulfilled-emotional-promises,run2,200
unfulfilled-longing,run1,307
unfulfilled-potential,run1,215
unfulfilled-potential,run2,215
unfulfilled-romantic-destiny,run2,568
unfulfilled-search-for-love,run1,845
unfulfilled-search-for-love,run2,845
unhealed-heartbreak,run1,7
unhealed-heartbreak,run2,7
unhealthy-coping-mechanisms,run1,233
uninhibited-desire,run2,134
uninhibited-freedom,run2,9
uninhibited-wildness,run1,117
uninhibited-wildness,run2,117
unintentional-hurt,run1,149
unintentional-hurt,run2,149
uninvited-pursuit,run1,243
uninvited-pursuit,run2,243
uniqueness,run1,62
uniqueness,run1,314
uniqueness,run1,681
uniqueness,run2,62
uniqueness,run2,314
uniqueness,run2,681
uniqueness-and-self-confidence,run1,82
uniqueness-and-standing-out,run1,272
uniqueness-and-superiority,run2,82
uniqueness-of-a-woman,run1,353
unity-and-inclusion,run1,145
unity-and-inclusion,run2,145
unity-and-partnership,run1,33
unity-and-togetherness,run1,819
universal-human-need,run2,689
universal-struggle,run1,797
universal-struggle,run2,797
universal-suffering,run1,373
unlimited-wealth-and-luxury,run1,90
unlimited-wealth-and-luxury,run2,90
unmatched-status,run1,619
unmet-expectations,run1,29
unpredictability,run1,317
unpredictability,run2,317
unpredictability-of-self,run1,856
unpreparedness-for-loss,run1,690
unrealistic-beauty-standards,run1,128
unrealistic-beauty-standards,run2,128
unreciprocated-desire,run1,747
unreciprocated-effort,run1,29
unreciprocated-effort,run2,29
unreciprocated-grief,run2,463
unreciprocated-love,run1,163
unrecognizable-life-without-partner,run2,878
unrecognized-vision,run2,528
unreliability-of-others,run2,333
unreliability-of-people,run1,333
unrequited-desire,run1,131
unrequited-desire,run2,131
unrequited-desire,run2,532
unrequited-devotion,run2,491
unrequited-devotion,run2,792
unrequited-feelings,run1,28
unrequited-feelings,run1,380
unrequited-feelings,run1,431
unrequited-feelings,run2,28
unrequited-longing,run1,337
unrequited-longing,run1,485
unrequited-longing,run2,485
unrequited-love,run1,38
unrequited-love,run1,205
unrequited-love,run1,214
unrequited-love,run1,257
unrequited-love,run1,259
unrequited-love,run1,302
unrequited-love,run1,581
unrequited-love,run1,672
unrequited-love,run1,705
unrequited-love,run1,737
unrequited-love,run2,38
unrequited-love,run2,205
unrequited-love,run2,214
unrequited-love,run2,257
unrequited-love,run2,259
unrequited-love,run2,302
unrequited-love,run2,581
unrequited-love,run2,672
unrequited-love,run2,705
unrequited-love,run2,737
unrequited-or-lost-love,run1,534
unrequited-or-lost-love,run2,534
unrequited-or-one-sided-love,run2,649
unrequited-sacrifice,run1,280
unresolved-communication,run1,334
unresolved-communication,run2,334
unresolved-connection,run2,648
unresolved-feelings,run1,120
unresolved-feelings-for-an-ex,run1,827
unresolved-feelings-for-an-ex,run2,827
unresolved-longing,run1,228
unresolved-longing,run1,591
unresolved-longing,run2,228
unresolved-longing,run2,833
unresolved-past,run1,865
unsent-feelings,run2,677
unsent-messages-and-unexpressed-feelings,run1,677
unsolicited-advice,run1,623
unsolicited-advice,run2,623
unspoken-attraction,run1,477
unspoken-attraction,run2,477
unspoken-communication,run2,499
unspoken-connection,run1,17
unspoken-desire,run1,375
unspoken-desire,run1,615
unspoken-desire,run2,17
unspoken-desire,run2,375
unspoken-desire,run2,615
unspoken-love,run2,813
unspoken-mutual-attraction,run1,349
unspoken-pain,run1,459
unspoken-tension,run1,408
unspoken-tension,run2,408
unspoken-truth,run2,832
unspoken-words,run1,385
unspoken-words,run2,385
unstoppable-ambition,run1,264
unstoppable-ambition,run2,87
unstoppable-confidence,run1,853
unstoppable-confidence,run2,853
unstoppable-drive,run2,411
unstoppable-energy-and-momentum,run1,778
unstoppable-energy-and-momentum,run2,778
unstoppable-success,run1,87
untameable-nature,run1,744
untouchability,run2,97
untouchability,run2,242
untouchability,run2,416
untouchability-and-street-credibility,run1,416
untouchable-confidence,run2,58
untouchable-status,run1,97
untouchable-status,run1,504
untouchable-status,run1,667
untouchable-status,run2,504
untouchable-status,run2,619
untouchable-status,run2,667
unwanted-advances,run1,45
unwanted-advances,run2,45
unwanted-association,run2,479
unwanted-attention-and-envy,run2,353
unwanted-contact,run1,486
unwanted-contact,run2,486
unwanted-intrusion-on-cherished-things,run2,683
unwanted-intrusive-thoughts,run1,683
unwanted-pursuit,run1,214
unwanted-pursuit,run2,214
unwanted-reconciliation,run2,490
unwanted-social-obligation,run2,291
unwavering-attention,run1,362
unwavering-pursuit,run1,66
unwavering-pursuit,run2,66
unworthiness-and-gratitude,run1,193
unworthiness-and-gratitude,run2,193
urban-crime-and-violence,run1,692
urban-crime-and-violence,run2,692
urban-danger,run1,811
urban-reggaeton-culture,run2,613
urban-romance,run1,222
urban-romance,run2,222
urban-roots,run2,760
urban-street-lifestyle,run1,883
urgency,run1,8
urgency,run2,8
urgency,run2,51
urgency-and-anticipation,run2,806
urgency-and-desperation,run1,367
urgency-and-impatience,run1,51
urgency-and-impatience,run1,153
urgency-and-impatience,run1,617
urgency-and-impatience,run1,766
urgency-and-impatience,run1,825
urgency-and-impatience,run1,836
urgency-and-impatience,run2,496
urgency-and-impatience,run2,617
urgency-and-impatience,run2,825
urgency-and-impatience,run2,836
urgency-and-now-or-never,run2,538
urgency-and-pressure,run1,31
urgency-and-pressure,run2,31
urgency-and-pursuit,run1,236
urgency-and-pursuit,run2,236
urgency-and-running-out-of-time,run2,367
urgency-and-seizing-the-moment,run1,601
urgency-and-time,run1,33
urgency-and-time-pressure,run2,33
urgency-of-living,run1,234
urgency-of-living,run2,234
urgency-of-the-moment,run1,18
urgency-of-the-present,run2,577
urgency-of-time,run1,116
urgency-of-time,run1,577
urgency-of-time,run1,579
urgency-of-time,run2,42
urgency-of-time,run2,116
urgency-of-youth,run1,560
urgency-of-youth,run2,560
urgency-to-express-love,run1,524
urgency-to-express-love,run2,524
us-against-the-world,run1,232
us-against-the-world,run2,232
using-alcohol-to-cope,run2,271
verbal-weaponry,run2,853
vigilance,run1,123
vigilance-and-alertness,run2,123
vigilante-justice,run1,682
vigilante-justice,run2,682
violence-and-aggression,run1,421
violence-and-aggression,run2,421
violence-and-consequence,run2,334
violence-and-danger,run1,179
violence-and-danger,run2,179
violence-and-darkness,run2,156
violence-and-dominance,run1,814
violence-and-intimidation,run1,30
violence-and-intimidation,run1,319
violence-and-intimidation,run1,334
violence-and-intimidation,run1,764
violence-and-intimidation,run2,6
violence-and-intimidation,run2,319
violence-and-intimidation,run2,764
violence-and-murder,run1,336
violence-and-murder,run2,336
violence-and-power,run1,812
violence-and-retaliation,run1,211
violence-and-street-code,run1,733
violence-and-street-code,run2,733
violence-and-street-danger,run1,372
violence-and-street-threats,run1,352
violence-and-street-threats,run2,372
violence-and-survival,run2,227
violence-and-threats,run1,178
violence-and-threats,run1,190
violence-and-threats,run1,667
violence-and-threats,run2,178
violence-and-threats,run2,190
violence-and-threats,run2,352
violence-and-warfare,run1,227
violence-and-weaponry,run2,30
violence-and-weapons,run2,500
violence-and-weapons,run2,789
violence-as-power,run2,455
violence-for-love,run2,671
violent-fantasy,run1,637
violent-fantasy,run2,637
violência-e-armamento,run1,106
virtual-vs-real-connection,run2,167
vivid-memory,run1,612
vivid-memory,run2,612
vivid-romantic-flashback,run1,220
vivid-romantic-flashback,run2,220
volatile-love,run1,127
volatile-relationships,run1,860
vulnerability,run1,67
vulnerability,run1,85
vulnerability,run1,168
vulnerability,run2,67
vulnerability,run2,70
vulnerability,run2,85
vulnerability,run2,168
vulnerability,run2,865
vulnerability-and-authenticity,run1,866
vulnerability-and-authenticity,run2,866
vulnerability-and-betrayal,run2,1
vulnerability-and-captivation,run2,761
vulnerability-and-confession,run2,222
vulnerability-and-confession,run2,367
vulnerability-and-courage,run1,191
vulnerability-and-emotional-guardedness,run2,110
vulnerability-and-emotional-struggle,run1,673
vulnerability-and-heartbreak,run1,1
vulnerability-and-honesty,run1,197
vulnerability-and-honesty,run2,197
vulnerability-and-honesty,run2,882
vulnerability-and-longing,run2,505
vulnerability-and-openness,run1,175
vulnerability-and-openness,run1,617
vulnerability-and-openness,run1,871
vulnerability-and-openness,run1,875
vulnerability-and-openness,run2,175
vulnerability-and-openness,run2,469
vulnerability-and-openness,run2,768
vulnerability-and-openness,run2,871
vulnerability-and-openness,run2,875
vulnerability-and-oversharing,run1,679
vulnerability-and-oversharing,run2,679
vulnerability-and-pain,run1,170
vulnerability-and-pride,run2,123
vulnerability-and-secrecy,run2,449
vulnerability-and-trust,run1,705
vulnerability-and-trust,run1,780
vulnerability-and-trust,run2,705
vulnerability-and-trust,run2,780
vulnerability-beneath-strength,run1,882
vulnerability-in-love,run1,70
vulnerability-in-love,run1,119
vulnerability-in-love,run1,306
vulnerability-in-love,run1,678
vulnerability-in-love,run2,119
vulnerability-in-love,run2,191
vulnerability-of-confession,run1,647
vulnerability-of-confession,run2,647
vulnerability-under-intoxication,run2,530
waiting-and-anticipation,run1,462
waiting-and-anticipation,run2,462
waiting-and-hope,run2,881
waiting-and-longing,run2,123
waiting-for-a-response,run2,696
waiting-for-love,run2,697
wanderlust,run1,685
wanderlust,run2,685
wanderlust-and-adventure,run1,714
wanderlust-and-adventure,run1,777
wanderlust-and-adventure,run2,714
wanderlust-and-escape,run2,503
wanderlust-and-freedom,run1,503
wanting-a-loyal-equal-partner,run2,673
wanting-distance-yet-closeness,run2,303
wanting-stability-in-a-partner,run2,808
wanting-to-leave,run2,877
warning-against-chasing-fame,run2,15
warning-against-falling-in-love,run1,593
warning-against-falling-in-love,run2,593
warning-against-fame,run1,15
warning-and-consequences,run2,244
warning-and-deterrence,run1,692
warning-and-deterrence,run2,692
warning-off-suitors,run1,732
warning-off-suitors,run2,732
warning-the-new-girl,run1,810
warning-the-new-girl,run2,810
warning-to-a-partner,run1,244
warning-to-ex,run1,369
warning-to-rivals,run1,657
warning-to-rivals,run2,657
wasted-investment-in-relationship,run1,850
wasted-investment-in-relationship,run2,850
wasted-time,run2,809
watching-everything-crumble,run1,795
watching-over-a-lover,run2,615
wealth-accumulation,run1,144
wealth-accumulation,run1,619
wealth-and-come-up,run2,355
wealth-and-criminal-success,run2,457
wealth-and-excess,run1,493
wealth-and-fame,run1,392
wealth-and-fame,run2,392
wealth-and-financial-dominance,run1,248
wealth-and-financial-dominance,run2,248
wealth-and-financial-success,run1,509
wealth-and-flexing,run1,37
wealth-and-flexing,run1,112
wealth-and-flexing,run1,147
wealth-and-flexing,run1,150
wealth-and-flexing,run1,158
wealth-and-flexing,run1,172
wealth-and-flexing,run1,216
wealth-and-flexing,run1,221
wealth-and-flexing,run1,256
wealth-and-flexing,run1,304
wealth-and-flexing,run1,316
wealth-and-flexing,run1,329
wealth-and-flexing,run1,340
wealth-and-flexing,run1,440
wealth-and-flexing,run1,455
wealth-and-flexing,run1,483
wealth-and-flexing,run1,495
wealth-and-flexing,run1,526
wealth-and-flexing,run1,535
wealth-and-flexing,run1,576
wealth-and-flexing,run1,645
wealth-and-flexing,run1,715
wealth-and-flexing,run1,718
wealth-and-flexing,run1,764
wealth-and-flexing,run1,801
wealth-and-flexing,run1,831
wealth-and-flexing,run1,880
wealth-and-flexing,run2,147
wealth-and-flexing,run2,150
wealth-and-flexing,run2,158
wealth-and-flexing,run2,162
wealth-and-flexing,run2,172
wealth-and-flexing,run2,190
wealth-and-flexing,run2,216
wealth-and-flexing,run2,221
wealth-and-flexing,run2,301
wealth-and-flexing,run2,304
wealth-and-flexing,run2,316
wealth-and-flexing,run2,389
wealth-and-flexing,run2,440
wealth-and-flexing,run2,455
wealth-and-flexing,run2,495
wealth-and-flexing,run2,526
wealth-and-flexing,run2,535
wealth-and-flexing,run2,576
wealth-and-flexing,run2,645
wealth-and-flexing,run2,694
wealth-and-flexing,run2,715
wealth-and-flexing,run2,718
wealth-and-flexing,run2,764
wealth-and-flexing,run2,801
wealth-and-flexing,run2,831
wealth-and-flexing,run2,880
wealth-and-generosity,run1,818
wealth-and-independence,run1,299
wealth-and-jewelry,run1,403
wealth-and-jewelry-flexing,run1,190
wealth-and-lifestyle,run1,444
wealth-and-luxury,run1,30
wealth-and-luxury,run1,34
wealth-and-luxury,run1,58
wealth-and-luxury,run1,87
wealth-and-luxury,run1,91
wealth-and-luxury,run1,97
wealth-and-luxury,run1,109
wealth-and-luxury,run1,111
wealth-and-luxury,run1,113
wealth-and-luxury,run1,115
wealth-and-luxury,run1,151
wealth-and-luxury,run1,164
wealth-and-luxury,run1,177
wealth-and-luxury,run1,178
wealth-and-luxury,run1,186
wealth-and-luxury,run1,196
wealth-and-luxury,run1,229
wealth-and-luxury,run1,230
wealth-and-luxury,run1,238
wealth-and-luxury,run1,242
wealth-and-luxury,run1,276
wealth-and-luxury,run1,282
wealth-and-luxury,run1,292
wealth-and-luxury,run1,295
wealth-and-luxury,run1,309
wealth-and-luxury,run1,312
wealth-and-luxury,run1,325
wealth-and-luxury,run1,327
wealth-and-luxury,run1,338
wealth-and-luxury,run1,355
wealth-and-luxury,run1,379
wealth-and-luxury,run1,389
wealth-and-luxury,run1,404
wealth-and-luxury,run1,425
wealth-and-luxury,run1,430
wealth-and-luxury,run1,432
wealth-and-luxury,run1,436
wealth-and-luxury,run1,498
wealth-and-luxury,run1,501
wealth-and-luxury,run1,521
wealth-and-luxury,run1,522
wealth-and-luxury,run1,587
wealth-and-luxury,run1,671
wealth-and-luxury,run1,719
wealth-and-luxury,run1,759
wealth-and-luxury,run1,788
wealth-and-luxury,run1,793
wealth-and-luxury,run1,812
wealth-and-luxury,run1,838
wealth-and-luxury,run1,868
wealth-and-luxury,run1,874
wealth-and-luxury,run2,30
wealth-and-luxury,run2,34
wealth-and-luxury,run2,58
wealth-and-luxury,run2,87
wealth-and-luxury,run2,97
wealth-and-luxury,run2,106
wealth-and-luxury,run2,109
wealth-and-luxury,run2,111
wealth-and-luxury,run2,126
wealth-and-luxury,run2,144
wealth-and-luxury,run2,151
wealth-and-luxury,run2,164
wealth-and-luxury,run2,177
wealth-and-luxury,run2,178
wealth-and-luxury,run2,186
wealth-and-luxury,run2,196
wealth-and-luxury,run2,229
wealth-and-luxury,run2,230
wealth-and-luxury,run2,235
wealth-and-luxury,run2,238
wealth-and-luxury,run2,242
wealth-and-luxury,run2,276
wealth-and-luxury,run2,282
wealth-and-luxury,run2,292
wealth-and-luxury,run2,295
wealth-and-luxury,run2,312
wealth-and-luxury,run2,325
wealth-and-luxury,run2,327
wealth-and-luxury,run2,338
wealth-and-luxury,run2,370
wealth-and-luxury,run2,372
wealth-and-luxury,run2,379
wealth-and-luxury,run2,404
wealth-and-luxury,run2,416
wealth-and-luxury,run2,425
wealth-and-luxury,run2,430
wealth-and-luxury,run2,436
wealth-and-luxury,run2,483
wealth-and-luxury,run2,498
wealth-and-luxury,run2,501
wealth-and-luxury,run2,521
wealth-and-luxury,run2,522
wealth-and-luxury,run2,587
wealth-and-luxury,run2,660
wealth-and-luxury,run2,667
wealth-and-luxury,run2,719
wealth-and-luxury,run2,759
wealth-and-luxury,run2,788
wealth-and-luxury,run2,793
wealth-and-luxury,run2,812
wealth-and-luxury,run2,818
wealth-and-luxury,run2,838
wealth-and-luxury,run2,868
wealth-and-luxury-flexing,run1,270
wealth-and-luxury-flexing,run1,410
wealth-and-luxury-flexing,run1,416
wealth-and-luxury-flexing,run1,480
wealth-and-luxury-flexing,run1,733
wealth-and-luxury-flexing,run1,778
wealth-and-luxury-flexing,run2,368
wealth-and-luxury-flexing,run2,410
wealth-and-luxury-flexing,run2,480
wealth-and-luxury-flexing,run2,671
wealth-and-luxury-flexing,run2,733
wealth-and-luxury-flexing,run2,778
wealth-and-luxury-lifestyle,run2,874
wealth-and-material-status,run1,405
wealth-and-material-success,run2,405
wealth-and-materialism,run1,15
wealth-and-materialism,run1,98
wealth-and-materialism,run1,198
wealth-and-materialism,run1,237
wealth-and-materialism,run1,673
wealth-and-materialism,run2,15
wealth-and-materialism,run2,19
wealth-and-materialism,run2,198
wealth-and-materialism,run2,237
wealth-and-materialism,run2,403
wealth-and-money,run1,6
wealth-and-money,run1,54
wealth-and-money,run1,155
wealth-and-money,run1,241
wealth-and-money,run1,358
wealth-and-money,run1,391
wealth-and-money,run1,660
wealth-and-money,run1,694
wealth-and-money,run2,6
wealth-and-money,run2,37
wealth-and-money,run2,54
wealth-and-money,run2,155
wealth-and-money,run2,241
wealth-and-money,run2,309
wealth-and-money,run2,358
wealth-and-money,run2,391
wealth-and-power,run1,457
wealth-and-power,run1,814
wealth-and-power,run2,814
wealth-and-spending,run1,93
wealth-and-spending,run1,118
wealth-and-spending,run2,118
wealth-and-spending,run2,260
wealth-and-status,run1,62
wealth-and-status,run1,162
wealth-and-status,run1,236
wealth-and-status,run1,278
wealth-and-status,run1,328
wealth-and-status,run1,334
wealth-and-status,run1,383
wealth-and-status,run1,402
wealth-and-status,run1,407
wealth-and-status,run1,422
wealth-and-status,run1,756
wealth-and-status,run2,189
wealth-and-status,run2,236
wealth-and-status,run2,256
wealth-and-status,run2,278
wealth-and-status,run2,328
wealth-and-status,run2,334
wealth-and-status,run2,383
wealth-and-status,run2,402
wealth-and-status,run2,407
wealth-and-status,run2,435
wealth-and-status,run2,444
wealth-and-status,run2,456
wealth-and-status,run2,493
wealth-and-status,run2,756
wealth-and-status,run2,762
wealth-and-status-display,run1,114
wealth-and-status-display,run2,400
wealth-and-status-flaunting,run2,114
wealth-and-status-flexing,run1,574
wealth-and-status-flexing,run2,112
wealth-and-status-flexing,run2,574
wealth-and-street-life,run1,189
wealth-and-success,run1,19
wealth-and-success,run1,82
wealth-and-success,run1,92
wealth-and-success,run1,104
wealth-and-success,run1,175
wealth-and-success,run1,195
wealth-and-success,run1,213
wealth-and-success,run1,225
wealth-and-success,run1,235
wealth-and-success,run1,246
wealth-and-success,run1,264
wealth-and-success,run1,297
wealth-and-success,run1,313
wealth-and-success,run1,321
wealth-and-success,run1,352
wealth-and-success,run1,393
wealth-and-success,run1,421
wealth-and-success,run1,489
wealth-and-success,run1,497
wealth-and-success,run1,518
wealth-and-success,run1,583
wealth-and-success,run1,604
wealth-and-success,run1,618
wealth-and-success,run1,771
wealth-and-success,run1,789
wealth-and-success,run2,82
wealth-and-success,run2,92
wealth-and-success,run2,104
wealth-and-success,run2,156
wealth-and-success,run2,175
wealth-and-success,run2,195
wealth-and-success,run2,213
wealth-and-success,run2,225
wealth-and-success,run2,246
wealth-and-success,run2,264
wealth-and-success,run2,297
wealth-and-success,run2,313
wealth-and-success,run2,319
wealth-and-success,run2,321
wealth-and-success,run2,329
wealth-and-success,run2,352
wealth-and-success,run2,393
wealth-and-success,run2,421
wealth-and-success,run2,432
wealth-and-success,run2,489
wealth-and-success,run2,497
wealth-and-success,run2,509
wealth-and-success,run2,518
wealth-and-success,run2,554
wealth-and-success,run2,583
wealth-and-success,run2,619
wealth-and-success,run2,771
wealth-and-success,run2,789
wealth-as-attraction,run1,74
wealth-as-attraction,run2,74
wealth-attraction,run2,345
wealth-display,run1,103
wealth-display,run2,103
wealth-does-not-define-character,run1,298
wealth-does-not-define-character,run2,298
wealth-flaunting,run1,231
wealth-flaunting,run2,231
wealth-obsession,run1,305
wealth-obsession,run2,305
wealthy-la-lifestyle,run2,380
wealthy-lifestyle-excess,run1,380
weapons,run2,336
weapons,run2,535
weapons-and-firepower,run1,391
weapons-and-firepower,run1,495
weapons-and-firepower,run1,756
weapons-and-firepower,run2,391
weapons-and-firepower,run2,495
weapons-and-firepower,run2,756
weapons-and-street-code,run1,576
weapons-and-street-code,run2,576
weapons-and-street-violence,run2,718
weapons-and-toughness,run1,423
weapons-and-violence,run2,587
weapons-obsession,run1,98
weathering-hardship,run1,374
weathering-hardship,run2,374
wedding-as-breaking-point,run1,870
wedding-as-breaking-point,run2,870
wedding-disruption,run1,568
wedding-setting,run1,257
wedding-setting,run2,257
weekend-freedom,run1,11
weekend-freedom,run2,11
weightlessness-and-freedom,run1,339
weightlessness-and-freedom,run2,339
welfare-and-social-criticism,run1,701
welfare-and-social-criticism,run2,701
western-cowgirl-imagery,run1,744
western-cowgirl-imagery,run2,744
whirlwind-romance,run1,617
whirlwind-romance,run2,617
wild-behavior,run1,841
wild-free-spirited-woman,run1,744
wild-free-spirited-woman,run2,744
wild-freedom,run1,328
wild-intensity,run1,699
wild-living,run2,278
wild-night-out,run1,658
wild-partying,run2,841
will-to-live,run1,129
willful-blindness,run1,394
willful-ignorance,run1,166
willful-ignorance,run1,639
willful-ignorance,run2,166
willful-ignorance,run2,639
willing-isolation,run1,437
willing-self-destruction,run1,770
willing-self-destruction,run2,770
willing-suffering-for-love,run2,665
willingness-and-betrayed-trust,run2,176
willingness-and-consent,run1,182
willingness-and-consent,run2,182
wind-as-driving-force,run1,856
winning-mentality,run1,484
winning-mentality,run2,484
winter-season,run1,624
winter-season,run2,624
winter-weather,run1,621
winter-weather,run2,621
wisdom-passed-down,run1,545
wisdom-passed-down,run2,545
wisdom-passed-down,run2,588
wish-fulfillment,run1,426
wish-fulfillment,run1,804
wish-fulfillment-fantasy,run2,804
wishful-thinking,run1,813
wishful-thinking,run2,426
wishful-thinking,run2,813
wishing-ex-well,run1,785
wishing-ex-well,run2,785
wishing-happiness-for-another,run1,471
wishing-happiness-for-another,run2,471
wishing-love-away,run2,534
wishing-well-for-ex,run1,431
wishing-well-on-an-ex,run2,431
wishing-well-to-an-ex,run1,26
withdrawal-and-craving,run2,367
withdrawal-and-escape,run1,217
witnessing-death,run1,336
witty-charm,run2,728
womanizing,run1,118
womanizing,run1,316
womanizing,run1,392
womanizing,run1,771
womanizing,run2,118
womanizing,run2,316
womanizing,run2,352
womanizing,run2,392
womanizing,run2,771
womanizing-and-sexual-bravado,run1,352
womanizing-lifestyle,run2,48
women-and-attraction,run1,92
women-and-attraction,run1,195
women-and-attraction,run2,92
women-and-attraction,run2,195
women-and-casual-relationships,run2,509
women-and-pleasure,run1,312
women-and-pleasure,run2,312
women-and-relationships,run1,37
women-and-relationships,run1,57
women-and-relationships,run2,37
women-and-relationships,run2,57
women-and-relationships,run2,372
women-and-relationships,run2,405
women-and-sexual-conquest,run1,184
women-and-sexual-conquest,run2,718
women-and-sexuality,run2,6
women-and-status,run1,6
women-empowerment,run1,310
women-s-bodily-autonomy,run2,671
women-supporting-women,run2,310
wonder-and-enchantment,run1,251
wonder-and-enchantment,run2,251
wondering-about-an-ex,run1,591
wondering-about-ex,run1,136
wondering-about-ex,run2,136
wondering-if-you-are-thought-of,run1,387
wordplay-and-lyrical-skill,run1,421
words-and-their-impact,run1,382
work-as-sexual-metaphor,run1,16
work-as-sexual-metaphor,run2,16
working-class-exhaustion,run1,701
working-class-identity,run1,450
working-class-romance,run1,481
working-class-romance,run2,481
working-class-roots,run2,713
working-class-struggle,run1,599
working-class-struggle,run2,599
working-class-struggle,run2,701
world-weariness,run1,365
world-weariness,run2,365
world-weariness,run2,441
worship-through-struggle,run1,867
worship-through-struggle,run2,867
worthiness-and-admiration,run1,653
worthiness-and-devotion,run1,603
worthiness-and-devotion,run2,603
wounded-pride,run1,168
wounded-pride,run2,168
wrestling-with-darkness,run2,867
wrong-timing,run1,785
wrong-timing,run2,785
yearning-and-waiting,run2,845
yearning-for-freedom-from-pain,run2,859
yearning-for-hope,run1,817
yearning-for-hope,run2,817
yielding-to-love,run1,505
young-love,run1,85
young-love,run1,171
young-love,run1,258
young-love,run2,85
young-love,run2,171
young-love,run2,258
youth,run1,171
youth,run2,171
youth-and-beauty,run1,72
youth-and-beauty,run2,72
youth-and-coming-up,run1,65
youth-despair,run2,701
youthful-ambition,run1,258
youthful-ambition,run2,258
youthful-anxiety,run1,755
youthful-carefree-feeling,run1,669
youthful-carefree-lifestyle,run1,116
youthful-carefree-lifestyle,run2,116
youthful-denial-of-mortality,run1,555
youthful-denial-of-mortality,run2,555
youthful-desperation,run1,98
youthful-desperation,run2,98
youthful-first-love,run1,721
youthful-first-love,run2,721
youthful-identity,run1,222
youthful-inexperience,run1,551
youthful-inexperience,run2,551
youthful-intimacy,run1,698
youthful-love,run1,193
youthful-love,run2,193
youthful-nostalgia,run1,398
youthful-nostalgia,run2,398
youthful-past,run1,413
youthful-rebellion,run1,138
youthful-rebellion,run2,138
youthful-recklessness,run1,10
youthful-recklessness,run1,140
youthful-recklessness,run1,250
youthful-recklessness,run1,777
youthful-recklessness,run2,10
youthful-recklessness,run2,140
youthful-recklessness,run2,250
youthful-recklessness,run2,777
youthful-regret-and-growth,run2,413
youthful-restlessness,run2,146
youthful-restlessness,run2,610
youthful-romance,run1,361
youthful-romance,run1,461
youthful-romance,run2,361
youthful-romance,run2,461
youthful-struggle,run2,515
youthful-summer-romance,run2,669
youthful-uncertainty,run2,506
youthful-urgency,run1,502
youthful-vulnerability,run1,515
zodiac-identity,run1,444
