Group,Keyword
addiction-and-obsession,addiction
addiction-and-obsession,addiction-and-compulsion
addiction-and-obsession,addiction-and-obsession
addiction-and-obsession,addiction-and-sobriety
addiction-and-obsession,addiction-to-a-person
addiction-and-obsession,breaking-unhealthy-patterns
addiction-and-obsession,choosing-love-over-vices
addiction-and-obsession,cigarettes-as-narrative-device
addiction-and-obsession,craving-and-addiction
addiction-and-obsession,craving-and-obsession
addiction-and-obsession,cycle-of-relapse
addiction-and-obsession,cycle-of-temptation
addiction-and-obsession,dependency-and-addiction
addiction-and-obsession,desire-and-craving
addiction-and-obsession,desire-and-indulgence
addiction-and-obsession,desire-and-temptation
addiction-and-obsession,emotional-obsession
addiction-and-obsession,growing-obsession
addiction-and-obsession,indulgence-and-pleasure
addiction-and-obsession,indulgence-and-vices
addiction-and-obsession,insatiable-appetite
addiction-and-obsession,intoxication-and-indulgence
addiction-and-obsession,irresistible-temptation
addiction-and-obsession,lingering-obsession
addiction-and-obsession,mental-obsession
addiction-and-obsession,obsession
addiction-and-obsession,obsession-and-control
addiction-and-obsession,obsession-and-fixation
addiction-and-obsession,obsession-and-madness
addiction-and-obsession,obsession-and-negativity
addiction-and-obsession,obsession-with-someone
addiction-and-obsession,obsession-with-someone-new
addiction-and-obsession,obsessive-attachment
addiction-and-obsession,obsessive-attraction
addiction-and-obsession,obsessive-craving
addiction-and-obsession,obsessive-desire
addiction-and-obsession,obsessive-infatuation
addiction-and-obsession,obsessive-love
addiction-and-obsession,personal-struggle-with-addiction
addiction-and-obsession,prioritization-of-vices
addiction-and-obsession,prioritizing-vices
addiction-and-obsession,relapse-and-struggle
addiction-and-obsession,resisting-temptation
addiction-and-obsession,reverting-to-old-self-destructive-habits
addiction-and-obsession,self-destructive-cycle
addiction-and-obsession,sensual-indulgence
addiction-and-obsession,sexual-obsession
addiction-and-obsession,sexual-temptation
addiction-and-obsession,sinful-indulgence
addiction-and-obsession,sinful-temptation
addiction-and-obsession,smoking-and-vices
addiction-and-obsession,temptation
addiction-and-obsession,temptation-and-desire
addiction-and-obsession,toxic-obsession
addiction-and-obsession,withdrawal-and-craving
alcohol-and-substance-abuse,alcohol
alcohol-and-substance-abuse,alcohol-and-arousal
alcohol-and-substance-abuse,alcohol-and-bad-habits
alcohol-and-substance-abuse,alcohol-and-impulsive-decisions
alcohol-and-substance-abuse,alcohol-and-intimacy
alcohol-and-substance-abuse,alcohol-and-intoxication
alcohol-and-substance-abuse,alcohol-and-late-night-emotions
alcohol-and-substance-abuse,alcohol-and-lowered-inhibitions
alcohol-and-substance-abuse,alcohol-and-self-destruction
alcohol-and-substance-abuse,alcohol-and-struggle
alcohol-and-substance-abuse,alcohol-and-substance-abuse
alcohol-and-substance-abuse,alcohol-and-substances
alcohol-and-substance-abuse,alcohol-as-comfort
alcohol-and-substance-abuse,alcohol-as-coping
alcohol-and-substance-abuse,alcohol-as-liquid-courage
alcohol-and-substance-abuse,alcohol-failing-as-remedy
alcohol-and-substance-abuse,alcohol-fueled-confession
alcohol-and-substance-abuse,alcohol-fueled-conflict
alcohol-and-substance-abuse,alcohol-fueled-honesty
alcohol-and-substance-abuse,alcohol-intoxication
alcohol-and-substance-abuse,alcoholism-and-self-destruction
alcohol-and-substance-abuse,coping-mechanisms
alcohol-and-substance-abuse,coping-through-substances
alcohol-and-substance-abuse,denial-and-sobriety
alcohol-and-substance-abuse,desire-and-intoxication
alcohol-and-substance-abuse,drinking
alcohol-and-substance-abuse,drinking-and-intoxication
alcohol-and-substance-abuse,drinking-as-coping
alcohol-and-substance-abuse,drinking-as-emotional-coping
alcohol-and-substance-abuse,drinking-to-cope
alcohol-and-substance-abuse,drug-addiction
alcohol-and-substance-abuse,drug-and-alcohol-use
alcohol-and-substance-abuse,drug-and-substance-use
alcohol-and-substance-abuse,drug-cooking
alcohol-and-substance-abuse,drug-culture
alcohol-and-substance-abuse,drug-culture-and-poverty
alcohol-and-substance-abuse,drug-dependence
alcohol-and-substance-abuse,drug-intoxication
alcohol-and-substance-abuse,drug-preparation
alcohol-and-substance-abuse,drug-preparation-and-packaging
alcohol-and-substance-abuse,drug-references
alcohol-and-substance-abuse,drug-use
alcohol-and-substance-abuse,drug-use-and-coping
alcohol-and-substance-abuse,drug-use-and-dealing
alcohol-and-substance-abuse,drug-use-and-intoxication
alcohol-and-substance-abuse,drunkenness
alcohol-and-substance-abuse,emotional-intoxication
alcohol-and-substance-abuse,excessive-drinking
alcohol-and-substance-abuse,finding-comfort-in-beer
alcohol-and-substance-abuse,heavy-drinking
alcohol-and-substance-abuse,ineffective-coping-mechanisms
alcohol-and-substance-abuse,ineffectiveness-of-alcohol
alcohol-and-substance-abuse,intoxicating-attraction
alcohol-and-substance-abuse,intoxicating-desire
alcohol-and-substance-abuse,intoxicating-influence
alcohol-and-substance-abuse,intoxicating-love
alcohol-and-substance-abuse,intoxicating-presence
alcohol-and-substance-abuse,intoxicating-relationship
alcohol-and-substance-abuse,intoxication
alcohol-and-substance-abuse,intoxication-and-hype
alcohol-and-substance-abuse,intoxication-and-lean
alcohol-and-substance-abuse,intoxication-and-losing-control
alcohol-and-substance-abuse,intoxication-and-substances
alcohol-and-substance-abuse,intoxication-and-vulnerability
alcohol-and-substance-abuse,lean-and-drug-culture
alcohol-and-substance-abuse,marijuana-use
alcohol-and-substance-abuse,romantic-intoxication
alcohol-and-substance-abuse,substance-abuse
alcohol-and-substance-abuse,substance-addiction
alcohol-and-substance-abuse,substance-dependence
alcohol-and-substance-abuse,substance-use
alcohol-and-substance-abuse,substance-use-and-intimacy
alcohol-and-substance-abuse,substance-use-and-vulnerability
alcohol-and-substance-abuse,true-self-under-influence
alcohol-and-substance-abuse,unhealthy-coping-mechanisms
alcohol-and-substance-abuse,using-alcohol-to-cope
alcohol-and-substance-abuse,vulnerability-under-intoxication
ambition-and-self-determination,ambition-and-achievement
ambition-and-self-determination,ambition-and-aspiration
ambition-and-self-determination,ambition-and-big-dreams
ambition-and-self-determination,ambition-and-dreaming
ambition-and-self-determination,ambition-and-drive
ambition-and-self-determination,ambition-and-growth
ambition-and-self-determination,ambition-and-self-determination
ambition-and-self-determination,ambition-and-success
ambition-and-self-determination,ambition-since-youth
ambition-and-self-determination,aspiration-and-disappointment
ambition-and-self-determination,balancing-ambition-and-pleasure
ambition-and-self-determination,boredom-as-motivation
ambition-and-self-determination,career-ambition
ambition-and-self-determination,career-dedication
ambition-and-self-determination,chasing-dreams
ambition-and-self-determination,chasing-fleeting-pleasure
ambition-and-self-determination,chasing-your-dreams
ambition-and-self-determination,criminal-ambition
ambition-and-self-determination,desire-for-success
ambition-and-self-determination,desires-and-ambitions
ambition-and-self-determination,dreams-and-aspiration
ambition-and-self-determination,duality-of-ambition
ambition-and-self-determination,encouragement
ambition-and-self-determination,financial-ambition
ambition-and-self-determination,finding-new-purpose
ambition-and-self-determination,focused-ambition
ambition-and-self-determination,growing-up-and-changing-priorities
ambition-and-self-determination,hope-and-aspiration
ambition-and-self-determination,hope-and-will-to-live
ambition-and-self-determination,inner-motivation
ambition-and-self-determination,life-priorities
ambition-and-self-determination,living-desires-and-ambitions
ambition-and-self-determination,material-ambition
ambition-and-self-determination,meaningful-work
ambition-and-self-determination,passion-and-purpose
ambition-and-self-determination,passion-for-music
ambition-and-self-determination,pursuing-dreams
ambition-and-self-determination,pursuit-of-dreams
ambition-and-self-determination,pursuit-of-happiness
ambition-and-self-determination,pursuit-of-success
ambition-and-self-determination,readiness-and-ambition
ambition-and-self-determination,rock-and-roll-spirit
ambition-and-self-determination,rule-breaking-ambition
ambition-and-self-determination,search-for-purpose
ambition-and-self-determination,self-focus-and-ambition
ambition-and-self-determination,self-made-ambition
ambition-and-self-determination,sex-work
ambition-and-self-determination,singular-purpose
ambition-and-self-determination,skipping-responsibilities-for-pleasure
ambition-and-self-determination,striving-and-aspiration
ambition-and-self-determination,time-and-priorities
ambition-and-self-determination,will-to-live
ambition-and-self-determination,work-as-sexual-metaphor
attraction-and-admiration,admiration-and-beauty
attraction-and-admiration,admiration-and-desire
attraction-and-admiration,admiration-of-a-woman
attraction-and-admiration,admiration-of-beauty
attraction-and-admiration,admiration-of-womans-hustle
attraction-and-admiration,admiring-a-womans-beauty
attraction-and-admiration,attention-and-desire
attraction-and-admiration,attraction-and-admiration
attraction-and-admiration,attraction-and-being-desired
attraction-and-admiration,attraction-and-chemistry
attraction-and-admiration,attraction-and-desire
attraction-and-admiration,attraction-and-keeping-attention
attraction-and-admiration,attraction-and-keeping-interest
attraction-and-admiration,attraction-to-unavailable-men
attraction-and-admiration,attraction-to-women
attraction-and-admiration,beauty-and-appearance
attraction-and-admiration,beauty-and-awe
attraction-and-admiration,beauty-standards-critique
attraction-and-admiration,bittersweet-attraction
attraction-and-admiration,body-admiration
attraction-and-admiration,chemical-attraction
attraction-and-admiration,dangerous-attraction
attraction-and-admiration,desire-and-attraction
attraction-and-admiration,electric-chemistry
attraction-and-admiration,escaping-superficiality
attraction-and-admiration,female-allure
attraction-and-admiration,female-allure-and-power
attraction-and-admiration,female-attention
attraction-and-admiration,female-attention-and-attraction
attraction-and-admiration,female-attention-and-seduction
attraction-and-admiration,female-attention-and-sexuality
attraction-and-admiration,female-attraction
attraction-and-admiration,female-attractiveness
attraction-and-admiration,female-beauty-admiration
attraction-and-admiration,female-beauty-and-authenticity
attraction-and-admiration,female-desirability
attraction-and-admiration,female-physical-admiration
attraction-and-admiration,female-superficiality
attraction-and-admiration,first-experiences
attraction-and-admiration,first-impression-attraction
attraction-and-admiration,first-meeting
attraction-and-admiration,first-sight-attraction
attraction-and-admiration,forbidden-attraction
attraction-and-admiration,gender-curiosity
attraction-and-admiration,glamour-and-appearance
attraction-and-admiration,idealized-attraction
attraction-and-admiration,inexplicable-attraction
attraction-and-admiration,inherited-beauty
attraction-and-admiration,inner-beauty-and-self-worth
attraction-and-admiration,instant-attraction
attraction-and-admiration,instant-romantic-connection
attraction-and-admiration,intense-attraction
attraction-and-admiration,irresistible-allure
attraction-and-admiration,irresistible-attraction
attraction-and-admiration,irresistible-love
attraction-and-admiration,irresistible-physical-sensation
attraction-and-admiration,love-at-first-meeting
attraction-and-admiration,love-at-first-sight
attraction-and-admiration,lust-and-physical-attraction
attraction-and-admiration,maddening-attraction
attraction-and-admiration,male-attention
attraction-and-admiration,male-attention-and-control
attraction-and-admiration,mutual-attraction
attraction-and-admiration,mutual-attraction-denial
attraction-and-admiration,mutual-desire-denial
attraction-and-admiration,mysterious-allure
attraction-and-admiration,opportunistic-attraction
attraction-and-admiration,overwhelming-attraction
attraction-and-admiration,personal-appearance
attraction-and-admiration,physical-admiration
attraction-and-admiration,physical-appearance
attraction-and-admiration,physical-attraction
attraction-and-admiration,physical-attractiveness
attraction-and-admiration,physical-chemistry
attraction-and-admiration,physical-desirability
attraction-and-admiration,physical-resemblance
attraction-and-admiration,rejection-of-superficiality
attraction-and-admiration,relationship-beginnings
attraction-and-admiration,romantic-chemistry
attraction-and-admiration,self-proclaimed-desirability
attraction-and-admiration,self-worth-and-beauty
attraction-and-admiration,sexual-allure
attraction-and-admiration,sexual-attraction
attraction-and-admiration,sexual-attraction-and-desire
attraction-and-admiration,sexual-chemistry
attraction-and-admiration,sexual-desirability
attraction-and-admiration,sexual-desire-and-attraction
attraction-and-admiration,sexual-magnetism
attraction-and-admiration,sexual-selectivity
attraction-and-admiration,slow-burning-attraction
attraction-and-admiration,social-superficiality
attraction-and-admiration,superficial-love
attraction-and-admiration,superficiality-and-social-media
attraction-and-admiration,superficiality-of-others
attraction-and-admiration,unconditional-attraction
attraction-and-admiration,unrealistic-beauty-standards
attraction-and-admiration,unspoken-attraction
attraction-and-admiration,unspoken-love
attraction-and-admiration,unspoken-mutual-attraction
attraction-and-admiration,women-and-attraction
authenticity-and-honesty,authenticity
authenticity-and-honesty,authenticity-and-credibility
authenticity-and-honesty,authenticity-and-honesty
authenticity-and-honesty,authenticity-and-integrity
authenticity-and-honesty,authenticity-and-realness
authenticity-and-honesty,authenticity-and-reputation
authenticity-and-honesty,authenticity-and-wearing-your-heart
authenticity-and-honesty,authenticity-over-image
authenticity-and-honesty,authenticity-over-pretense
authenticity-and-honesty,authenticity-under-influence
authenticity-and-honesty,authenticity-vs-fakeness
authenticity-and-honesty,authenticity-vs-imitation
authenticity-and-honesty,being-loved-authentically
authenticity-and-honesty,being-truly-known
authenticity-and-honesty,chivalry-and-gentlemanliness
authenticity-and-honesty,defending-against-disrespect
authenticity-and-honesty,demanding-authentic-love
authenticity-and-honesty,demanding-respect
authenticity-and-honesty,disrespect-and-offense
authenticity-and-honesty,embracing-being-different
authenticity-and-honesty,embracing-true-identity
authenticity-and-honesty,embracing-true-self
authenticity-and-honesty,embracing-wholeness-of-a-person
authenticity-and-honesty,emotional-authenticity
authenticity-and-honesty,emotional-honesty
authenticity-and-honesty,enduring-love-and-respect
authenticity-and-honesty,exposing-true-nature
authenticity-and-honesty,faithfulness-and-honesty
authenticity-and-honesty,finding-a-kindred-spirit
authenticity-and-honesty,honesty-and-acceptance
authenticity-and-honesty,honesty-and-authenticity
authenticity-and-honesty,honesty-and-conflict
authenticity-and-honesty,honesty-and-directness
authenticity-and-honesty,honesty-and-maturity
authenticity-and-honesty,honesty-and-transparency
authenticity-and-honesty,humility-and-ego-check
authenticity-and-honesty,humility-and-kindness
authenticity-and-honesty,humility-and-pride
authenticity-and-honesty,humility-and-self-awareness
authenticity-and-honesty,humility-and-spiritual-struggle
authenticity-and-honesty,individuality
authenticity-and-honesty,introversion
authenticity-and-honesty,knowing-the-real-person
authenticity-and-honesty,living-authentically
authenticity-and-honesty,longing-for-authenticity
authenticity-and-honesty,love-and-sincerity
authenticity-and-honesty,moral-integrity
authenticity-and-honesty,mutual-respect-in-relationships
authenticity-and-honesty,personal-integrity
authenticity-and-honesty,personal-style
authenticity-and-honesty,personal-style-and-uniqueness
authenticity-and-honesty,personal-values-and-integrity
authenticity-and-honesty,respect-and-reputation
authenticity-and-honesty,self-awareness-and-humility
authenticity-and-honesty,self-respect-and-reputation
authenticity-and-honesty,sincerity-and-honesty
authenticity-and-honesty,sincerity-despite-appearances
authenticity-and-honesty,staying-true-to-oneself
authenticity-and-honesty,staying-true-to-self
avoiding-commitment,anti-commitment
avoiding-commitment,avoidance-of-commitment
avoiding-commitment,avoiding-commitment
avoiding-commitment,commitment
avoiding-commitment,commitment-ambivalence
avoiding-commitment,commitment-and-future
avoiding-commitment,commitment-and-marriage
avoiding-commitment,commitment-and-promise
avoiding-commitment,commitment-and-return
avoiding-commitment,commitment-and-togetherness
avoiding-commitment,commitment-avoidance
avoiding-commitment,commitment-conflict
avoiding-commitment,commitment-declaration
avoiding-commitment,commitment-phobia
avoiding-commitment,commitment-struggle
avoiding-commitment,commitment-to-another-relationship
avoiding-commitment,commitment-to-current-partner
avoiding-commitment,commitment-uncertainty
avoiding-commitment,committed-love
avoiding-commitment,committed-relationship
avoiding-commitment,conditional-commitment
avoiding-commitment,deferred-commitment
avoiding-commitment,enduring-commitment
avoiding-commitment,eternal-commitment
avoiding-commitment,fear-of-commitment
avoiding-commitment,hopeful-commitment
avoiding-commitment,inability-to-commit
avoiding-commitment,lifelong-commitment
avoiding-commitment,love-and-commitment
avoiding-commitment,love-plans-and-promises
avoiding-commitment,marriage-commitment
avoiding-commitment,mutual-commitment
avoiding-commitment,no-commitment
avoiding-commitment,non-commitment
avoiding-commitment,promise-of-commitment
avoiding-commitment,proving-commitment
avoiding-commitment,rejection-of-commitment
avoiding-commitment,romantic-commitment
avoiding-commitment,romantic-loyalty
avoiding-commitment,romantic-promise
avoiding-commitment,running-from-commitment
avoiding-commitment,steadfast-commitment
avoiding-commitment,total-commitment
betrayal-and-cheating,betrayal
betrayal-and-cheating,betrayal-and-broken-promises
betrayal-and-cheating,betrayal-and-cheating
betrayal-and-cheating,betrayal-and-deception
betrayal-and-cheating,betrayal-and-disappointment
betrayal-and-cheating,betrayal-and-distrust
betrayal-and-cheating,betrayal-and-fake-people
betrayal-and-cheating,betrayal-and-heartbreak
betrayal-and-cheating,betrayal-and-humiliation
betrayal-and-cheating,betrayal-and-hurt
betrayal-and-cheating,betrayal-and-infidelity
betrayal-and-cheating,betrayal-and-ingratitude
betrayal-and-cheating,betrayal-and-lies
betrayal-and-cheating,betrayal-and-loss
betrayal-and-cheating,betrayal-and-loyalty
betrayal-and-cheating,betrayal-and-mistrust
betrayal-and-cheating,betrayal-by-a-close-person
betrayal-and-cheating,betrayal-by-a-friend
betrayal-and-cheating,betrayal-by-someone-close
betrayal-and-cheating,betrayal-in-relationships
betrayal-and-cheating,betrayal-without-cheating
betrayal-and-cheating,deception-and-betrayal
betrayal-and-cheating,disappointment-and-betrayal
betrayal-and-cheating,dishonesty-and-betrayal
betrayal-and-cheating,emotional-betrayal
betrayal-and-cheating,enemies-and-betrayal
betrayal-and-cheating,ex-cheating-or-being-unfaithful
betrayal-and-cheating,heartbreak-and-betrayal
betrayal-and-cheating,infidelity
betrayal-and-cheating,infidelity-and-apology
betrayal-and-cheating,infidelity-and-betrayal
betrayal-and-cheating,infidelity-and-jealousy
betrayal-and-cheating,infidelity-and-temptation
betrayal-and-cheating,infidelity-and-unapologetic-attitude
betrayal-and-cheating,infidelity-betrayal
betrayal-and-cheating,infidelity-indifference
betrayal-and-cheating,infidelity-or-betrayal
betrayal-and-cheating,infidelity-suspicion
betrayal-and-cheating,infidelity-temptation
betrayal-and-cheating,loyalty-and-betrayal
betrayal-and-cheating,marital-infidelity
betrayal-and-cheating,quiet-betrayal
betrayal-and-cheating,relationship-betrayal
betrayal-and-cheating,romantic-betrayal
betrayal-and-cheating,sneaky-link-and-infidelity
betrayal-and-cheating,sneaky-link-infidelity
betrayal-and-cheating,suspicion-and-betrayal
betrayal-and-cheating,unfaithfulness
betrayal-and-cheating,unfaithfulness-anxiety
carefree-escapism,adventure-and-exploration
carefree-escapism,adventure-and-freedom
carefree-escapism,adventure-and-spontaneity
carefree-escapism,adventurous-freedom
carefree-escapism,alcohol-and-escapism
carefree-escapism,carefree-abandon
carefree-escapism,carefree-attitude
carefree-escapism,carefree-escapism
carefree-escapism,carefree-fun
carefree-escapism,carefree-good-time
carefree-escapism,carefree-joy
carefree-escapism,carefree-lifestyle
carefree-escapism,carefree-nightlife
carefree-escapism,carefree-recklessness
carefree-escapism,carefree-social-atmosphere
carefree-escapism,carefree-spontaneity
carefree-escapism,carefree-vibing
carefree-escapism,checking-in-from-the-road
carefree-escapism,contentment-without-travel
carefree-escapism,cosmic-escapism
carefree-escapism,country-road-freedom
carefree-escapism,cowboy-lifestyle
carefree-escapism,dangerous-journey
carefree-escapism,distraction-and-escapism
carefree-escapism,drinking-and-escapism
carefree-escapism,driving-as-emotional-metaphor
carefree-escapism,escapism
carefree-escapism,escapism-and-fantasy
carefree-escapism,escapism-and-paradise
carefree-escapism,escapism-and-pleasure
carefree-escapism,escapism-and-temptation
carefree-escapism,escapism-and-travel
carefree-escapism,escapist-fantasy
carefree-escapism,exclusive-lifestyle
carefree-escapism,fantasy-and-escapism
carefree-escapism,fast-lifestyle
carefree-escapism,fast-living-lifestyle
carefree-escapism,female-player-lifestyle
carefree-escapism,flashy-lifestyle
carefree-escapism,freedom-and-adventure
carefree-escapism,geographic-travel
carefree-escapism,geographic-wandering
carefree-escapism,girl-squad-lifestyle
carefree-escapism,glamorous-lifestyle
carefree-escapism,hedonism-and-excess
carefree-escapism,hedonistic-lifestyle
carefree-escapism,intimacy-and-escapism
carefree-escapism,intoxication-as-escapism
carefree-escapism,journey-and-road
carefree-escapism,journey-as-reward
carefree-escapism,late-night-escapism
carefree-escapism,life-journey
carefree-escapism,life-on-the-road
carefree-escapism,living-fast
carefree-escapism,living-recklessly
carefree-escapism,narco-lifestyle-pride
carefree-escapism,open-road-lifestyle
carefree-escapism,openness-to-adventure
carefree-escapism,outlaw-lifestyle
carefree-escapism,playboy-lifestyle
carefree-escapism,player-lifestyle
carefree-escapism,reckless-lifestyle
carefree-escapism,reckless-living
carefree-escapism,return-journey
carefree-escapism,road-and-journey
carefree-escapism,road-and-return-journey
carefree-escapism,road-and-travel-imagery
carefree-escapism,road-as-metaphor
carefree-escapism,road-trip-and-escape
carefree-escapism,rockstar-lifestyle
carefree-escapism,spontaneity-and-adventure
carefree-escapism,spontaneous-adventure
carefree-escapism,travel-and-adventure
carefree-escapism,travel-and-freedom
carefree-escapism,truck-culture
carefree-escapism,trucks-and-driving
carefree-escapism,wanderlust
carefree-escapism,wanderlust-and-adventure
carefree-escapism,wanderlust-and-escape
carefree-escapism,wanderlust-and-freedom
carefree-escapism,youthful-carefree-feeling
carefree-escapism,youthful-carefree-lifestyle
celebration-and-partying,caroling-and-song
celebration-and-partying,celebration-and-confidence
celebration-and-partying,celebration-and-euphoria
celebration-and-partying,celebration-and-excitement
celebration-and-partying,celebration-and-freedom
celebration-and-partying,celebration-and-fun
celebration-and-partying,celebration-and-good-times
celebration-and-partying,celebration-and-hype
celebration-and-partying,celebration-and-letting-go
celebration-and-partying,celebration-and-letting-loose
celebration-and-partying,celebration-and-living-it-up
celebration-and-partying,celebration-and-luxury
celebration-and-partying,celebration-and-partying
celebration-and-partying,celebration-and-romance
celebration-and-partying,celebration-of-achievement
celebration-and-partying,celebratory-boasting
celebration-and-partying,christmas-celebration
celebration-and-partying,christmas-setting
celebration-and-partying,collective-celebration
celebration-and-partying,communal-celebration
celebration-and-partying,dancehall-celebration
celebration-and-partying,dancing-and-celebration
celebration-and-partying,drinking-and-celebration
celebration-and-partying,festive-food-and-traditions
celebration-and-partying,festive-fun
celebration-and-partying,festive-joy
celebration-and-partying,festive-traditions
celebration-and-partying,friendship-and-celebration
celebration-and-partying,holiday-cheer
celebration-and-partying,horse-sleigh-riding
celebration-and-partying,mistletoe-tradition
celebration-and-partying,nightlife-and-celebration
celebration-and-partying,nightlife-celebration
celebration-and-partying,party-and-celebration
celebration-and-partying,party-celebration
celebration-and-partying,partying-and-celebration
celebration-and-partying,pride-and-celebration
celebration-and-partying,sleigh-riding
cherishing-the-present-moment,a-single-moment-of-change
cherishing-the-present-moment,capturing-fleeting-moments
cherishing-the-present-moment,cherishing-the-present
cherishing-the-present-moment,cherishing-the-present-moment
cherishing-the-present-moment,clinging-to-the-present
cherishing-the-present-moment,contentment-in-the-moment
cherishing-the-present-moment,contentment-with-simplicity
cherishing-the-present-moment,counting-blessings
cherishing-the-present-moment,decisive-moment
cherishing-the-present-moment,deep-personal-significance
cherishing-the-present-moment,everyday-joy
cherishing-the-present-moment,everyday-thoughtfulness
cherishing-the-present-moment,feeling-alive
cherishing-the-present-moment,feeling-blessed
cherishing-the-present-moment,finding-meaning-in-the-mundane
cherishing-the-present-moment,fleeting-happiness
cherishing-the-present-moment,fleeting-moments
cherishing-the-present-moment,fleeting-pleasure
cherishing-the-present-moment,intimate-moments
cherishing-the-present-moment,lazy-intimate-moments
cherishing-the-present-moment,leisure-and-simplicity
cherishing-the-present-moment,life-as-a-fleeting-celebration
cherishing-the-present-moment,life-as-a-game
cherishing-the-present-moment,life-as-performance
cherishing-the-present-moment,life-is-exciting
cherishing-the-present-moment,living-for-the-moment
cherishing-the-present-moment,living-in-the-moment
cherishing-the-present-moment,living-in-the-present
cherishing-the-present-moment,longing-for-simplicity
cherishing-the-present-moment,making-the-most-of-it
cherishing-the-present-moment,ordinary-life-as-meaningful
cherishing-the-present-moment,present-moment-bliss
cherishing-the-present-moment,romantic-moment
cherishing-the-present-moment,seizing-opportunities
cherishing-the-present-moment,seizing-the-moment
cherishing-the-present-moment,simple-contentment
cherishing-the-present-moment,simple-everyday-joy
cherishing-the-present-moment,simple-joys-of-living
cherishing-the-present-moment,simple-pleasures
cherishing-the-present-moment,simple-pleasures-as-refuge
cherishing-the-present-moment,simplicity-in-love
cherishing-the-present-moment,stolen-private-moment
cherishing-the-present-moment,turning-point-moment
clinging-to-love,all-night-passion
clinging-to-love,being-lovestruck
clinging-to-love,being-the-ride-or-die
clinging-to-love,bitter-sarcasm
clinging-to-love,campfire-gathering
clinging-to-love,clinging-to-love
clinging-to-love,coolness
clinging-to-love,crime-of-passion
clinging-to-love,dangerous-charm
clinging-to-love,dark-desire
clinging-to-love,dark-obsession
clinging-to-love,deserving-better
clinging-to-love,desperate-clinging
clinging-to-love,driving-to-a-lover
clinging-to-love,elopement-fantasy
clinging-to-love,exclusive-bond
clinging-to-love,falling-fast
clinging-to-love,family-gathering
clinging-to-love,father-child-bond
clinging-to-love,father-son-bonding
clinging-to-love,fighting-for-love
clinging-to-love,fighting-like-lovers
clinging-to-love,going-with-the-flow
clinging-to-love,good-character
clinging-to-love,gravity-of-attachment
clinging-to-love,guilty-pleasure
clinging-to-love,heart-over-head
clinging-to-love,heart-vs-head
clinging-to-love,holding-on
clinging-to-love,honeymoon-and-newlywed-life
clinging-to-love,hurtful-words
clinging-to-love,iconic-couple-inspiration
clinging-to-love,iconic-couples-as-inspiration
clinging-to-love,leaning-into-the-rumor
clinging-to-love,love-worth-fighting-for
clinging-to-love,marriage-and-proposal
clinging-to-love,marriage-proposal
clinging-to-love,meeting-place-as-neutral-ground
clinging-to-love,meeting-the-family
clinging-to-love,mother-son-bond
clinging-to-love,moving-fast-together
clinging-to-love,natural-pairing
clinging-to-love,no-apology
clinging-to-love,no-hard-feelings
clinging-to-love,no-pressure-love
clinging-to-love,no-strings-arrangement
clinging-to-love,no-strings-attached
clinging-to-love,no-strings-attachment
clinging-to-love,no-strings-relationship
clinging-to-love,offering-love
clinging-to-love,offering-to-heal
clinging-to-love,one-sided-attachment
clinging-to-love,outlaw-couple
clinging-to-love,outsider-bond
clinging-to-love,performing-for-absent-lover
clinging-to-love,private-secret-world
clinging-to-love,private-world
clinging-to-love,reaching-out
clinging-to-love,reaching-out-and-longing
clinging-to-love,relationship-moving-too-fast
clinging-to-love,ride-or-die-partnership
clinging-to-love,romantic-nickname
clinging-to-love,scandalous-thrill
clinging-to-love,secret-keeping
clinging-to-love,secret-meeting-place
clinging-to-love,secret-rendezvous
clinging-to-love,sensual-nickname
clinging-to-love,simple-country-life
clinging-to-love,simple-life-together
clinging-to-love,slowing-down
clinging-to-love,slowing-down-in-romance
clinging-to-love,small-acts-of-love
clinging-to-love,taking-it-slow
clinging-to-love,unbreakable-bond
clinging-to-love,undeserved-apologies
clinging-to-love,unexpected-attachment
clinging-to-love,unforgettable-encounter
clinging-to-love,unforgettable-ex
clinging-to-love,unforgettable-lover
clinging-to-love,unintentional-hurt
clinging-to-love,waiting-and-hope
clinging-to-love,watching-over-a-lover
clinging-to-love,wedding-as-breaking-point
clinging-to-love,wedding-disruption
clinging-to-love,wedding-setting
clinging-to-love,wishful-thinking
clinging-to-love,witty-charm
community-and-togetherness,belonging-together
community-and-togetherness,brotherhood
community-and-togetherness,brotherhood-and-coping
community-and-togetherness,brotherhood-and-family
community-and-togetherness,brotherhood-and-hood-ties
community-and-togetherness,camaraderie-and-brotherhood
community-and-togetherness,collaborations-and-crew
community-and-togetherness,collective-empowerment
community-and-togetherness,collective-identity
community-and-togetherness,collective-storytelling
community-and-togetherness,collective-voice-and-unity
community-and-togetherness,community-and-connection
community-and-togetherness,community-and-giving-back
community-and-togetherness,community-and-greeting
community-and-togetherness,community-and-togetherness
community-and-togetherness,community-and-tradition
community-and-togetherness,community-responsibility
community-and-togetherness,community-solidarity
community-and-togetherness,contentment-in-togetherness
community-and-togetherness,crew-affiliation
community-and-togetherness,crew-and-brotherhood
community-and-togetherness,crew-and-social-circle
community-and-togetherness,crew-loyalty
community-and-togetherness,crew-solidarity
community-and-togetherness,encouragement-and-solidarity
community-and-togetherness,friendship-and-brotherhood
community-and-togetherness,friendship-and-camaraderie
community-and-togetherness,friendship-and-community
community-and-togetherness,friendship-and-solidarity
community-and-togetherness,group-camaraderie
community-and-togetherness,group-unity
community-and-togetherness,hope-for-a-shared-future
community-and-togetherness,hope-for-togetherness
community-and-togetherness,hospitality-and-welcome
community-and-togetherness,inclusivity
community-and-togetherness,inclusivity-and-welcome
community-and-togetherness,loyalty-and-brotherhood
community-and-togetherness,loyalty-and-crew
community-and-togetherness,loyalty-to-crew
community-and-togetherness,loyalty-to-crew-and-community
community-and-togetherness,loyalty-to-crew-over-women
community-and-togetherness,loyalty-to-family-and-crew
community-and-togetherness,partnership-and-unity
community-and-togetherness,paying-it-forward
community-and-togetherness,quiet-togetherness
community-and-togetherness,solidarity-and-not-being-alone
community-and-togetherness,solidarity-and-partnership
community-and-togetherness,togetherness
community-and-togetherness,unity-and-inclusion
community-and-togetherness,unity-and-partnership
community-and-togetherness,unity-and-togetherness
confidence-and-self-assurance,artist-confidence
confidence-and-self-assurance,authenticity-and-self-confidence
confidence-and-self-assurance,body-confidence
confidence-and-self-assurance,body-confidence-and-physical-appeal
confidence-and-self-assurance,body-confidence-and-sexuality
confidence-and-self-assurance,body-image-and-self-doubt
confidence-and-self-assurance,body-image-insecurity
confidence-and-self-assurance,body-positivity
confidence-and-self-assurance,body-positivity-and-natural-beauty
confidence-and-self-assurance,charisma-and-confidence
confidence-and-self-assurance,confidence
confidence-and-self-assurance,confidence-and-beauty
confidence-and-self-assurance,confidence-and-boldness
confidence-and-self-assurance,confidence-and-bravado
confidence-and-self-assurance,confidence-and-charm
confidence-and-self-assurance,confidence-and-destiny
confidence-and-self-assurance,confidence-and-focus
confidence-and-self-assurance,confidence-and-rising
confidence-and-self-assurance,confidence-and-self-assertion
confidence-and-self-assurance,confidence-and-self-assurance
confidence-and-self-assurance,confidence-and-swagger
confidence-and-self-assurance,confidence-and-untouchability
confidence-and-self-assurance,confidence-in-appearance
confidence-and-self-assurance,creative-confidence
confidence-and-self-assurance,exclusivity-and-confidence
confidence-and-self-assurance,female-attitude-and-confidence
confidence-and-self-assurance,female-attitude-and-sassiness
confidence-and-self-assurance,female-confidence
confidence-and-self-assurance,female-confidence-and-power
confidence-and-self-assurance,female-confidence-and-self-assertion
confidence-and-self-assurance,female-confidence-and-self-image
confidence-and-self-assurance,female-confidence-and-status
confidence-and-self-assurance,female-empowerment-and-confidence
confidence-and-self-assurance,female-self-confidence
confidence-and-self-assurance,female-sexual-confidence
confidence-and-self-assurance,lyrical-confidence
confidence-and-self-assurance,musical-confidence
confidence-and-self-assurance,physical-confidence
confidence-and-self-assurance,public-boldness
confidence-and-self-assurance,rap-confidence
confidence-and-self-assurance,savage-confidence
confidence-and-self-assurance,self-assurance
confidence-and-self-assurance,self-confidence
confidence-and-self-assurance,self-confidence-and-appearance
confidence-and-self-assurance,self-confidence-and-attractiveness
confidence-and-self-assurance,self-confidence-and-beauty
confidence-and-self-assurance,self-confidence-and-body-image
confidence-and-self-assurance,self-confidence-and-boldness
confidence-and-self-assurance,self-confidence-and-bravado
confidence-and-self-assurance,self-confidence-and-desirability
confidence-and-self-assurance,self-confidence-and-identity
confidence-and-self-assurance,self-confidence-and-radiance
confidence-and-self-assurance,self-confidence-and-style
confidence-and-self-assurance,self-confidence-and-uniqueness
confidence-and-self-assurance,self-confidence-and-untouchability
confidence-and-self-assurance,self-made-confidence
confidence-and-self-assurance,self-talk-and-affirmation
confidence-and-self-assurance,sexual-confidence
confidence-and-self-assurance,status-and-confidence
confidence-and-self-assurance,style-and-swagger
confidence-and-self-assurance,swagger-and-confidence
confidence-and-self-assurance,unapologetic-confidence
confidence-and-self-assurance,uniqueness-and-self-confidence
confidence-and-self-assurance,unstoppable-confidence
confidence-and-self-assurance,untouchable-confidence
criminal-secrecy,anti-law-enforcement
criminal-secrecy,anti-police-sentiment
criminal-secrecy,avoiding-law-enforcement
criminal-secrecy,avoiding-police
criminal-secrecy,being-targeted-or-watched
criminal-secrecy,being-watched
criminal-secrecy,concealment-and-identity
criminal-secrecy,criminal-lifestyle
criminal-secrecy,criminal-past-and-present
criminal-secrecy,criminal-secrecy
criminal-secrecy,discretion-and-secrecy
criminal-secrecy,distrust-and-secrecy
criminal-secrecy,evading-law-enforcement
criminal-secrecy,extortion-and-power
criminal-secrecy,extortion-and-robbery
criminal-secrecy,financial-secrecy
criminal-secrecy,imprisonment
criminal-secrecy,incarceration
criminal-secrecy,incarceration-and-legal-struggle
criminal-secrecy,isolation-and-concealment
criminal-secrecy,lack-of-privacy
criminal-secrecy,law-enforcement-pressure
criminal-secrecy,legal-trouble
criminal-secrecy,legal-trouble-and-incarceration
criminal-secrecy,legal-trouble-and-law-enforcement
criminal-secrecy,legal-troubles
criminal-secrecy,loyalty-and-incarceration
criminal-secrecy,loyalty-to-incarcerated-friends
criminal-secrecy,paranoia-and-surveillance
criminal-secrecy,police-arrest
criminal-secrecy,police-brutality
criminal-secrecy,police-scrutiny
criminal-secrecy,privacy-and-exposure
criminal-secrecy,privacy-and-outside-interference
criminal-secrecy,privacy-and-public-scrutiny
criminal-secrecy,privacy-and-secrecy
criminal-secrecy,public-scrutiny
criminal-secrecy,racial-tension-and-policing
criminal-secrecy,robbery-and-crime
criminal-secrecy,secrecy-and-deception
criminal-secrecy,secrecy-and-discretion
criminal-secrecy,secrecy-and-double-standards
criminal-secrecy,secrecy-and-loyalty
criminal-secrecy,secrecy-and-mystery
criminal-secrecy,secrecy-and-paranoia
criminal-secrecy,secret-keeping-and-discretion
criminal-secrecy,street-secrecy
criminal-secrecy,surveillance-and-scrutiny
criminal-secrecy,vigilante-justice
criminal-secrecy,wealth-and-criminal-success
dancing-and-movement,country-dancing
dancing-and-movement,dance-and-movement
dancing-and-movement,dance-commands
dancing-and-movement,dance-floor-romance
dancing-and-movement,dance-instruction
dancing-and-movement,dance-instructions
dancing-and-movement,dance-moves
dancing-and-movement,dancing
dancing-and-movement,dancing-and-body-movement
dancing-and-movement,dancing-and-movement
dancing-and-movement,dancing-and-music
dancing-and-movement,dancing-and-performance
dancing-and-movement,dancing-and-physical-intimacy
dancing-and-movement,dancing-and-physical-movement
dancing-and-movement,dancing-and-rhythm
dancing-and-movement,dancing-and-seduction
dancing-and-movement,dancing-and-sensuality
dancing-and-movement,dancing-and-showing-off
dancing-and-movement,dancing-as-attraction
dancing-and-movement,dancing-as-coping
dancing-and-movement,dancing-as-defiance
dancing-and-movement,dancing-as-escape
dancing-and-movement,dancing-as-freedom
dancing-and-movement,dancing-as-joy-and-healing
dancing-and-movement,dancing-as-joy-and-liberation
dancing-and-movement,dancing-as-liberation
dancing-and-movement,dancing-as-release
dancing-and-movement,dancing-together
dancing-and-movement,female-attraction-and-dancing
dancing-and-movement,intimate-dancing
dancing-and-movement,irresistible-urge-to-dance
dancing-and-movement,love-as-dance
dancing-and-movement,music-and-dance
dancing-and-movement,music-and-dancing
dancing-and-movement,rhythm-and-music
dancing-and-movement,sensual-dancing
dancing-and-movement,sensual-movement
dancing-and-movement,sexual-dance-commands
dancing-and-movement,slow-sensual-pace
dancing-and-movement,social-dancing
deception-and-distrust,betrayal-of-trust
deception-and-distrust,broken-promises
deception-and-distrust,broken-trust
deception-and-distrust,confronting-deception
deception-and-distrust,deception
deception-and-distrust,deception-and-dishonesty
deception-and-distrust,deception-and-distrust
deception-and-distrust,deception-and-false-image
deception-and-distrust,deception-and-false-narratives
deception-and-distrust,deception-and-lying
deception-and-distrust,deception-and-manipulation
deception-and-distrust,deception-in-love
deception-and-distrust,discretion-in-relationships
deception-and-distrust,dishonesty-in-relationships
deception-and-distrust,distrust
deception-and-distrust,distrust-and-dishonesty
deception-and-distrust,distrust-and-entitlement
deception-and-distrust,distrust-and-isolation
deception-and-distrust,distrust-and-manipulation
deception-and-distrust,distrust-and-paranoia
deception-and-distrust,distrust-and-self-protection
deception-and-distrust,distrust-and-suspicion
deception-and-distrust,distrust-and-suspicious-behavior
deception-and-distrust,distrust-from-past-experience
deception-and-distrust,distrust-in-relationships
deception-and-distrust,distrust-of-entitlement
deception-and-distrust,distrust-of-fake-love
deception-and-distrust,distrust-of-lies
deception-and-distrust,distrust-of-others
deception-and-distrust,distrust-of-women
deception-and-distrust,doubt-and-suspicion
deception-and-distrust,emotional-deception
deception-and-distrust,emotional-dishonesty
deception-and-distrust,faith-and-trust
deception-and-distrust,fake-love-and-opportunism
deception-and-distrust,false-appearances
deception-and-distrust,false-promises
deception-and-distrust,false-promises-of-love
deception-and-distrust,forbidden-or-warned-against-relationship
deception-and-distrust,hidden-truth-and-deception
deception-and-distrust,honesty-with-loved-ones
deception-and-distrust,inauthenticity-in-relationships
deception-and-distrust,loneliness-and-distrust
deception-and-distrust,loss-of-trust
deception-and-distrust,love-as-deception
deception-and-distrust,male-deception
deception-and-distrust,manipulation-and-deception
deception-and-distrust,mutual-dishonesty
deception-and-distrust,mutual-trust-issues
deception-and-distrust,paranoia-and-distrust
deception-and-distrust,past-relationship-promises
deception-and-distrust,protecting-family-from-full-truth
deception-and-distrust,protecting-partner-from-past-relationships
deception-and-distrust,questioning-relationship-authenticity
deception-and-distrust,rejection-of-false-promises
deception-and-distrust,relationship-distrust
deception-and-distrust,relationship-honesty
deception-and-distrust,self-deception
deception-and-distrust,self-deception-and-lies
deception-and-distrust,social-mistrust
deception-and-distrust,suspicion-and-confrontation
deception-and-distrust,trust
deception-and-distrust,trust-and-honesty
deception-and-distrust,trust-and-respect
deception-and-distrust,trust-in-relationship
deception-and-distrust,trust-issues
deception-and-distrust,trust-over-love
deception-and-distrust,truth-and-deception
deception-and-distrust,unfulfilled-emotional-promises
defiance-and-rebellion,censorship-resistance
defiance-and-rebellion,cynicism-and-attitude
defiance-and-rebellion,cynicism-and-defiance
defiance-and-rebellion,defiance
defiance-and-rebellion,defiance-against-conformity
defiance-and-rebellion,defiance-and-aggression
defiance-and-rebellion,defiance-and-confidence
defiance-and-rebellion,defiance-and-confrontation
defiance-and-rebellion,defiance-and-dismissal
defiance-and-rebellion,defiance-and-fearlessness
defiance-and-rebellion,defiance-and-freedom
defiance-and-rebellion,defiance-and-independence
defiance-and-rebellion,defiance-and-joy
defiance-and-rebellion,defiance-and-nonconformity
defiance-and-rebellion,defiance-and-rebellion
defiance-and-rebellion,defiance-and-rejection
defiance-and-rebellion,defiance-and-self-assertion
defiance-and-rebellion,defiance-and-stubbornness
defiance-and-rebellion,defiance-of-authority
defiance-and-rebellion,defiance-of-critics
defiance-and-rebellion,defiance-of-enemies
defiance-and-rebellion,defiance-of-innocence
defiance-and-rebellion,defiance-of-outside-opinion
defiance-and-rebellion,defiance-of-social-norms
defiance-and-rebellion,freedom-and-rebellion
defiance-and-rebellion,hater-defiance
defiance-and-rebellion,ingratitude
defiance-and-rebellion,performative-rebellion
defiance-and-rebellion,pride-and-stubbornness
defiance-and-rebellion,rebellion-against-society
defiance-and-rebellion,rebellion-and-defiance
defiance-and-rebellion,rebellion-and-rule-breaking
defiance-and-rebellion,rebellious-attitude
defiance-and-rebellion,rebellious-energy
defiance-and-rebellion,rebellious-freedom
defiance-and-rebellion,rebellious-identity
defiance-and-rebellion,rebellious-spirit
defiance-and-rebellion,youthful-rebellion
denial-and-self-deception,coping-through-denial
denial-and-self-deception,deflection-and-denial
denial-and-self-deception,denial
denial-and-self-deception,denial-and-deception
denial-and-self-deception,denial-and-delusion
denial-and-self-deception,denial-and-dishonesty
denial-and-self-deception,denial-and-gaslighting
denial-and-self-deception,denial-and-healing
denial-and-self-deception,denial-and-pretense
denial-and-self-deception,denial-and-rationalization
denial-and-self-deception,denial-and-reassurance
denial-and-self-deception,denial-and-self-awareness
denial-and-self-deception,denial-and-self-deception
denial-and-self-deception,denial-of-reality
denial-and-self-deception,denial-vs-acceptance
denial-and-self-deception,gaslighting
denial-and-self-deception,pretending-and-denial
denial-and-self-deception,self-awareness-and-denial
denial-and-self-deception,self-awareness-of-denial
denial-and-self-deception,self-denial
desire-and-lust,body-heat-and-desire
desire-and-lust,dangerous-desire
desire-and-lust,demand-for-love-and-trust
desire-and-lust,desire
desire-and-lust,desire-and-fantasy
desire-and-lust,desire-and-lust
desire-and-lust,desire-and-offering
desire-and-lust,desire-and-passion
desire-and-lust,desire-and-pursuit
desire-and-lust,desire-and-want
desire-and-lust,desire-and-wanting
desire-and-lust,desire-for-affection
desire-and-lust,desire-for-authentic-affection
desire-and-lust,desire-for-commitment
desire-and-lust,desire-for-committed-love
desire-and-lust,desire-for-companionship
desire-and-lust,desire-for-reciprocal-love
desire-and-lust,desire-for-romantic-love
desire-and-lust,desire-for-self-love
desire-and-lust,desire-for-simple-love
desire-and-lust,desire-for-togetherness
desire-and-lust,desire-to-be-pursued
desire-and-lust,desire-to-stay-together
desire-and-lust,desperate-pursuit-of-love
desire-and-lust,forbidden-desire
desire-and-lust,intense-physical-desire
desire-and-lust,intense-romantic-desire
desire-and-lust,longing-and-pursuit
desire-and-lust,longing-for-commitment
desire-and-lust,longing-for-companionship
desire-and-lust,longing-for-togetherness
desire-and-lust,male-desire
desire-and-lust,male-desire-and-longing
desire-and-lust,male-pursuit-and-desire
desire-and-lust,need-for-genuine-love
desire-and-lust,need-for-love
desire-and-lust,passion-and-desire
desire-and-lust,physical-desire
desire-and-lust,pursuit-and-attraction
desire-and-lust,romantic-and-sexual-desire
desire-and-lust,romantic-desire
desire-and-lust,secret-desire
desire-and-lust,sexual-control-and-desire
desire-and-lust,sexual-desire
desire-and-lust,sexual-tension
desire-and-lust,sexual-tension-and-desire
desire-and-lust,suppressed-desire
desire-and-lust,sweetness-and-desire
desire-and-lust,unattainable-desires
desire-and-lust,uncontrollable-desire
desire-and-lust,uninhibited-desire
desire-and-lust,universal-human-need
desire-and-lust,unspoken-desire
devotion,commitment-and-devotion
devotion,complete-devotion
devotion,constant-devotion
devotion,dependency-and-devotion
devotion,desperate-devotion
devotion,devoted-waiting
devotion,devotion
devotion,devotion-and-admiration
devotion,devotion-and-adoration
devotion,devotion-and-attention
devotion,devotion-and-availability
devotion,devotion-and-belief
devotion,devotion-and-caregiving
devotion,devotion-and-commitment
devotion,devotion-and-destiny
devotion,devotion-and-honor
devotion,devotion-and-protection
devotion,devotion-and-reassurance
devotion,devotion-and-support
devotion,devotion-and-togetherness
devotion,devotion-and-trust
devotion,devotion-and-waiting
devotion,devotion-and-worship
devotion,devotion-beyond-death
devotion,end-of-world-devotion
devotion,enduring-devotion
devotion,exclusive-devotion
devotion,faith-and-devotion
devotion,family-devotion
devotion,gift-giving-and-devotion
devotion,heroic-devotion
devotion,life-or-death-devotion
devotion,longing-and-devotion
devotion,love-and-devotion
devotion,love-as-devotion
devotion,material-devotion
devotion,mutual-devotion
devotion,need-and-devotion
devotion,partner-devotion
devotion,playful-devotion
devotion,promise-of-devotion
devotion,promises-and-devotion
devotion,promises-of-devotion
devotion,protective-devotion
devotion,relationship-devotion
devotion,religious-devotion
devotion,romantic-devotion
devotion,singular-devotion
devotion,spiritual-devotion
devotion,time-and-devotion
devotion,total-devotion
devotion,unrequited-devotion
devotion,unrequited-sacrifice
devotion,worthiness-and-devotion
disappointment-and-failure,acceptance-of-an-ending
disappointment-and-failure,acceptance-of-ending
disappointment-and-failure,acceptance-of-fate
disappointment-and-failure,acceptance-of-inevitable-endings
disappointment-and-failure,acceptance-of-lifes-unpredictability
disappointment-and-failure,acceptance-of-lifes-ups-and-downs
disappointment-and-failure,afterglow-and-satisfaction
disappointment-and-failure,apocalyptic-ending
disappointment-and-failure,apocalyptic-fantasy
disappointment-and-failure,bad-luck-and-misfortune
disappointment-and-failure,bad-omens
disappointment-and-failure,bitter-consequences
disappointment-and-failure,blessing-and-destiny
disappointment-and-failure,childhood-and-innocence
disappointment-and-failure,crisis-of-faith
disappointment-and-failure,cupid-and-fate
disappointment-and-failure,dark-thoughts
disappointment-and-failure,dark-thoughts-and-emotional-vulnerability
disappointment-and-failure,darkness-and-moral-corruption
disappointment-and-failure,darkness-and-nihilism
disappointment-and-failure,darkness-and-struggle
disappointment-and-failure,darkness-to-light
disappointment-and-failure,denial-of-ending
disappointment-and-failure,destiny-and-fate
disappointment-and-failure,destiny-and-purpose
disappointment-and-failure,destruction-and-fire
disappointment-and-failure,destruction-as-emotional-release
disappointment-and-failure,destruction-of-the-enemy
disappointment-and-failure,destructive-behavior
disappointment-and-failure,destructive-breakup
disappointment-and-failure,disappointment-and-failure
disappointment-and-failure,disillusionment
disappointment-and-failure,disillusionment-and-resignation
disappointment-and-failure,disillusionment-with-existence
disappointment-and-failure,disillusionment-with-leadership
disappointment-and-failure,disillusionment-with-life
disappointment-and-failure,disillusionment-with-success
disappointment-and-failure,divine-destiny
disappointment-and-failure,divine-favor-and-downfall
disappointment-and-failure,divine-purpose-and-destiny
disappointment-and-failure,doom-and-foreboding
disappointment-and-failure,duality-of-good-and-evil
disappointment-and-failure,earthly-paradise
disappointment-and-failure,embracing-darkness
disappointment-and-failure,emotional-consequences-for-others
disappointment-and-failure,emotional-damage
disappointment-and-failure,emotional-darkness
disappointment-and-failure,emotional-darkness-and-despair
disappointment-and-failure,emotional-destruction
disappointment-and-failure,emotional-devastation
disappointment-and-failure,emotional-warmth-in-darkness
disappointment-and-failure,end-of-the-world-scenario
disappointment-and-failure,enemies-downfall
disappointment-and-failure,exposing-hidden-evil
disappointment-and-failure,fame-disillusionment
disappointment-and-failure,fate-and-acceptance
disappointment-and-failure,fate-and-destiny
disappointment-and-failure,fate-and-external-forces
disappointment-and-failure,fear-of-a-joyless-world
disappointment-and-failure,fear-of-prophecy
disappointment-and-failure,finding-light-in-darkness
disappointment-and-failure,forgotten-happiness
disappointment-and-failure,global-reach
disappointment-and-failure,growing-up-and-lost-innocence
disappointment-and-failure,hope-and-disappointment
disappointment-and-failure,hope-in-darkness
disappointment-and-failure,hostile-world
disappointment-and-failure,inevitable-downfall
disappointment-and-failure,inevitable-outcome
disappointment-and-failure,inner-darkness
disappointment-and-failure,inner-darkness-and-self-doubt
disappointment-and-failure,life-disappointments
disappointment-and-failure,light-overcoming-darkness
disappointment-and-failure,loss-of-childhood-innocence
disappointment-and-failure,loss-of-faith
disappointment-and-failure,loss-of-faith-and-renewal
disappointment-and-failure,loss-of-familiar-world
disappointment-and-failure,loss-of-hope
disappointment-and-failure,loss-of-innocence
disappointment-and-failure,loss-of-sanity
disappointment-and-failure,loss-of-self
disappointment-and-failure,lost-ambition
disappointment-and-failure,lost-happiness
disappointment-and-failure,lost-idealization
disappointment-and-failure,lost-innocence
disappointment-and-failure,lost-sense-of-self
disappointment-and-failure,mutual-destruction
disappointment-and-failure,one-sided-emotional-aftermath
disappointment-and-failure,overcoming-darkness
disappointment-and-failure,painful-lessons-learned
disappointment-and-failure,painful-memories
disappointment-and-failure,paradise-and-chaos
disappointment-and-failure,paradise-and-war
disappointment-and-failure,past-peak-humiliation
disappointment-and-failure,past-pride-and-downfall
disappointment-and-failure,prophecies-coming-true
disappointment-and-failure,prophecy-and-apocalypse
disappointment-and-failure,prophecy-coming-true
disappointment-and-failure,relief-and-no-regret
disappointment-and-failure,self-destruction
disappointment-and-failure,self-inflicted-consequences
disappointment-and-failure,spiritual-and-divine-purpose
disappointment-and-failure,total-devastation
disappointment-and-failure,triumph-and-vindication
disappointment-and-failure,us-against-the-world
disappointment-and-failure,violence-and-darkness
disappointment-and-failure,willing-self-destruction
disappointment-and-failure,world-weariness
disappointment-and-failure,wounded-pride
disappointment-and-failure,wrestling-with-darkness
dominance-and-power,confidence-and-dominance
dominance-and-power,confrontation-and-dominance
dominance-and-power,dominance-and-clout
dominance-and-power,dominance-and-confidence
dominance-and-power,dominance-and-control
dominance-and-power,dominance-and-intimidation
dominance-and-power,dominance-and-power
dominance-and-power,dominance-and-status
dominance-and-power,dominance-and-superiority
dominance-and-power,dominance-over-men
dominance-and-power,dominance-over-others
dominance-and-power,emotional-and-physical-dominance
dominance-and-power,emotional-and-physical-power-over-partner
dominance-and-power,emotional-power-dynamics
dominance-and-power,female-dominance
dominance-and-power,female-sexual-power
dominance-and-power,female-superiority-over-male-power
dominance-and-power,feminine-power
dominance-and-power,intimidation-and-dominance
dominance-and-power,irresistible-power
dominance-and-power,male-control-and-dominance
dominance-and-power,playful-power-dynamics
dominance-and-power,power-and-control
dominance-and-power,power-and-control-in-relationships
dominance-and-power,power-and-dominance
dominance-and-power,power-and-systemic-control
dominance-and-power,power-dynamic
dominance-and-power,power-dynamics
dominance-and-power,power-dynamics-in-romance
dominance-and-power,power-over-men
dominance-and-power,romantic-power-dynamic
dominance-and-power,royal-power-imagery
dominance-and-power,self-confidence-and-dominance
dominance-and-power,sexual-control-and-dominance
dominance-and-power,sexual-dominance
dominance-and-power,sexual-power
dominance-and-power,sexual-power-and-agency
dominance-and-power,sexual-power-and-dominance
dominance-and-power,violence-and-dominance
dream-and-awakening,awakening-and-empowerment
dream-and-awakening,awakening-and-resistance
dream-and-awakening,dream-and-awakening
dream-and-awakening,dream-imagery
dream-and-awakening,dream-vs-reality
dream-and-awakening,dreaming
dream-and-awakening,dreaming-and-awakening
dream-and-awakening,dreams-and-inner-struggle
dream-and-awakening,dreams-and-premonition
dream-and-awakening,dreams-versus-reality
dream-and-awakening,dreams-vs-reality
dream-and-awakening,emotional-awakening
dream-and-awakening,emotional-sleeplessness
dream-and-awakening,freedom-and-restlessness
dream-and-awakening,growing-up-and-lost-dreams
dream-and-awakening,inner-struggles-and-dreams
dream-and-awakening,insomnia-and-nightmares
dream-and-awakening,keeping-dreams-alive
dream-and-awakening,loneliness-and-lost-dreams
dream-and-awakening,lost-dreams
dream-and-awakening,magic-and-dreams
dream-and-awakening,nightmares-and-bad-dreams
dream-and-awakening,nightmares-and-sleep
dream-and-awakening,restless-energy
dream-and-awakening,restless-wandering
dream-and-awakening,restlessness
dream-and-awakening,restlessness-and-insomnia
dream-and-awakening,restlessness-and-moving-on
dream-and-awakening,restlessness-and-searching
dream-and-awakening,restlessness-and-wandering
dream-and-awakening,shared-dreams
dream-and-awakening,sleepless-nights
dream-and-awakening,sleeplessness
dream-and-awakening,sleeplessness-and-insomnia
dream-and-awakening,sleeplessness-and-obsession
dream-and-awakening,sleeplessness-and-restlessness
dream-and-awakening,spiritual-awakening
dream-and-awakening,unfulfilled-dreams-dont-matter
ex-moving-on,anger-at-ex-partner
ex-moving-on,anger-at-lover
ex-moving-on,blaming-an-ex
ex-moving-on,blaming-the-ex
ex-moving-on,blaming-the-lover
ex-moving-on,breakup-anger
ex-moving-on,complicated-ex-relationship
ex-moving-on,confrontation-with-ex
ex-moving-on,defiance-toward-ex
ex-moving-on,dismissal-of-ex
ex-moving-on,distraction-from-ex
ex-moving-on,ex-begging-for-reconciliation
ex-moving-on,ex-lover-dynamic
ex-moving-on,ex-lover-manipulation
ex-moving-on,ex-moving-on
ex-moving-on,ex-moving-on-quickly
ex-moving-on,ex-partner-moving-on
ex-moving-on,ex-reaching-out
ex-moving-on,ex-thriving-without-you
ex-moving-on,ex-trying-to-return
ex-moving-on,indifference-toward-ex
ex-moving-on,jealousy-over-ex
ex-moving-on,lingering-feelings-for-an-ex
ex-moving-on,lingering-love-for-an-ex
ex-moving-on,missing-an-ex
ex-moving-on,new-relationship-of-the-ex
ex-moving-on,obsession-over-ex
ex-moving-on,obsessive-thoughts-about-ex
ex-moving-on,obsessive-thoughts-of-an-ex
ex-moving-on,obsessive-thoughts-of-ex
ex-moving-on,outshining-an-ex
ex-moving-on,painful-proximity-to-ex
ex-moving-on,rejection-of-ex
ex-moving-on,rivalry-with-ex
ex-moving-on,running-into-an-ex
ex-moving-on,undeserving-ex-partner
ex-moving-on,unresolved-feelings-for-an-ex
ex-moving-on,warning-to-ex
ex-moving-on,wondering-about-an-ex
ex-moving-on,wondering-about-ex
faith-and-spirituality,answered-prayer
faith-and-spirituality,damnation-and-lost-soul
faith-and-spirituality,faith-and-afterlife
faith-and-spirituality,faith-and-belief
faith-and-spirituality,faith-and-mortality
faith-and-spirituality,faith-and-prayer
faith-and-spirituality,faith-and-religion
faith-and-spirituality,faith-and-spirituality
faith-and-spirituality,faith-and-values
faith-and-spirituality,faith-introduced-by-love
faith-and-spirituality,faith-refined-by-hardship
faith-and-spirituality,faith-refined-by-trial
faith-and-spirituality,family-and-faith
faith-and-spirituality,idol-worship
faith-and-spirituality,informal-spirituality
faith-and-spirituality,love-conquering-doubt
faith-and-spirituality,natural-world-as-sacred
faith-and-spirituality,neglected-religion
faith-and-spirituality,neglected-religious-practice
faith-and-spirituality,power-of-prayer
faith-and-spirituality,prayer-and-desperation
faith-and-spirituality,prayer-and-divine-intervention
faith-and-spirituality,prayer-and-empathy
faith-and-spirituality,prayer-and-empathy-for-others
faith-and-spirituality,prayer-and-faith
faith-and-spirituality,prayer-and-seeking-comfort
faith-and-spirituality,prayer-and-spirituality
faith-and-spirituality,religious-neglect
faith-and-spirituality,sacred-and-profane-blending
faith-and-spirituality,soul-possession
faith-and-spirituality,spiritual-commentary
faith-and-spirituality,spiritual-crisis
faith-and-spirituality,spiritual-doubt
faith-and-spirituality,spiritual-faith
faith-and-spirituality,spiritual-hardship
faith-and-spirituality,spiritual-healing
faith-and-spirituality,spiritual-questioning
faith-and-spirituality,spiritual-reckoning
faith-and-spirituality,spiritual-reflection
faith-and-spirituality,spiritual-salvation
faith-and-spirituality,spiritual-searching
faith-and-spirituality,spiritual-struggle
faith-and-spirituality,worship-through-struggle
false-friendship,companionship
false-friendship,complicated-friendship
false-friendship,coping-through-friendship
false-friendship,deep-friendship
false-friendship,distrust-and-fake-friends
false-friendship,fake-friends
false-friendship,fake-friends-and-betrayal
false-friendship,fake-friends-and-users
false-friendship,fake-friendship
false-friendship,false-friends-and-betrayal
false-friendship,false-friendship
false-friendship,false-friendship-and-betrayal
false-friendship,female-companionship
false-friendship,female-friendship
false-friendship,female-friendship-and-support
false-friendship,friends-with-benefits
false-friendship,friendship
false-friendship,friendship-and-growing-apart
false-friendship,friendship-and-guidance
false-friendship,friendship-and-social-bonds
false-friendship,friendship-and-social-frustration
false-friendship,friendship-and-support
false-friendship,jealousy-and-fake-friends
false-friendship,long-term-friendship
false-friendship,long-time-friendship
false-friendship,loss-of-friendship
false-friendship,mutual-support
false-friendship,rejection-of-false-friendship
false-friendship,rejection-of-friendship
false-friendship,resentment-toward-fake-friends
fame-and-status,authenticity-over-fame
fame-and-status,celebrity-and-public-attention
fame-and-status,celebrity-culture
fame-and-status,celebrity-culture-critique
fame-and-status,celebrity-excess
fame-and-status,celebrity-fantasy
fame-and-status,celebrity-isolation
fame-and-status,celebrity-lifestyle
fame-and-status,celebrity-scrutiny
fame-and-status,celebrity-status
fame-and-status,clout-and-attention
fame-and-status,clout-and-fame
fame-and-status,clout-and-imitation
fame-and-status,clout-and-influence
fame-and-status,clout-and-originality
fame-and-status,clout-and-status
fame-and-status,clout-and-success
fame-and-status,clout-chasing
fame-and-status,clout-chasing-and-fakeness
fame-and-status,clout-chasing-and-imitation
fame-and-status,exploitation-of-fame
fame-and-status,faded-celebrity
fame-and-status,fake-friends-and-clout-chasers
fame-and-status,fame-and-ambition
fame-and-status,fame-and-anonymity
fame-and-status,fame-and-attraction
fame-and-status,fame-and-career-pressure
fame-and-status,fame-and-celebrity
fame-and-status,fame-and-celebrity-lifestyle
fame-and-status,fame-and-ego
fame-and-status,fame-and-haters
fame-and-status,fame-and-identity
fame-and-status,fame-and-isolation
fame-and-status,fame-and-its-dangers
fame-and-status,fame-and-its-emptiness
fame-and-status,fame-and-its-hollowness
fame-and-status,fame-and-its-loneliness
fame-and-status,fame-and-legacy
fame-and-status,fame-and-media-attention
fame-and-status,fame-and-public-life
fame-and-status,fame-and-recognition
fame-and-status,fame-and-reputation
fame-and-status,fame-and-social-status
fame-and-status,fame-and-social-status-obsession
fame-and-status,fame-and-spectacle
fame-and-status,fame-and-status
fame-and-status,fame-and-success
fame-and-status,fame-and-visibility
fame-and-status,global-fame
fame-and-status,global-fame-and-travel
fame-and-status,imitation-and-clout
fame-and-status,local-celebrity
fame-and-status,loneliness-despite-fame
fame-and-status,money-and-success
fame-and-status,post-fame-freedom
fame-and-status,price-of-celebrity
fame-and-status,rise-to-fame
fame-and-status,rising-fame
fame-and-status,self-confidence-and-clout
fame-and-status,self-promotion
fame-and-status,self-promotion-and-celebrity
fame-and-status,self-promotion-and-fame
fame-and-status,social-media-and-clout
fame-and-status,social-media-clout
fame-and-status,social-media-fame
fame-and-status,spotlight-and-fame
fame-and-status,status-and-clout
fame-and-status,success-and-fame
fame-and-status,warning-against-chasing-fame
fame-and-status,warning-against-fame
fame-and-status,wealth-and-fame
family-and-distance,bachelor-lifestyle
family-and-distance,cherished-keepsakes-and-heritage
family-and-distance,commitment-and-moving-in-together
family-and-distance,coping-with-separation
family-and-distance,desire-to-leave-the-single-life
family-and-distance,distance-and-absence
family-and-distance,distance-and-separation
family-and-distance,distance-in-relationship
family-and-distance,domestic-comfort
family-and-distance,domestic-disarray
family-and-distance,domestic-life
family-and-distance,domestic-life-and-family
family-and-distance,emotional-distance
family-and-distance,emotional-relief-from-distance
family-and-distance,enduring-love-after-separation
family-and-distance,estrangement-and-reunion
family-and-distance,family-and-distance
family-and-distance,family-heritage-and-keepsakes
family-and-distance,hardship-of-leaving-home
family-and-distance,home-as-a-person
family-and-distance,home-is-wherever-you-roam
family-and-distance,home-transformed-by-absence
family-and-distance,homesickness-and-roots
family-and-distance,keeping-distance
family-and-distance,leaving-home
family-and-distance,leaving-relationships-behind
family-and-distance,leaving-single-life-behind
family-and-distance,life-after-separation
family-and-distance,life-without-a-partner
family-and-distance,long-distance-desire
family-and-distance,long-distance-emotional-disconnect
family-and-distance,long-distance-longing
family-and-distance,long-distance-relationship
family-and-distance,long-distance-separation
family-and-distance,moving-in-together
family-and-distance,painful-separation
family-and-distance,pursuit-and-distance
family-and-distance,rejecting-emotional-distance
family-and-distance,rejection-of-domesticity
family-and-distance,relief-at-not-having-children-together
family-and-distance,relocation-and-new-beginnings
family-and-distance,returning-home
family-and-distance,separation
family-and-distance,staying-home-together
family-and-distance,staying-in-together
family-and-distance,staying-together
family-and-distance,unbridgeable-distance
family-and-distance,unrecognizable-life-without-partner
family-and-distance,unwanted-intrusion-on-cherished-things
family-and-distance,wanting-distance-yet-closeness
family-and-fatherhood,adult-responsibilities
family-and-fatherhood,becoming-ones-parents
family-and-fatherhood,broken-family
family-and-fatherhood,caregiving-and-nurturing
family-and-fatherhood,child-protection
family-and-fatherhood,dysfunctional-family
family-and-fatherhood,family-and-children
family-and-fatherhood,family-and-fatherhood
family-and-fatherhood,family-and-home
family-and-fatherhood,family-and-support
family-and-fatherhood,family-approval
family-and-fatherhood,family-bonds
family-and-fatherhood,family-conflict
family-and-fatherhood,family-disapproval
family-and-fatherhood,family-disruption
family-and-fatherhood,family-dysfunction
family-and-fatherhood,family-relationships
family-and-fatherhood,family-structure
family-and-fatherhood,family-taboo
family-and-fatherhood,family-ties
family-and-fatherhood,fatherhood-amid-street-life
family-and-fatherhood,fatherhood-and-family
family-and-fatherhood,female-nurturing-role
family-and-fatherhood,generational-family
family-and-fatherhood,maternal-guidance
family-and-fatherhood,maternal-love
family-and-fatherhood,maternal-love-and-protection
family-and-fatherhood,maternal-validation
family-and-fatherhood,maternal-worry
family-and-fatherhood,mother-as-sole-provider
family-and-fatherhood,motherhood
family-and-fatherhood,motherhood-and-nurturing
family-and-fatherhood,multigenerational-family
family-and-fatherhood,parental-conflict
family-and-fatherhood,parental-disapproval
family-and-fatherhood,parental-love
family-and-fatherhood,parental-love-and-devotion
family-and-fatherhood,parental-responsibility
family-and-fatherhood,parental-struggle
family-and-fatherhood,parental-worry
family-and-fatherhood,parenthood
family-and-fatherhood,parenting-worries
family-and-fatherhood,protecting-your-child
family-and-fatherhood,providing-for-family
family-and-fatherhood,seeking-maternal-comfort
family-and-fatherhood,self-sufficiency-as-a-couple
family-and-fatherhood,shared-future-and-family
family-and-fatherhood,single-motherhood
family-and-fatherhood,troubled-family-relationships
fear-of-losing-love,danger-and-fear
fear-of-losing-love,fear-and-cold-feet
fear-of-losing-love,fear-and-danger
fear-of-losing-love,fear-and-intimidation
fear-of-losing-love,fear-and-mortality
fear-of-losing-love,fear-and-personal-growth
fear-of-losing-love,fear-and-survival
fear-of-losing-love,fear-of-abandonment
fear-of-losing-love,fear-of-attachment
fear-of-losing-love,fear-of-being-alone
fear-of-losing-love,fear-of-being-forgotten
fear-of-losing-love,fear-of-disappointment
fear-of-losing-love,fear-of-embarrassment
fear-of-losing-love,fear-of-fading
fear-of-losing-love,fear-of-failure
fear-of-losing-love,fear-of-failure-and-perseverance
fear-of-losing-love,fear-of-games-and-manipulation
fear-of-losing-love,fear-of-heartbreak
fear-of-losing-love,fear-of-hurting-a-partner
fear-of-losing-love,fear-of-loneliness
fear-of-losing-love,fear-of-losing-her
fear-of-losing-love,fear-of-losing-love
fear-of-losing-love,fear-of-losing-partner
fear-of-losing-love,fear-of-losing-relationship
fear-of-losing-love,fear-of-losing-someone
fear-of-losing-love,fear-of-losing-success
fear-of-losing-love,fear-of-loss
fear-of-losing-love,fear-of-love
fear-of-losing-love,fear-of-mediocrity
fear-of-losing-love,fear-of-public-embarrassment
fear-of-losing-love,fear-of-regret
fear-of-losing-love,fear-of-rejection
fear-of-losing-love,fear-of-relationship-failure
fear-of-losing-love,fear-of-repeating-past-mistakes
fear-of-losing-love,fear-of-ruining-love
fear-of-losing-love,fear-of-separation
fear-of-losing-love,fear-of-the-6
fear-of-losing-love,fear-of-the-unknown
fear-of-losing-love,fear-of-vulnerability
fear-of-losing-love,fearlessness
fear-of-losing-love,fearlessness-toward-death
fear-of-losing-love,female-insecurity
fear-of-losing-love,hesitation-and-caution
fear-of-losing-love,hesitation-to-reach-out
fear-of-losing-love,insecurity
fear-of-losing-love,insecurity-and-peer-pressure
fear-of-losing-love,insecurity-in-love
fear-of-losing-love,mutual-hesitation
fear-of-losing-love,nervousness-around-partner
fear-of-losing-love,overcoming-fear
fear-of-losing-love,overcoming-fear-and-struggle
fear-of-losing-love,overcoming-hesitation
fear-of-losing-love,relationship-anxiety
fear-of-losing-love,reluctant-going-out
fear-of-losing-love,romantic-insecurity
fear-of-losing-love,social-anxiety
fear-of-losing-love,social-anxiety-and-rejection
female-empowerment,black-economic-empowerment
female-empowerment,bodily-autonomy
female-empowerment,carefree-female-energy
female-empowerment,empowerment
female-empowerment,empowerment-and-freedom
female-empowerment,empowerment-and-letting-go
female-empowerment,empowerment-and-self-belief
female-empowerment,empowerment-through-love
female-empowerment,female-ambition
female-empowerment,female-ambition-and-leadership
female-empowerment,female-bodily-autonomy
female-empowerment,female-confidence-and-independence
female-empowerment,female-curves
female-empowerment,female-danger-and-unpredictability
female-empowerment,female-empowerment
female-empowerment,female-empowerment-and-ambition
female-empowerment,female-empowerment-and-hustle
female-empowerment,female-empowerment-and-self-worth
female-empowerment,female-empowerment-and-support
female-empowerment,female-financial-empowerment
female-empowerment,female-friendship-and-solidarity
female-empowerment,female-independence
female-empowerment,female-independence-and-self-sufficiency
female-empowerment,female-independence-and-style
female-empowerment,female-independence-and-success
female-empowerment,female-liberation-and-freedom
female-empowerment,female-liberation-and-independence
female-empowerment,female-predatory-sexuality
female-empowerment,female-relationships
female-empowerment,female-resilience
female-empowerment,female-sexual-agency
female-empowerment,female-sexual-empowerment
female-empowerment,female-solidarity
female-empowerment,female-subject-portrait
female-empowerment,free-spirited-woman
female-empowerment,hope-and-empowerment
female-empowerment,independent-woman
female-empowerment,misogyny
female-empowerment,misogyny-and-sexual-exploitation
female-empowerment,political-empowerment
female-empowerment,protecting-and-guiding-women
female-empowerment,pursuing-a-guarded-woman
female-empowerment,pursuing-women
female-empowerment,pursuit-of-women
female-empowerment,self-confidence-and-empowerment
female-empowerment,self-empowerment-and-confidence
female-empowerment,self-worth-and-empowerment
female-empowerment,sexual-autonomy
female-empowerment,sexual-empowerment
female-empowerment,sexual-freedom
female-empowerment,showing-a-woman-the-good-life
female-empowerment,solidarity-among-women
female-empowerment,western-cowgirl-imagery
female-empowerment,wild-free-spirited-woman
female-empowerment,womanizing
female-empowerment,womanizing-lifestyle
female-empowerment,women-and-relationships
female-empowerment,women-empowerment
female-empowerment,women-s-bodily-autonomy
female-empowerment,women-supporting-women
flirtation-and-seduction,bar-flirtation
flirtation-and-seduction,casual-closeness
flirtation-and-seduction,casual-encounters
flirtation-and-seduction,casual-hookup
flirtation-and-seduction,casual-hookups-and-situationships
flirtation-and-seduction,casual-physical-relationship
flirtation-and-seduction,casual-relationship
flirtation-and-seduction,casual-relationship-boundaries
flirtation-and-seduction,casual-relationship-dynamics
flirtation-and-seduction,casual-relationship-pain
flirtation-and-seduction,casual-relationships
flirtation-and-seduction,casual-relationships-as-coping
flirtation-and-seduction,casual-relationships-with-women
flirtation-and-seduction,casual-romance
flirtation-and-seduction,casual-sex
flirtation-and-seduction,casual-sexual-conquest
flirtation-and-seduction,casual-sexual-encounter
flirtation-and-seduction,casual-sexual-encounters
flirtation-and-seduction,casual-vs-deep-feelings
flirtation-and-seduction,celebrating-sexuality
flirtation-and-seduction,dancing-and-flirtation
flirtation-and-seduction,digital-flirtation
flirtation-and-seduction,emotional-games
flirtation-and-seduction,explicit-sexual-acts
flirtation-and-seduction,explicit-sexual-encounter
flirtation-and-seduction,family-humor
flirtation-and-seduction,female-sexual-skill
flirtation-and-seduction,flirtation
flirtation-and-seduction,flirtation-and-attraction
flirtation-and-seduction,flirtation-and-pursuit
flirtation-and-seduction,flirtation-and-seduction
flirtation-and-seduction,flirtatious-approach
flirtation-and-seduction,flirtatious-attention
flirtation-and-seduction,flirtatious-attraction
flirtation-and-seduction,flirtatious-invitation
flirtation-and-seduction,flirtatious-pursuit
flirtation-and-seduction,flirting-and-pursuit
flirtation-and-seduction,game-playing-in-relationships
flirtation-and-seduction,kink-and-bdsm
flirtation-and-seduction,love-games
flirtation-and-seduction,lovemaking
flirtation-and-seduction,material-seduction
flirtation-and-seduction,mind-games
flirtation-and-seduction,oral-sex
flirtation-and-seduction,performance-and-showmanship
flirtation-and-seduction,performative-femininity
flirtation-and-seduction,persuasion-and-seduction
flirtation-and-seduction,playful-game
flirtation-and-seduction,playful-intimacy
flirtation-and-seduction,playful-pursuit
flirtation-and-seduction,playful-relationship-dynamic
flirtation-and-seduction,playful-seduction
flirtation-and-seduction,playful-taunting
flirtation-and-seduction,playful-wordplay
flirtation-and-seduction,playfulness-and-humor
flirtation-and-seduction,playing-games-in-love
flirtation-and-seduction,playing-hard-to-get
flirtation-and-seduction,playing-the-field
flirtation-and-seduction,promiscuity
flirtation-and-seduction,promiscuity-and-casual-sex
flirtation-and-seduction,promiscuity-and-sexual-freedom
flirtation-and-seduction,promiscuity-as-coping
flirtation-and-seduction,provocative-seduction
flirtation-and-seduction,pursuit-and-flirtation
flirtation-and-seduction,pursuit-and-persuasion
flirtation-and-seduction,roleplay-and-kink
flirtation-and-seduction,romantic-and-sexual-conquest
flirtation-and-seduction,romantic-game-playing
flirtation-and-seduction,romantic-playfulness
flirtation-and-seduction,seduction
flirtation-and-seduction,seduction-and-attraction
flirtation-and-seduction,seduction-and-desire
flirtation-and-seduction,seduction-and-flirtation
flirtation-and-seduction,seduction-and-persuasion
flirtation-and-seduction,seduction-and-physical-attraction
flirtation-and-seduction,seduction-and-romance
flirtation-and-seduction,seduction-and-temptation
flirtation-and-seduction,seduction-invitation
flirtation-and-seduction,self-proclaimed-sexual-prowess
flirtation-and-seduction,sensory-seduction
flirtation-and-seduction,sexual-activity
flirtation-and-seduction,sexual-conquest
flirtation-and-seduction,sexual-desire-and-flirtation
flirtation-and-seduction,sexual-encounters
flirtation-and-seduction,sexual-explicitness
flirtation-and-seduction,sexual-flexibility-and-skill
flirtation-and-seduction,sexual-flirtation
flirtation-and-seduction,sexual-innuendo
flirtation-and-seduction,sexual-promiscuity
flirtation-and-seduction,sexual-prowess
flirtation-and-seduction,sexual-roleplay-and-kink
flirtation-and-seduction,sexual-solicitation
flirtation-and-seduction,sexual-teasing
flirtation-and-seduction,sexualidade-e-objetificação-feminina
flirtation-and-seduction,sexuality
flirtation-and-seduction,sexuality-and-relationships
flirtation-and-seduction,slow-seduction
flirtation-and-seduction,social-media-flirtation
flirtation-and-seduction,social-media-flirting
flirtation-and-seduction,spiritual-sexuality
flirtation-and-seduction,teasing-and-seduction
flirtation-and-seduction,women-and-casual-relationships
flirtation-and-seduction,women-and-sexual-conquest
flirtation-and-seduction,women-and-sexuality
freedom-and-escape,alcohol-as-escape
freedom-and-escape,breaking-free
freedom-and-escape,carefree-escape
freedom-and-escape,co-dependency-and-entrapment
freedom-and-escape,desire-for-escape
freedom-and-escape,desire-for-freedom
freedom-and-escape,desire-to-escape
freedom-and-escape,drug-use-as-escape
freedom-and-escape,entrapment-and-inability-to-escape
freedom-and-escape,escape-and-freedom
freedom-and-escape,escape-and-getaway
freedom-and-escape,escape-and-survival
freedom-and-escape,escape-from-lifestyle
freedom-and-escape,escape-from-old-life
freedom-and-escape,escape-from-reality
freedom-and-escape,false-sense-of-freedom
freedom-and-escape,fleeing-from-truth
freedom-and-escape,freedom
freedom-and-escape,freedom-and-encouragement
freedom-and-escape,freedom-and-escape
freedom-and-escape,freedom-and-fun
freedom-and-escape,freedom-and-letting-loose
freedom-and-escape,freedom-and-liberation
freedom-and-escape,freedom-and-pleasure
freedom-and-escape,freedom-and-wildness
freedom-and-escape,freedom-over-security
freedom-and-escape,futile-escape-attempts
freedom-and-escape,hidden-wild-side
freedom-and-escape,inability-to-escape
freedom-and-escape,inability-to-leave
freedom-and-escape,individual-freedom
freedom-and-escape,letting-loose
freedom-and-escape,longing-for-escape
freedom-and-escape,longing-for-freedom
freedom-and-escape,mental-escape
freedom-and-escape,newfound-freedom
freedom-and-escape,overdue-liberation
freedom-and-escape,relaxation-and-escape
freedom-and-escape,relief-and-freedom
freedom-and-escape,riding-and-freedom
freedom-and-escape,running-away
freedom-and-escape,running-from-love
freedom-and-escape,search-for-escape
freedom-and-escape,secret-escape
freedom-and-escape,self-liberation
freedom-and-escape,self-liberation-and-release
freedom-and-escape,stagnation-vs-escape
freedom-and-escape,substance-abuse-as-escape
freedom-and-escape,substance-use-as-escape
freedom-and-escape,survival-and-escape
freedom-and-escape,unapologetic-freedom
freedom-and-escape,uninhibited-freedom
freedom-and-escape,uninhibited-wildness
freedom-and-escape,wild-behavior
freedom-and-escape,wild-freedom
freedom-and-escape,wild-living
gratitude-and-appreciation,admiration-despite-differences
gratitude-and-appreciation,adoration
gratitude-and-appreciation,appreciation-of-life
gratitude-and-appreciation,devotion-and-gratitude
gratitude-and-appreciation,divine-gratitude
gratitude-and-appreciation,faith-and-gratitude
gratitude-and-appreciation,female-sexual-praise
gratitude-and-appreciation,gratitude
gratitude-and-appreciation,gratitude-and-appreciation
gratitude-and-appreciation,gratitude-and-contentment
gratitude-and-appreciation,gratitude-and-devotion
gratitude-and-appreciation,gratitude-and-roots
gratitude-and-appreciation,gratitude-and-spiritual-reflection
gratitude-and-appreciation,gratitude-for-life
gratitude-and-appreciation,gratitude-for-past-relationships
gratitude-and-appreciation,gratitude-for-simple-life
gratitude-and-appreciation,gratitude-in-love
gratitude-and-appreciation,gratitude-in-relationships
gratitude-and-appreciation,gratitude-to-god
gratitude-and-appreciation,mutual-admiration
gratitude-and-appreciation,nature-and-gratitude
gratitude-and-appreciation,praise-and-admiration
gratitude-and-appreciation,praise-and-validation
gratitude-and-appreciation,romantic-admiration
guilt-and-apology,accountability-and-confrontation
guilt-and-apology,apology-and-guilt
guilt-and-apology,apology-and-regret
guilt-and-apology,blame-and-accountability
guilt-and-apology,blame-shifting
guilt-and-apology,confession-and-guilt
guilt-and-apology,demand-for-accountability
guilt-and-apology,desire-for-accountability
guilt-and-apology,desire-for-forgiveness
guilt-and-apology,disavowal-of-responsibility
guilt-and-apology,dishonesty-and-neglect
guilt-and-apology,flowers-as-apology
guilt-and-apology,forgiveness
guilt-and-apology,forgiveness-and-divine-justice
guilt-and-apology,forgiveness-and-forgetting
guilt-and-apology,guilt-and-apology
guilt-and-apology,guilt-and-complicity
guilt-and-apology,guilt-and-conscience
guilt-and-apology,guilt-and-forgiveness
guilt-and-apology,guilt-and-infidelity
guilt-and-apology,guilt-and-moral-compromise
guilt-and-apology,guilt-and-moral-conflict
guilt-and-apology,guilt-and-redemption
guilt-and-apology,guilt-and-remorse
guilt-and-apology,guilt-and-secrets
guilt-and-apology,guilt-and-unworthiness
guilt-and-apology,longing-for-forgiveness
guilt-and-apology,longing-for-redemption
guilt-and-apology,manipulation-and-blame
guilt-and-apology,moving-on-and-forgiveness
guilt-and-apology,need-for-redemption
guilt-and-apology,neglect-of-responsibility
guilt-and-apology,parental-guilt-and-apology
guilt-and-apology,personal-growth-and-redemption
guilt-and-apology,personal-recovery
guilt-and-apology,personal-redemption
guilt-and-apology,plea-for-forgiveness
guilt-and-apology,prayer-and-forgiveness
guilt-and-apology,prayer-and-redemption
guilt-and-apology,redemption-and-damnation
guilt-and-apology,redemption-and-salvation
guilt-and-apology,regret-and-apology
guilt-and-apology,rejected-apology
guilt-and-apology,rejection-of-apology
guilt-and-apology,rejection-of-blame
guilt-and-apology,repeated-forgiveness
guilt-and-apology,seeking-forgiveness
guilt-and-apology,self-blame
guilt-and-apology,self-blame-and-low-self-worth
guilt-and-apology,self-blame-and-victimhood
guilt-and-apology,sin-and-redemption
guilt-and-apology,sin-and-salvation
guilt-and-apology,sin-and-spirituality
guilt-and-apology,taking-responsibility
guilt-and-apology,unapologetic-apology
haters-and-critics,clapping-back-at-critics
haters-and-critics,clapping-back-at-haters
haters-and-critics,critics-and-haters
haters-and-critics,dealing-with-haters
haters-and-critics,dismissal-of-haters
haters-and-critics,dismissing-critics
haters-and-critics,dismissing-critics-and-haters
haters-and-critics,dismissing-haters
haters-and-critics,envy-and-haters
haters-and-critics,fan-devotion
haters-and-critics,hater-dismissal
haters-and-critics,hater-doubt
haters-and-critics,hater-envy
haters-and-critics,hater-to-fan-conversion
haters-and-critics,haters-and-clones
haters-and-critics,haters-and-competition
haters-and-critics,haters-and-critics
haters-and-critics,haters-and-doubt
haters-and-critics,haters-and-enemies
haters-and-critics,haters-and-envy
haters-and-critics,haters-and-fake-love
haters-and-critics,haters-and-opposition
haters-and-critics,ignoring-criticism
haters-and-critics,indifference-to-criticism
haters-and-critics,mixed-feelings-about-fans
haters-and-critics,rising-above-haters
haters-and-critics,telling-haters-to-back-off
haters-and-critics,turning-haters-into-fans
heartbreak-and-grief,acceptance-of-loss
heartbreak-and-grief,all-consuming-grief
heartbreak-and-grief,anticipating-heartbreak
heartbreak-and-grief,breakup-and-heartbreak
heartbreak-and-grief,coping-with-loss
heartbreak-and-grief,cycle-of-breakups-and-makeups
heartbreak-and-grief,despair-and-hopelessness
heartbreak-and-grief,faith-and-heartbreak
heartbreak-and-grief,grief-and-death
heartbreak-and-grief,grief-and-loss
heartbreak-and-grief,grief-and-tears
heartbreak-and-grief,heartache-and-struggle
heartbreak-and-grief,heartbreak
heartbreak-and-grief,heartbreak-and-despair
heartbreak-and-grief,heartbreak-and-emotional-pain
heartbreak-and-grief,heartbreak-and-grief
heartbreak-and-grief,heartbreak-and-lingering-feelings
heartbreak-and-grief,heartbreak-and-loss
heartbreak-and-grief,heartbreak-and-lost-love
heartbreak-and-grief,heartbreak-and-moving-on
heartbreak-and-grief,heartbreak-and-not-moving-on
heartbreak-and-grief,heartbreak-and-pain
heartbreak-and-grief,heartbreak-and-regret
heartbreak-and-grief,heartbreak-and-resilience
heartbreak-and-grief,heartbreak-and-revenge
heartbreak-and-grief,heartbreak-and-separation
heartbreak-and-grief,heartbreak-and-suffering
heartbreak-and-grief,heartbreak-and-tears
heartbreak-and-grief,heartbreak-pain
heartbreak-and-grief,hidden-grief
heartbreak-and-grief,hidden-heartbreak
heartbreak-and-grief,hidden-sadness
heartbreak-and-grief,inevitable-heartbreak
heartbreak-and-grief,lingering-heartbreak
heartbreak-and-grief,loss-and-grief
heartbreak-and-grief,love-and-loss
heartbreak-and-grief,love-and-suffering
heartbreak-and-grief,mastery-of-loss
heartbreak-and-grief,moving-on-after-loss
heartbreak-and-grief,one-sided-grief
heartbreak-and-grief,past-heartbreak
heartbreak-and-grief,personal-growth-through-heartbreak
heartbreak-and-grief,physical-aftermath-of-grief
heartbreak-and-grief,physical-metaphor-for-grief
heartbreak-and-grief,physical-pain-of-grief
heartbreak-and-grief,repeated-heartbreak
heartbreak-and-grief,resilience-after-heartbreak
heartbreak-and-grief,resilience-after-loss
heartbreak-and-grief,romantic-relationships-and-breakups
heartbreak-and-grief,sadness-and-despair
heartbreak-and-grief,sadness-and-melancholy
heartbreak-and-grief,silent-grief
heartbreak-and-grief,suppressed-grief
heartbreak-and-grief,unexpected-grief
heartbreak-and-grief,unhealed-heartbreak
heartbreak-and-grief,unpreparedness-for-loss
heartbreak-and-grief,unreciprocated-grief
hidden-emotional-struggle,actions-over-words
hidden-emotional-struggle,actions-speak-louder-than-words
hidden-emotional-struggle,ambivalence-about-love
hidden-emotional-struggle,avoidance-and-denial
hidden-emotional-struggle,avoidance-of-feelings
hidden-emotional-struggle,changed-feelings
hidden-emotional-struggle,concealed-feelings
hidden-emotional-struggle,confessing-feelings
hidden-emotional-struggle,confessing-unexpected-feelings
hidden-emotional-struggle,conflicted-feelings
hidden-emotional-struggle,coping-with-avoidance
hidden-emotional-struggle,day-to-night-emotional-spiral
hidden-emotional-struggle,declarations-of-love
hidden-emotional-struggle,denial-and-avoidance
hidden-emotional-struggle,denial-of-feelings
hidden-emotional-struggle,difficulty-expressing-feelings
hidden-emotional-struggle,difficulty-expressing-love
hidden-emotional-struggle,drowning-sorrows
hidden-emotional-struggle,emotional-abuse-and-suffering
hidden-emotional-struggle,emotional-ambivalence
hidden-emotional-struggle,emotional-ambivalence-in-love
hidden-emotional-struggle,emotional-attunement
hidden-emotional-struggle,emotional-avoidance
hidden-emotional-struggle,emotional-brokenness
hidden-emotional-struggle,emotional-burden
hidden-emotional-struggle,emotional-caution
hidden-emotional-struggle,emotional-coldness
hidden-emotional-struggle,emotional-coldness-of-the-other
hidden-emotional-struggle,emotional-complexity
hidden-emotional-struggle,emotional-concealment
hidden-emotional-struggle,emotional-conflict
hidden-emotional-struggle,emotional-conflict-and-guilt
hidden-emotional-struggle,emotional-confusion
hidden-emotional-struggle,emotional-contradiction
hidden-emotional-struggle,emotional-danger
hidden-emotional-struggle,emotional-distress
hidden-emotional-struggle,emotional-drowning
hidden-emotional-struggle,emotional-duality
hidden-emotional-struggle,emotional-free-spiritedness
hidden-emotional-struggle,emotional-freedom
hidden-emotional-struggle,emotional-freefall
hidden-emotional-struggle,emotional-hardness
hidden-emotional-struggle,emotional-heaviness-and-relief
hidden-emotional-struggle,emotional-highs-and-lows
hidden-emotional-struggle,emotional-highs-and-pain
hidden-emotional-struggle,emotional-hot-and-cold
hidden-emotional-struggle,emotional-imbalance-in-relationship
hidden-emotional-struggle,emotional-immaturity
hidden-emotional-struggle,emotional-independence
hidden-emotional-struggle,emotional-investment
hidden-emotional-struggle,emotional-investment-and-loss
hidden-emotional-struggle,emotional-labor
hidden-emotional-struggle,emotional-labor-burden
hidden-emotional-struggle,emotional-limitation
hidden-emotional-struggle,emotional-lostness
hidden-emotional-struggle,emotional-need
hidden-emotional-struggle,emotional-pain
hidden-emotional-struggle,emotional-pain-and-depression
hidden-emotional-struggle,emotional-pain-and-sadness
hidden-emotional-struggle,emotional-pain-and-scarring
hidden-emotional-struggle,emotional-pain-and-trauma
hidden-emotional-struggle,emotional-pain-as-rain
hidden-emotional-struggle,emotional-paralysis
hidden-emotional-struggle,emotional-regression
hidden-emotional-struggle,emotional-resilience
hidden-emotional-struggle,emotional-risk
hidden-emotional-struggle,emotional-risk-taking
hidden-emotional-struggle,emotional-rock-bottom
hidden-emotional-struggle,emotional-scarring
hidden-emotional-struggle,emotional-stagnation
hidden-emotional-struggle,emotional-struggle
hidden-emotional-struggle,emotional-struggle-beneath-the-surface
hidden-emotional-struggle,emotional-suffering
hidden-emotional-struggle,emotional-suffocation
hidden-emotional-struggle,emotional-suppression
hidden-emotional-struggle,emotional-survival
hidden-emotional-struggle,emotional-torment
hidden-emotional-struggle,emotional-toughness
hidden-emotional-struggle,emotional-unavailability
hidden-emotional-struggle,emotional-volatility
hidden-emotional-struggle,emotional-withholding
hidden-emotional-struggle,expressing-feelings
hidden-emotional-struggle,expressing-love-before-its-too-late
hidden-emotional-struggle,expressing-love-openly
hidden-emotional-struggle,forced-emotional-denial
hidden-emotional-struggle,hidden-emotional-struggle
hidden-emotional-struggle,hidden-feelings
hidden-emotional-struggle,hiding-true-feelings
hidden-emotional-struggle,inescapable-emotion
hidden-emotional-struggle,love-hate-ambivalence
hidden-emotional-struggle,love-hate-conflict
hidden-emotional-struggle,mental-burden
hidden-emotional-struggle,mixed-feelings
hidden-emotional-struggle,new-feelings
hidden-emotional-struggle,overwhelming-emotion
hidden-emotional-struggle,overwhelming-emotions
hidden-emotional-struggle,refusing-false-comfort
hidden-emotional-struggle,romantic-confession
hidden-emotional-struggle,suppressed-anger
hidden-emotional-struggle,suppressed-emotions
hidden-emotional-struggle,suppressed-feelings
hidden-emotional-struggle,taking-emotional-risks
hidden-emotional-struggle,unexpressed-feelings
hidden-emotional-struggle,unresolved-feelings
hidden-emotional-struggle,unsent-feelings
hidden-emotional-struggle,unsent-messages-and-unexpressed-feelings
hope-and-optimism,belief-and-wonder
hope-and-optimism,cautious-optimism
hope-and-optimism,everyday-optimism
hope-and-optimism,foolish-hope
hope-and-optimism,forced-optimism
hope-and-optimism,future-optimism-and-wealth
hope-and-optimism,hope-amid-crisis
hope-and-optimism,hope-amid-despair
hope-and-optimism,hope-amid-pain
hope-and-optimism,hope-amid-struggle
hope-and-optimism,hope-amid-vastness
hope-and-optimism,hope-and-change
hope-and-optimism,hope-and-disillusionment
hope-and-optimism,hope-and-dreams
hope-and-optimism,hope-and-encouragement
hope-and-optimism,hope-and-optimism
hope-and-optimism,hope-and-wishful-thinking
hope-and-optimism,hope-beyond-this-life
hope-and-optimism,hope-despite-flaws
hope-and-optimism,hope-for-a-better-future
hope-and-optimism,hope-for-a-better-life
hope-and-optimism,hope-for-afterlife
hope-and-optimism,hope-for-change
hope-and-optimism,hope-for-change-of-heart
hope-and-optimism,hope-for-others
hope-and-optimism,hope-through-connection
hope-and-optimism,hoping-for-better-days
hope-and-optimism,inner-hope-and-optimism
hope-and-optimism,letting-go-of-hope
hope-and-optimism,lost-hope
hope-and-optimism,optimism
hope-and-optimism,optimism-about-the-future
hope-and-optimism,optimism-and-hope
hope-and-optimism,optimism-and-wonder
hope-and-optimism,optimism-through-struggle
hope-and-optimism,romantic-optimism
hope-and-optimism,uncertainty-about-the-future
hope-and-optimism,yearning-for-hope
human-connection,anonymous-fleeting-connection
human-connection,connection-through-movement
human-connection,deep-connection
human-connection,deep-emotional-connection
human-connection,desire-for-connection
human-connection,desire-for-deeper-connection
human-connection,desire-for-genuine-connection
human-connection,desperate-longing-for-connection
human-connection,digital-connection
human-connection,digital-to-real-connection
human-connection,emotional-connection
human-connection,eternal-connection
human-connection,exclusive-connection
human-connection,exclusivity-of-connection
human-connection,eye-contact-and-connection
human-connection,failed-reconnection
human-connection,fleeting-connection
human-connection,fleeting-transient-connection
human-connection,hesitation-to-reconnect
human-connection,human-connection
human-connection,instant-connection
human-connection,longing-for-authentic-connection
human-connection,longing-for-connection
human-connection,lost-connection
human-connection,magnetic-connection
human-connection,missed-connection
human-connection,nonverbal-connection
human-connection,nonverbal-understanding
human-connection,physical-vs-emotional-connection
human-connection,plug-connect
human-connection,searching-for-connection
human-connection,shared-connection
human-connection,social-connections
human-connection,special-connection
human-connection,spiritual-connection
human-connection,stranger-connection
human-connection,telepathic-connection
human-connection,unexpected-connection
human-connection,unresolved-connection
human-connection,unspoken-connection
human-connection,virtual-vs-real-connection
hustle-and-money,ambition-and-grind
hustle-and-money,ambition-and-hustle
hustle-and-money,criminal-hustle
hustle-and-money,drug-dealing
hustle-and-money,drug-dealing-and-hustle
hustle-and-money,drug-trade
hustle-and-money,drug-trade-and-hustle
hustle-and-money,drug-trafficking
hustle-and-money,hard-work-and-ambition
hustle-and-money,hard-work-and-community
hustle-and-money,hard-work-and-dedication
hustle-and-money,hard-work-and-grind
hustle-and-money,hard-work-and-sacrifice
hustle-and-money,hustle-and-ambition
hustle-and-money,hustle-and-grind
hustle-and-money,hustle-and-hard-work
hustle-and-money,hustle-and-money
hustle-and-money,hustle-and-providing
hustle-and-money,hustle-and-self-made-success
hustle-and-money,hustle-and-self-reliance
hustle-and-money,hustle-and-survival
hustle-and-money,hustle-and-work-ethic
hustle-and-money,hustle-mentality
hustle-and-money,hustler-mentality
hustle-and-money,hustling-from-poverty-to-success
hustle-and-money,money-and-street-hustle
hustle-and-money,money-and-time
hustle-and-money,money-hustle
hustle-and-money,money-hustling
hustle-and-money,professional-hustle
hustle-and-money,self-determination-and-hustle
hustle-and-money,self-made-hustle
hustle-and-money,self-made-hustler-identity
hustle-and-money,street-hustle
hustle-and-money,street-hustle-and-come-up
hustle-and-money,street-hustle-and-dealing
hustle-and-money,street-hustle-and-drug-trade
hustle-and-money,street-hustling
hustle-and-money,street-hustling-and-drug-dealing
hustle-and-money,street-life-and-hustle
hustle-and-money,street-life-and-hustling
idealized-beauty,angelic-imagery
idealized-beauty,angelic-yet-worldly-woman
idealized-beauty,beauty-in-everyday-moments
idealized-beauty,beauty-of-the-beloved
idealized-beauty,divine-affirmation
idealized-beauty,divine-beauty
idealized-beauty,divine-creation
idealized-beauty,divine-faithfulness
idealized-beauty,divine-feminine
idealized-beauty,false-reality
idealized-beauty,fantasy-and-curiosity
idealized-beauty,fantasy-and-idealization
idealized-beauty,fantasy-and-imagination
idealized-beauty,fantasy-and-self-delusion
idealized-beauty,fantasy-vs-reality
idealized-beauty,goddess-divinity
idealized-beauty,heavenly-imagery
idealized-beauty,ideal-partner
idealized-beauty,idealization-of-a-person
idealized-beauty,idealization-of-a-woman
idealized-beauty,idealization-of-lover
idealized-beauty,idealization-of-partner
idealized-beauty,idealized-beauty
idealized-beauty,idealized-love
idealized-beauty,idealized-love-fantasy
idealized-beauty,idealized-partner
idealized-beauty,idealized-perfection
idealized-beauty,idealized-relationship
idealized-beauty,idealized-romance
idealized-beauty,idealized-self-image
idealized-beauty,inner-beauty
idealized-beauty,lover-idealized
idealized-beauty,luminous-beauty
idealized-beauty,moving-on-narratives
idealized-beauty,narrative-closure
idealized-beauty,natural-beauty
idealized-beauty,natural-beauty-and-freedom
idealized-beauty,natural-beauty-and-imagery
idealized-beauty,natural-beauty-and-intimacy
idealized-beauty,perfection-in-love
idealized-beauty,places-tainted-by-love
idealized-beauty,playfulness-and-fantasy
idealized-beauty,prophetic-self-image
idealized-beauty,rejecting-the-damsel-in-distress-trope
idealized-beauty,rejecting-unrealistic-ideals
idealized-beauty,religious-imagery
idealized-beauty,romantic-fantasy-vs-reality
idealized-beauty,scenic-beauty-overshadowed-by-love
idealized-beauty,scenic-moments
idealized-beauty,space-and-celestial-imagery
idealized-beauty,stargazing-imagery
idealized-beauty,subverting-fairy-tale-tropes
idealized-beauty,wish-fulfillment
idealized-beauty,wish-fulfillment-fantasy
impermanence,acceptance-of-absence
impermanence,angelic-presence
impermanence,being-seen-and-invisible
impermanence,body-exploration
impermanence,body-movement
impermanence,boundary-setting
impermanence,building-a-new-foundation
impermanence,chaos-and-confusion
impermanence,chaotic-energy
impermanence,chaotic-energy-and-unpredictability
impermanence,chaotic-spectacle-of-life
impermanence,chaotic-tense-atmosphere
impermanence,crisis-and-collapse
impermanence,cycle-of-repetition
impermanence,dark-supernatural-imagery
impermanence,deja-vu-and-repetition
impermanence,enduring-presence
impermanence,energetic-momentum
impermanence,energy-and-vitality
impermanence,euphoria-and-transcendence
impermanence,fading-and-wear
impermanence,fading-love
impermanence,fading-vitality
impermanence,falling-apart
impermanence,feeling-invisible
impermanence,feeling-invisible-and-worthless
impermanence,feeling-seen
impermanence,feeling-unseen
impermanence,finding-meaning-in-chaos
impermanence,fleeting-presence
impermanence,freedom-and-elevation
impermanence,freedom-and-transcendence
impermanence,fresh-start
impermanence,getting-ready
impermanence,getting-ready-ritual
impermanence,glow-up
impermanence,golden-hour
impermanence,golden-hour-light
impermanence,heat-and-energy
impermanence,hype-energy
impermanence,hypnotic-presence
impermanence,idealized-memory
impermanence,illusion-and-self-deception
impermanence,impermanence
impermanence,impermanence-of-things
impermanence,inescapable-memory
impermanence,initiation-ritual
impermanence,inner-depth-and-persistence
impermanence,invisibility-and-neglect
impermanence,invisibility-in-a-relationship
impermanence,irresistibility
impermanence,landscape-as-memory
impermanence,lingering-physical-presence
impermanence,lingering-presence
impermanence,magic-and-illusion
impermanence,magic-and-spells
impermanence,magic-illusion-disappearance
impermanence,magical-atmosphere
impermanence,magical-feeling
impermanence,manifestation
impermanence,manifestation-and-self-belief
impermanence,manipulation-and-illusion
impermanence,mindfulness-and-presence
impermanence,new-beginnings
impermanence,new-perspective
impermanence,nonstop-energy
impermanence,on-again-off-again-cycle
impermanence,orange-as-symbol
impermanence,outdoor-recreation
impermanence,physical-movement
impermanence,power-and-energy
impermanence,presence-and-togetherness
impermanence,presence-over-absence
impermanence,presence-over-place
impermanence,radiance-and-light
impermanence,refusing-to-repeat-mistakes
impermanence,repeated-chances
impermanence,repeated-desire-for-more
impermanence,repeated-mistakes
impermanence,repetition-and-obsession
impermanence,repetition-and-play
impermanence,repetitive-cycles
impermanence,rhythmic-repetition
impermanence,selective-memory
impermanence,self-display
impermanence,self-elevation
impermanence,solid-foundation
impermanence,spiritual-and-mystical-power
impermanence,sunshine-and-brightness
impermanence,supernatural-atmosphere
impermanence,supernatural-gift
impermanence,surviving-chaos
impermanence,the-blues
impermanence,trance-and-enchantment
impermanence,transcendence-and-euphoria
impermanence,transcendence-and-heaven
impermanence,transformation-through-presence
impermanence,transience
impermanence,transience-of-wealth
impermanence,turbulent-feelings
impermanence,unavoidable-memory
impermanence,unpredictability
impermanence,unpredictability-of-self
impermanence,unreliability-of-others
impermanence,unreliability-of-people
impermanence,unstoppable-energy-and-momentum
impermanence,untameable-nature
impermanence,watching-everything-crumble
impermanence,weightlessness-and-freedom
impermanence,wind-as-driving-force
impermanence,wonder-and-enchantment
independence-and-self-reliance,attraction-to-independence
independence-and-self-reliance,co-dependency
independence-and-self-reliance,codependency
independence-and-self-reliance,dependence-on-a-partner
independence-and-self-reliance,dependency-and-attachment
independence-and-self-reliance,dependency-and-emptiness
independence-and-self-reliance,dependency-on-a-loved-one
independence-and-self-reliance,dependency-on-a-lover
independence-and-self-reliance,dependency-on-a-partner
independence-and-self-reliance,dependency-on-a-person
independence-and-self-reliance,dependency-on-lover
independence-and-self-reliance,dependency-paradox
independence-and-self-reliance,emotional-dependence
independence-and-self-reliance,emotional-dependency
independence-and-self-reliance,freedom-and-independence
independence-and-self-reliance,independence
independence-and-self-reliance,independence-and-control
independence-and-self-reliance,independence-and-freedom
independence-and-self-reliance,independence-and-power
independence-and-self-reliance,independence-and-self-reliance
independence-and-self-reliance,independence-and-self-sufficiency
independence-and-self-reliance,independence-and-solo-lifestyle
independence-and-self-reliance,independence-and-unavailability
independence-and-self-reliance,independence-from-men
independence-and-self-reliance,loss-of-independence
independence-and-self-reliance,mutual-dependency
independence-and-self-reliance,neediness-and-dependency
independence-and-self-reliance,ownership-and-independence
independence-and-self-reliance,romantic-dependence
independence-and-self-reliance,self-determination
independence-and-self-reliance,self-independence
independence-and-self-reliance,self-made-independence
independence-and-self-reliance,self-reliance
independence-and-self-reliance,self-reliance-and-independence
independence-and-self-reliance,self-reliance-and-vigilance
independence-and-self-reliance,self-sufficiency
independence-and-self-reliance,self-sufficiency-and-confidence
independence-and-self-reliance,self-sufficiency-and-fearlessness
independence-and-self-reliance,self-sufficiency-and-independence
independence-and-self-reliance,self-worth-and-independence
individual-identity,american-identity
individual-identity,authentic-identity
individual-identity,barbie-identity
individual-identity,broken-identity
individual-identity,false-identity
individual-identity,genetic-identity
individual-identity,identity-and-destiny
individual-identity,identity-and-image
individual-identity,identity-and-interchangeability
individual-identity,identity-and-self
individual-identity,identity-and-self-definition
individual-identity,identity-and-self-image
individual-identity,identity-crisis
individual-identity,identity-erasure
individual-identity,identity-in-god
individual-identity,identity-loss
individual-identity,identity-under-pressure
individual-identity,individual-identity
individual-identity,loss-of-identity
individual-identity,material-identity
individual-identity,misunderstood-identity
individual-identity,open-mindedness-toward-origins
individual-identity,outlaw-identity
individual-identity,overcoming-hidden-identity
individual-identity,performer-identity
individual-identity,personal-identity
individual-identity,personification-of-substance
individual-identity,racial-and-political-identity
individual-identity,racial-identity
individual-identity,rediscovering-identity
individual-identity,redneck-identity
individual-identity,savage-identity
individual-identity,self-expression-and-identity
individual-identity,self-made-identity
individual-identity,self-worth-and-identity
individual-identity,spiritual-identity
individual-identity,zodiac-identity
inner-mental-turmoil,adult-stress-and-anxiety
inner-mental-turmoil,altered-mental-state
inner-mental-turmoil,anxiety-and-fear
inner-mental-turmoil,anxiety-and-mental-struggle
inner-mental-turmoil,anxiety-and-overthinking
inner-mental-turmoil,anxiety-and-overwhelm
inner-mental-turmoil,anxiety-and-panic
inner-mental-turmoil,anxiety-and-worry
inner-mental-turmoil,avoidance-of-reminders
inner-mental-turmoil,avoidance-of-triggers
inner-mental-turmoil,being-mesmerized
inner-mental-turmoil,conflict-and-arguing
inner-mental-turmoil,conflict-and-arguments
inner-mental-turmoil,conflict-and-fighting
inner-mental-turmoil,depression-and-mental-anguish
inner-mental-turmoil,depression-and-mental-health
inner-mental-turmoil,disorientation
inner-mental-turmoil,disorientation-and-vulnerability
inner-mental-turmoil,distraction-and-entertainment
inner-mental-turmoil,distraction-and-reflection
inner-mental-turmoil,eating-disorder
inner-mental-turmoil,eating-disorders
inner-mental-turmoil,effort-and-exhaustion
inner-mental-turmoil,emotional-breakdown
inner-mental-turmoil,emotional-collapse
inner-mental-turmoil,emotional-deterioration
inner-mental-turmoil,emotional-distraction
inner-mental-turmoil,emotional-exhaustion
inner-mental-turmoil,emotional-instability
inner-mental-turmoil,emotional-overwhelm
inner-mental-turmoil,emotional-turmoil
inner-mental-turmoil,frustration-and-exhaustion
inner-mental-turmoil,futility-of-distraction
inner-mental-turmoil,hidden-inner-struggle
inner-mental-turmoil,hidden-inner-turmoil
inner-mental-turmoil,inner-conflict
inner-mental-turmoil,inner-conflict-and-demons
inner-mental-turmoil,inner-demons
inner-mental-turmoil,inner-demons-and-struggle
inner-mental-turmoil,inner-mental-turmoil
inner-mental-turmoil,inner-rage
inner-mental-turmoil,inner-struggle
inner-mental-turmoil,inner-turmoil
inner-mental-turmoil,inner-voices
inner-mental-turmoil,internal-conflict
inner-mental-turmoil,losing-inhibitions
inner-mental-turmoil,love-and-conflict
inner-mental-turmoil,male-struggle-and-suicide
inner-mental-turmoil,mental-anguish
inner-mental-turmoil,mental-breakdown
inner-mental-turmoil,mental-deterioration
inner-mental-turmoil,mental-exhaustion
inner-mental-turmoil,mental-health-awareness
inner-mental-turmoil,mental-health-crisis
inner-mental-turmoil,mental-health-struggle
inner-mental-turmoil,mental-health-struggles
inner-mental-turmoil,mental-instability
inner-mental-turmoil,mental-intrusion
inner-mental-turmoil,mental-overwhelm
inner-mental-turmoil,mental-struggle
inner-mental-turmoil,mental-struggle-and-survival
inner-mental-turmoil,mental-unraveling
inner-mental-turmoil,mind-reading
inner-mental-turmoil,mindfulness-and-breathing
inner-mental-turmoil,obsessive-thinking
inner-mental-turmoil,obsessive-thoughts
inner-mental-turmoil,overthinking
inner-mental-turmoil,physical-manifestation-of-anxiety
inner-mental-turmoil,repetitive-conflict
inner-mental-turmoil,rumination
inner-mental-turmoil,seeking-distraction
inner-mental-turmoil,self-discipline-through-repetition
inner-mental-turmoil,sexual-exhaustion
inner-mental-turmoil,staying-alert-and-grinding
inner-mental-turmoil,staying-awake-and-alert
inner-mental-turmoil,staying-grounded
inner-mental-turmoil,stress-and-exhaustion
inner-mental-turmoil,suicidal-despair
inner-mental-turmoil,suicidal-ideation
inner-mental-turmoil,suicidal-ideation-and-despair
inner-mental-turmoil,survival-and-vigilance
inner-mental-turmoil,tension-and-conflict
inner-mental-turmoil,unwanted-intrusive-thoughts
inner-mental-turmoil,vigilance
inner-mental-turmoil,vigilance-and-alertness
intimacy-and-connection,aftermath-of-intimacy
intimacy-and-connection,anonymous-intimacy
intimacy-and-connection,anticipation-of-intimacy
intimacy-and-connection,betrayal-of-shared-intimacy
intimacy-and-connection,carefree-intimacy
intimacy-and-connection,comfort-in-intimacy
intimacy-and-connection,desire-and-intimacy
intimacy-and-connection,desire-for-closeness
intimacy-and-connection,desire-for-intimacy
intimacy-and-connection,desire-for-physical-intimacy
intimacy-and-connection,domestic-intimacy
intimacy-and-connection,emotional-connection-through-sex
intimacy-and-connection,emotional-intimacy
intimacy-and-connection,everyday-intimacy
intimacy-and-connection,fading-intimacy
intimacy-and-connection,fleeting-intimacy
intimacy-and-connection,hidden-intimacy
intimacy-and-connection,intimacy
intimacy-and-connection,intimacy-and-closeness
intimacy-and-connection,intimacy-and-companionship
intimacy-and-connection,intimacy-and-connection
intimacy-and-connection,intimacy-and-desire
intimacy-and-connection,intimacy-and-domesticity
intimacy-and-connection,intimacy-and-hookup
intimacy-and-connection,intimacy-and-loss
intimacy-and-connection,intimacy-and-privacy
intimacy-and-connection,intimacy-and-romance
intimacy-and-connection,intimacy-and-sensuality
intimacy-and-connection,intimacy-and-togetherness
intimacy-and-connection,intimacy-and-warmth
intimacy-and-connection,intimate-connection
intimacy-and-connection,intimate-familiarity
intimacy-and-connection,invitation-to-intimacy
intimacy-and-connection,isolation-with-lover
intimacy-and-connection,longing-for-closeness
intimacy-and-connection,longing-for-intimacy
intimacy-and-connection,longing-for-physical-closeness
intimacy-and-connection,longing-for-physical-presence
intimacy-and-connection,loss-of-intimacy
intimacy-and-connection,passionate-intimacy
intimacy-and-connection,physical-and-emotional-intimacy
intimacy-and-connection,physical-closeness
intimacy-and-connection,physical-intimacy
intimacy-and-connection,private-intimacy
intimacy-and-connection,quarantine-intimacy
intimacy-and-connection,recording-intimacy
intimacy-and-connection,recording-sexual-encounters
intimacy-and-connection,relationship-intimacy
intimacy-and-connection,relaxation-and-intimacy
intimacy-and-connection,romantic-intimacy
intimacy-and-connection,secret-intimacy
intimacy-and-connection,sensory-intimacy
intimacy-and-connection,sensual-intimacy
intimacy-and-connection,sensuality-and-intimacy
intimacy-and-connection,sexual-intimacy
intimacy-and-connection,sexual-roleplay-and-intimacy
intimacy-and-connection,spiritual-intimacy
intimacy-and-connection,spontaneous-intimacy
intimacy-and-connection,spontaneous-physical-intimacy
intimacy-and-connection,surrender-to-intimacy
jealousy-and-bitterness,anger-and-resentment
jealousy-and-bitterness,bitter-resentment
jealousy-and-bitterness,bitterness-and-resentment
jealousy-and-bitterness,disbelief-and-shock
jealousy-and-bitterness,disbelief-and-surprise
jealousy-and-bitterness,disbelief-from-others
jealousy-and-bitterness,dismissing-jealousy
jealousy-and-bitterness,emotional-revenge-fantasy
jealousy-and-bitterness,envy-and-contrast
jealousy-and-bitterness,envy-and-desire-for-status
jealousy-and-bitterness,envy-and-fake-people
jealousy-and-bitterness,envy-and-hypocrisy
jealousy-and-bitterness,envy-and-opposition
jealousy-and-bitterness,envy-and-social-status
jealousy-and-bitterness,envy-and-status
jealousy-and-bitterness,frustration
jealousy-and-bitterness,guilt-and-shame
jealousy-and-bitterness,jealousy
jealousy-and-bitterness,jealousy-and-betrayal
jealousy-and-bitterness,jealousy-and-bitterness
jealousy-and-bitterness,jealousy-and-comparison
jealousy-and-bitterness,jealousy-and-freedom
jealousy-and-bitterness,jealousy-and-games
jealousy-and-bitterness,jealousy-and-haters
jealousy-and-bitterness,jealousy-and-humiliation
jealousy-and-bitterness,jealousy-and-insecurity
jealousy-and-bitterness,jealousy-and-outside-interference
jealousy-and-bitterness,jealousy-and-pride
jealousy-and-bitterness,jealousy-and-rage
jealousy-and-bitterness,jealousy-and-resentment-from-others
jealousy-and-bitterness,jealousy-and-sabotage
jealousy-and-bitterness,jealousy-and-suspicion
jealousy-and-bitterness,jealousy-from-others
jealousy-and-bitterness,jealousy-provocation
jealousy-and-bitterness,karmic-retribution
jealousy-and-bitterness,lack-of-remorse
jealousy-and-bitterness,mutual-jealousy
jealousy-and-bitterness,rage-and-hatred
jealousy-and-bitterness,resentment
jealousy-and-bitterness,resentment-and-bitterness
jealousy-and-bitterness,resentment-and-envy
jealousy-and-bitterness,resentment-and-hatred
jealousy-and-bitterness,retaliation-and-resentment
jealousy-and-bitterness,revenge
jealousy-and-bitterness,revenge-and-dismissal
jealousy-and-bitterness,revenge-and-resilience
jealousy-and-bitterness,revenge-and-retaliation
jealousy-and-bitterness,revenge-and-retribution
jealousy-and-bitterness,revenge-and-satisfaction
jealousy-and-bitterness,revenge-and-spite
jealousy-and-bitterness,revenge-and-violence
jealousy-and-bitterness,rumination-and-revenge
jealousy-and-bitterness,schadenfreude
jealousy-and-bitterness,shame-and-embarrassment
jealousy-and-bitterness,success-attracting-envy
jealousy-and-bitterness,unwanted-attention-and-envy
legacy-and-family,ambition-and-legacy
legacy-and-family,artist-branding-and-legacy
legacy-and-family,family-and-legacy
legacy-and-family,family-legacy
legacy-and-family,financial-legacy
legacy-and-family,grandparenthood-and-legacy
legacy-and-family,heritage-and-legacy
legacy-and-family,history-in-the-making
legacy-and-family,legacy-and-ambition
legacy-and-family,legacy-and-destiny
legacy-and-family,legacy-and-family
legacy-and-family,legacy-and-grandchildren
legacy-and-family,legacy-and-greatness
legacy-and-family,legacy-and-inheritance
legacy-and-family,legacy-and-mortality
legacy-and-family,legacy-and-pride
legacy-and-family,legacy-and-recognition
legacy-and-family,mentorship-and-legacy
legacy-and-family,mortality-and-legacy
legacy-and-family,pac-tribute-and-legacy
legacy-and-family,possessive-legacy
legacy-and-family,projects-origins
legacy-and-family,record-breaking-ambition
legacy-and-family,record-breaking-legacy
legacy-and-family,timeless-legacy
lingering-memories,avoidance-of-the-past
lingering-memories,bad-boy-past
lingering-memories,being-haunted-by-exes
lingering-memories,bitter-well-wishing
lingering-memories,carpe-diem
lingering-memories,cherished-memories
lingering-memories,cherishing-memories
lingering-memories,childhood-imagination
lingering-memories,childhood-memory
lingering-memories,confronting-the-past
lingering-memories,creating-new-memories
lingering-memories,drinking-to-forget
lingering-memories,emotional-haunting
lingering-memories,emotional-lingering
lingering-memories,final-wishes
lingering-memories,grief-and-remembrance
lingering-memories,haunted-by-memory
lingering-memories,haunting-by-an-ex
lingering-memories,haunting-guilt
lingering-memories,haunting-memories
lingering-memories,haunting-presence
lingering-memories,holding-onto-memories
lingering-memories,holding-onto-the-past
lingering-memories,inability-to-forget
lingering-memories,leaving-past-behind
lingering-memories,leaving-the-past-behind
lingering-memories,letting-go-of-the-past
lingering-memories,lingering-attachment
lingering-memories,lingering-feelings
lingering-memories,lingering-grief
lingering-memories,lingering-memories
lingering-memories,lingering-pain
lingering-memories,longing-for-acknowledgment
lingering-memories,longing-to-be-remembered
lingering-memories,longing-to-be-thought-of
lingering-memories,memory-and-remembrance
lingering-memories,memory-as-comfort
lingering-memories,mental-haunting
lingering-memories,moving-on-from-the-past
lingering-memories,nostalgic-memories
lingering-memories,nostalgic-memory
lingering-memories,remembering-the-deceased
lingering-memories,tribute-and-remembrance
lingering-memories,tribute-to-virgil-abloh
lingering-memories,troubled-past
lingering-memories,unacknowledged-past
lingering-memories,undying-memory
lingering-memories,unresolved-past
lingering-memories,vivid-memory
lingering-memories,wishing-ex-well
lingering-memories,wishing-happiness-for-another
lingering-memories,wishing-love-away
lingering-memories,wishing-well-for-ex
lingering-memories,wishing-well-on-an-ex
lingering-memories,wishing-well-to-an-ex
lingering-memories,wondering-if-you-are-thought-of
loneliness-and-isolation,abandonment-and-solitude
loneliness-and-isolation,being-in-the-zone
loneliness-and-isolation,being-overwhelmed
loneliness-and-isolation,belonging
loneliness-and-isolation,belonging-and-exclusivity
loneliness-and-isolation,belonging-and-identity
loneliness-and-isolation,belonging-and-initiation
loneliness-and-isolation,belonging-and-possession
loneliness-and-isolation,belonging-to-the-outcasts
loneliness-and-isolation,belonging-with-true-friends
loneliness-and-isolation,community-and-belonging
loneliness-and-isolation,community-belonging
loneliness-and-isolation,depression-and-isolation
loneliness-and-isolation,embracing-being-an-outsider
loneliness-and-isolation,emotional-isolation
loneliness-and-isolation,emotional-loneliness
loneliness-and-isolation,emotional-pain-and-isolation
loneliness-and-isolation,end-of-loneliness
loneliness-and-isolation,exclusivity-and-belonging
loneliness-and-isolation,family-and-belonging
loneliness-and-isolation,feeling-alone-in-relationship
loneliness-and-isolation,feeling-at-home-with-someone
loneliness-and-isolation,feeling-chosen-then-discarded
loneliness-and-isolation,feeling-incomplete-apart
loneliness-and-isolation,feeling-like-an-outsider
loneliness-and-isolation,feeling-lost
loneliness-and-isolation,feeling-overwhelmed
loneliness-and-isolation,feeling-taken-for-granted
loneliness-and-isolation,feeling-trapped
loneliness-and-isolation,feeling-unloved
loneliness-and-isolation,feeling-unwanted
loneliness-and-isolation,feeling-used-and-betrayed
loneliness-and-isolation,finding-belonging
loneliness-and-isolation,friend-zone
loneliness-and-isolation,going-beyond-comfort-zone
loneliness-and-isolation,heartbreak-and-abandonment
loneliness-and-isolation,heartbreak-and-loneliness
loneliness-and-isolation,helplessness
loneliness-and-isolation,hopelessness
loneliness-and-isolation,independence-and-solitude
loneliness-and-isolation,inseparability
loneliness-and-isolation,inseparable-togetherness
loneliness-and-isolation,intimacy-and-solitude
loneliness-and-isolation,irreversible-separation
loneliness-and-isolation,isolation-and-alienation
loneliness-and-isolation,isolation-and-burden
loneliness-and-isolation,isolation-and-confinement
loneliness-and-isolation,isolation-and-disorientation
loneliness-and-isolation,isolation-and-inner-darkness
loneliness-and-isolation,isolation-and-lack-of-support
loneliness-and-isolation,isolation-and-loneliness
loneliness-and-isolation,isolation-and-loss
loneliness-and-isolation,isolation-and-self-reliance
loneliness-and-isolation,isolation-and-solitude
loneliness-and-isolation,isolation-as-protection
loneliness-and-isolation,isolation-at-the-top
loneliness-and-isolation,isolation-from-friends
loneliness-and-isolation,isolation-from-loved-ones
loneliness-and-isolation,isolation-together
loneliness-and-isolation,land-and-belonging
loneliness-and-isolation,loneliness
loneliness-and-isolation,loneliness-amid-excess
loneliness-and-isolation,loneliness-and-abandonment
loneliness-and-isolation,loneliness-and-belonging
loneliness-and-isolation,loneliness-and-desolation
loneliness-and-isolation,loneliness-and-despair
loneliness-and-isolation,loneliness-and-displacement
loneliness-and-isolation,loneliness-and-distance
loneliness-and-isolation,loneliness-and-emptiness
loneliness-and-isolation,loneliness-and-grief
loneliness-and-isolation,loneliness-and-isolation
loneliness-and-isolation,loneliness-and-longing
loneliness-and-isolation,loneliness-and-loss
loneliness-and-isolation,loneliness-as-preference
loneliness-and-isolation,loneliness-at-the-top
loneliness-and-isolation,loneliness-ending
loneliness-and-isolation,loss-and-loneliness
loneliness-and-isolation,loss-and-separation
loneliness-and-isolation,no-desire-for-solitude
loneliness-and-isolation,not-fitting-in
loneliness-and-isolation,outsider-community
loneliness-and-isolation,outsider-identity
loneliness-and-isolation,overwhelm-and-isolation
loneliness-and-isolation,parental-loneliness
loneliness-and-isolation,powerlessness
loneliness-and-isolation,powerlessness-and-control
loneliness-and-isolation,rejecting-solitude
loneliness-and-isolation,self-isolation
loneliness-and-isolation,social-isolation
loneliness-and-isolation,solitude-and-longing
loneliness-and-isolation,solitude-and-reflection
loneliness-and-isolation,solitude-and-self-reliance
loneliness-and-isolation,stepping-outside-comfort-zone
loneliness-and-isolation,willing-isolation
longing-and-loss,anticipation
longing-and-loss,anticipation-and-desire
longing-and-loss,anticipation-and-longing
longing-and-loss,anticipation-and-waiting
longing-and-loss,bittersweet-longing
longing-and-loss,bittersweet-nostalgia
longing-and-loss,building-anticipation
longing-and-loss,craving-new-experience
longing-and-loss,deep-longing
longing-and-loss,desire-and-longing
longing-and-loss,desire-for-someone-taken
longing-and-loss,desperate-longing
longing-and-loss,desperation
longing-and-loss,desperation-and-drowning
longing-and-loss,desperation-and-helplessness
longing-and-loss,desperation-and-hopelessness
longing-and-loss,desperation-and-longing
longing-and-loss,desperation-and-obsession
longing-and-loss,desperation-and-pleading
longing-and-loss,distance-and-longing
longing-and-loss,emotional-desperation
longing-and-loss,grief-and-longing
longing-and-loss,heartbreak-and-longing
longing-and-loss,hidden-pain-and-longing
longing-and-loss,hometown-longing
longing-and-loss,hope-and-longing
longing-and-loss,jealousy-and-longing
longing-and-loss,longing
longing-and-loss,longing-across-distance
longing-and-loss,longing-and-absence
longing-and-loss,longing-and-anticipation
longing-and-loss,longing-and-attachment
longing-and-loss,longing-and-connection
longing-and-loss,longing-and-desire
longing-and-loss,longing-and-heartache
longing-and-loss,longing-and-heartbreak
longing-and-loss,longing-and-impatience
longing-and-loss,longing-and-inability-to-move-on
longing-and-loss,longing-and-jealousy
longing-and-loss,longing-and-loss
longing-and-loss,longing-and-missing
longing-and-loss,longing-and-missing-partner
longing-and-loss,longing-and-missing-someone
longing-and-loss,longing-and-need
longing-and-loss,longing-and-obsession
longing-and-loss,longing-and-regret
longing-and-loss,longing-and-reunion
longing-and-loss,longing-and-waiting
longing-and-loss,longing-and-yearning
longing-and-loss,longing-for-a-loved-one
longing-and-loss,longing-for-a-partner
longing-and-loss,longing-for-acceptance
longing-and-loss,longing-for-an-unknown-lover
longing-and-loss,longing-for-another-life
longing-and-loss,longing-for-better-days
longing-and-loss,longing-for-equality
longing-and-loss,longing-for-genuine-love
longing-and-loss,longing-for-home
longing-and-loss,longing-for-lost-love
longing-and-loss,longing-for-love
longing-and-loss,longing-for-more-time
longing-and-loss,longing-for-place
longing-and-loss,longing-for-reciprocated-desire
longing-and-loss,longing-for-something-beautiful
longing-and-loss,longing-for-something-more
longing-and-loss,longing-for-the-deceased
longing-and-loss,longing-for-the-past
longing-and-loss,longing-to-be-someone-else
longing-and-loss,lost-love-and-longing
longing-and-loss,love-and-longing
longing-and-loss,obsession-and-longing
longing-and-loss,obsessive-longing
longing-and-loss,one-sided-longing
longing-and-loss,physical-longing
longing-and-loss,pleading-and-begging
longing-and-loss,pleading-and-desperation
longing-and-loss,regret-and-longing
longing-and-loss,romantic-longing
longing-and-loss,secret-longing
longing-and-loss,sexual-longing
longing-and-loss,silent-longing
longing-and-loss,spiritual-longing
longing-and-loss,suppressed-longing
longing-and-loss,unfulfilled-longing
longing-and-loss,unreciprocated-desire
longing-and-loss,unreciprocated-love
longing-and-loss,unrequited-desire
longing-and-loss,unrequited-feelings
longing-and-loss,unrequited-longing
longing-and-loss,unrequited-love
longing-and-loss,unrequited-or-lost-love
longing-and-loss,unrequited-or-one-sided-love
longing-and-loss,unresolved-longing
longing-and-loss,vulnerability-and-longing
longing-and-loss,waiting-and-anticipation
longing-and-loss,waiting-and-longing
longing-and-loss,yearning-and-waiting
longing-for-clarity,abandoned-plans
longing-for-clarity,artificiality-and-performance
longing-for-clarity,backing-up-your-words
longing-for-clarity,being-kept-guessing
longing-for-clarity,blocking-and-digital-rejection
longing-for-clarity,body-swapping
longing-for-clarity,breaking-silence
longing-for-clarity,call-and-response
longing-for-clarity,call-to-action
longing-for-clarity,canceling-plans
longing-for-clarity,communication-breakdown
longing-for-clarity,compatibility
longing-for-clarity,confrontation-and-demand-for-truth
longing-for-clarity,confusion-and-questioning
longing-for-clarity,confusion-and-uncertainty
longing-for-clarity,covering-up-problems
longing-for-clarity,cyclical-human-failure
longing-for-clarity,decisiveness-demanded
longing-for-clarity,deep-curiosity-about-a-lover
longing-for-clarity,demand-for-clarity
longing-for-clarity,demand-for-truth
longing-for-clarity,demanding-honesty
longing-for-clarity,desire-for-clarity
longing-for-clarity,desire-for-understanding
longing-for-clarity,desire-to-know-everything
longing-for-clarity,digital-communication-anxiety
longing-for-clarity,door-left-open
longing-for-clarity,door-still-open
longing-for-clarity,elusiveness
longing-for-clarity,existential-exhaustion
longing-for-clarity,existential-questioning
longing-for-clarity,existential-searching
longing-for-clarity,existential-uncertainty
longing-for-clarity,failed-attempt-to-fix-someone
longing-for-clarity,failed-attempts-to-help
longing-for-clarity,fake-it-till-you-make-it
longing-for-clarity,faking-it
longing-for-clarity,feeling-silenced
longing-for-clarity,finding-completeness
longing-for-clarity,frustration-with-mixed-signals
longing-for-clarity,going-the-extra-mile
longing-for-clarity,heartbreaker-warning
longing-for-clarity,ignored-warning-signs
longing-for-clarity,ignored-warnings
longing-for-clarity,inability-to-save-each-other
longing-for-clarity,incompatibility
longing-for-clarity,incompatibility-acceptance
longing-for-clarity,irreversible-transformation
longing-for-clarity,keyboard-courage-vs-real-life
longing-for-clarity,lack-of-communication
longing-for-clarity,lack-of-warning-signs
longing-for-clarity,leaving-complications-behind
longing-for-clarity,longing-for-clarity
longing-for-clarity,longing-for-understanding
longing-for-clarity,longing-to-be-believed
longing-for-clarity,longing-to-know-someones-inner-world
longing-for-clarity,lost-communication
longing-for-clarity,lost-future
longing-for-clarity,lost-future-together
longing-for-clarity,lost-potential
longing-for-clarity,making-excuses
longing-for-clarity,maternal-warning
longing-for-clarity,miscommunication
longing-for-clarity,missed-communication
longing-for-clarity,missed-opportunities
longing-for-clarity,missed-opportunity
longing-for-clarity,misunderstanding
longing-for-clarity,mixed-signals
longing-for-clarity,mixed-signals-and-inconsistency
longing-for-clarity,moral-warning
longing-for-clarity,moving-forward
longing-for-clarity,moving-on-asymmetry
longing-for-clarity,moving-on-difficulty
longing-for-clarity,moving-on-failure
longing-for-clarity,mutual-pretending
longing-for-clarity,mutual-questioning
longing-for-clarity,mystery-and-enigma
longing-for-clarity,mystery-and-uncertainty
longing-for-clarity,navigating-obstacles
longing-for-clarity,need-for-honesty
longing-for-clarity,no-contact
longing-for-clarity,no-type-open-desire
longing-for-clarity,online-popularity
longing-for-clarity,online-tough-guys
longing-for-clarity,outside-validation
longing-for-clarity,outsider-warning
longing-for-clarity,overcoming-underestimation
longing-for-clarity,perfect-compatibility
longing-for-clarity,perfect-timing
longing-for-clarity,playing-dumb-while-knowing
longing-for-clarity,playing-pretend
longing-for-clarity,power-of-silence
longing-for-clarity,proving-oneself
longing-for-clarity,proving-oneself-to-others
longing-for-clarity,proving-worthiness
longing-for-clarity,proving-yourself
longing-for-clarity,public-image-management
longing-for-clarity,raw-unfiltered-expression
longing-for-clarity,role-reversal
longing-for-clarity,romantic-warning
longing-for-clarity,search-for-truth
longing-for-clarity,searching-for-meaning
longing-for-clarity,self-expression-vs-silence
longing-for-clarity,self-silencing
longing-for-clarity,silent-understanding
longing-for-clarity,speaking-ones-truth
longing-for-clarity,struggling-with-low-points
longing-for-clarity,tables-turning
longing-for-clarity,told-you-so-vindication
longing-for-clarity,too-little-too-late
longing-for-clarity,transformation
longing-for-clarity,tuning-out-noise
longing-for-clarity,turning-heads
longing-for-clarity,turning-the-tables
longing-for-clarity,unanswered-communication
longing-for-clarity,unanswered-questions
longing-for-clarity,uncertainty-and-doubt
longing-for-clarity,uncertainty-and-worry
longing-for-clarity,unfulfilled-potential
longing-for-clarity,unmatched-status
longing-for-clarity,unresolved-communication
longing-for-clarity,unspoken-communication
longing-for-clarity,unspoken-tension
longing-for-clarity,unspoken-truth
longing-for-clarity,unspoken-words
longing-for-clarity,waiting-for-a-response
longing-for-clarity,warning-against-falling-in-love
longing-for-clarity,warning-off-suitors
longing-for-clarity,warning-the-new-girl
longing-for-clarity,wasted-time
longing-for-clarity,wrong-timing
longing-for-reconciliation,apology-and-desperation
longing-for-reconciliation,apology-and-reconciliation
longing-for-reconciliation,breakup-and-reconciliation
longing-for-reconciliation,chasing-past-feelings
longing-for-reconciliation,comeback-return
longing-for-reconciliation,convenient-return
longing-for-reconciliation,desire-for-second-chance
longing-for-reconciliation,desperate-reconciliation
longing-for-reconciliation,desperation-to-reconcile
longing-for-reconciliation,ex-lover-reconnection
longing-for-reconciliation,faith-in-reunion
longing-for-reconciliation,fake-healing-with-rebound
longing-for-reconciliation,fake-reconciliation
longing-for-reconciliation,hope-for-reconciliation
longing-for-reconciliation,hope-for-reunion
longing-for-reconciliation,hypothetical-reunion
longing-for-reconciliation,lingering-hope-for-reconciliation
longing-for-reconciliation,lingering-hope-for-reunion
longing-for-reconciliation,longing-for-past-intimacy
longing-for-reconciliation,longing-for-past-lover
longing-for-reconciliation,longing-for-reconciliation
longing-for-reconciliation,longing-for-return
longing-for-reconciliation,longing-to-reconnect
longing-for-reconciliation,lost-love
longing-for-reconciliation,lost-relationship
longing-for-reconciliation,missing-a-lost-lover
longing-for-reconciliation,no-return
longing-for-reconciliation,pleading-for-reconciliation
longing-for-reconciliation,pleading-for-return
longing-for-reconciliation,power-of-lost-love
longing-for-reconciliation,reaching-out-after-lost-contact
longing-for-reconciliation,rebound-behavior
longing-for-reconciliation,rebound-casual-sex
longing-for-reconciliation,rebound-relationship
longing-for-reconciliation,rebound-sex
longing-for-reconciliation,reconciliation
longing-for-reconciliation,refusal-to-reconcile
longing-for-reconciliation,rejection-of-reconciliation
longing-for-reconciliation,rekindled-attraction
longing-for-reconciliation,rekindled-connection
longing-for-reconciliation,rekindled-romance
longing-for-reconciliation,rekindling-a-past-relationship
longing-for-reconciliation,rekindling-a-relationship
longing-for-reconciliation,rekindling-past-relationship
longing-for-reconciliation,relationship-conflict-and-reconciliation
longing-for-reconciliation,relationship-reconciliation
longing-for-reconciliation,restored-relationships
longing-for-reconciliation,reunion-after-death
longing-for-reconciliation,searching-for-the-lost-lover
longing-for-reconciliation,second-chance-at-love
longing-for-reconciliation,second-chance-regret
longing-for-reconciliation,second-chances
longing-for-reconciliation,unexpected-reunion
longing-for-reconciliation,unwanted-reconciliation
love-as-fleeting-and-transient,acceptance-of-suffering-for-love
love-as-fleeting-and-transient,adaptability-in-love
love-as-fleeting-and-transient,addictive-love
love-as-fleeting-and-transient,all-consuming-love
love-as-fleeting-and-transient,all-or-nothing-love
love-as-fleeting-and-transient,apocalyptic-love
love-as-fleeting-and-transient,awakening-to-love
love-as-fleeting-and-transient,being-lost-in-love
love-as-fleeting-and-transient,being-saved-by-love
love-as-fleeting-and-transient,blind-love
love-as-fleeting-and-transient,brief-intense-love-affair
love-as-fleeting-and-transient,brief-romance
love-as-fleeting-and-transient,career-vs-love
love-as-fleeting-and-transient,caution-in-love
love-as-fleeting-and-transient,complicated-love
love-as-fleeting-and-transient,conditional-affection
love-as-fleeting-and-transient,conditional-love
love-as-fleeting-and-transient,consequences-of-love
love-as-fleeting-and-transient,cosmic-love
love-as-fleeting-and-transient,deep-love
love-as-fleeting-and-transient,deep-romantic-obsession
love-as-fleeting-and-transient,defiant-love
love-as-fleeting-and-transient,desire-to-stop-loving
love-as-fleeting-and-transient,disillusionment-with-love
love-as-fleeting-and-transient,end-of-love
love-as-fleeting-and-transient,enduring-love
love-as-fleeting-and-transient,enduring-love-over-time
love-as-fleeting-and-transient,eternal-love
love-as-fleeting-and-transient,eternal-love-beyond-death
love-as-fleeting-and-transient,exclusive-love
love-as-fleeting-and-transient,exclusivity-in-love
love-as-fleeting-and-transient,exclusivity-of-love
love-as-fleeting-and-transient,falling-for-someone
love-as-fleeting-and-transient,falling-in-love
love-as-fleeting-and-transient,fame-versus-love
love-as-fleeting-and-transient,feeling-alive-through-love
love-as-fleeting-and-transient,fleeting-love
love-as-fleeting-and-transient,fleeting-one-night-love
love-as-fleeting-and-transient,fleeting-romance
love-as-fleeting-and-transient,getting-lost-in-love
love-as-fleeting-and-transient,giving-love-without-reciprocation
love-as-fleeting-and-transient,heartbeat-of-love
love-as-fleeting-and-transient,heartlessness
love-as-fleeting-and-transient,heartlessness-in-relationships
love-as-fleeting-and-transient,heaven-sent-love
love-as-fleeting-and-transient,helplessness-in-love
love-as-fleeting-and-transient,imperfect-love
love-as-fleeting-and-transient,inability-to-love
love-as-fleeting-and-transient,infatuation
love-as-fleeting-and-transient,infatuation-and-longing
love-as-fleeting-and-transient,infatuation-and-obsession
love-as-fleeting-and-transient,irrational-behavior-in-love
love-as-fleeting-and-transient,irreplaceable-love
love-as-fleeting-and-transient,lingering-love
love-as-fleeting-and-transient,long-lasting-love
love-as-fleeting-and-transient,losing-oneself-in-love
love-as-fleeting-and-transient,lost-love-and-disillusionment
love-as-fleeting-and-transient,love-addiction
love-as-fleeting-and-transient,love-and-death-duality
love-as-fleeting-and-transient,love-as-addiction
love-as-fleeting-and-transient,love-as-consuming-force
love-as-fleeting-and-transient,love-as-creation
love-as-fleeting-and-transient,love-as-distraction
love-as-fleeting-and-transient,love-as-fleeting
love-as-fleeting-and-transient,love-as-fleeting-and-transient
love-as-fleeting-and-transient,love-as-intoxication
love-as-fleeting-and-transient,love-as-life-lesson
love-as-fleeting-and-transient,love-as-life-purpose
love-as-fleeting-and-transient,love-as-priority
love-as-fleeting-and-transient,love-as-problem-solving
love-as-fleeting-and-transient,love-as-risk
love-as-fleeting-and-transient,love-as-salvation
love-as-fleeting-and-transient,love-as-transformation
love-as-fleeting-and-transient,love-as-transformative-teaching
love-as-fleeting-and-transient,love-as-universal
love-as-fleeting-and-transient,love-as-universal-experience
love-as-fleeting-and-transient,love-beyond-death
love-as-fleeting-and-transient,love-consuming-the-mind
love-as-fleeting-and-transient,love-destroying-life
love-as-fleeting-and-transient,love-flowing-through-the-body
love-as-fleeting-and-transient,love-is-blind
love-as-fleeting-and-transient,love-is-complex
love-as-fleeting-and-transient,love-persisting
love-as-fleeting-and-transient,love-surpassing-all-else
love-as-fleeting-and-transient,love-through-problems
love-as-fleeting-and-transient,love-without-regret
love-as-fleeting-and-transient,magical-love
love-as-fleeting-and-transient,mature-love
love-as-fleeting-and-transient,maturity-in-love
love-as-fleeting-and-transient,not-wasting-love
love-as-fleeting-and-transient,now-or-never-love
love-as-fleeting-and-transient,one-sided-love
love-as-fleeting-and-transient,one-sided-relationship
love-as-fleeting-and-transient,overcoming-fear-of-love
love-as-fleeting-and-transient,overwhelming-effect-of-love
love-as-fleeting-and-transient,overwhelming-effort-for-love
love-as-fleeting-and-transient,overwhelming-love
love-as-fleeting-and-transient,pain-of-loving-someone-selfish
love-as-fleeting-and-transient,paradox-of-love-and-destruction
love-as-fleeting-and-transient,perseverance-in-love
love-as-fleeting-and-transient,personal-growth-through-love
love-as-fleeting-and-transient,personal-growth-through-relationship
love-as-fleeting-and-transient,personal-transformation-through-love
love-as-fleeting-and-transient,purposelessness-without-love
love-as-fleeting-and-transient,pushing-love-away
love-as-fleeting-and-transient,rare-and-unique-love
love-as-fleeting-and-transient,recklessness-in-love
love-as-fleeting-and-transient,redefining-love
love-as-fleeting-and-transient,redemption-through-love
love-as-fleeting-and-transient,romantic-exclusivity
love-as-fleeting-and-transient,romantic-infatuation
love-as-fleeting-and-transient,romantic-obsession
love-as-fleeting-and-transient,romantic-recklessness
love-as-fleeting-and-transient,rushing-into-love
love-as-fleeting-and-transient,sacred-love
love-as-fleeting-and-transient,salvation-through-love
love-as-fleeting-and-transient,self-destructive-love
love-as-fleeting-and-transient,self-improvement-for-love
love-as-fleeting-and-transient,self-worth-through-love
love-as-fleeting-and-transient,selfless-love
love-as-fleeting-and-transient,shared-imperfection-in-love
love-as-fleeting-and-transient,speechlessness-in-love
love-as-fleeting-and-transient,taking-a-chance-on-love
love-as-fleeting-and-transient,taking-control-of-love
love-as-fleeting-and-transient,tension-between-success-and-love
love-as-fleeting-and-transient,timelessness-of-love
love-as-fleeting-and-transient,total-infatuation
love-as-fleeting-and-transient,transcendence-through-love
love-as-fleeting-and-transient,transcendent-love
love-as-fleeting-and-transient,transformation-through-love
love-as-fleeting-and-transient,transformative-love
love-as-fleeting-and-transient,transformative-power-of-love
love-as-fleeting-and-transient,transformative-relationship
love-as-fleeting-and-transient,unconditional-commitment
love-as-fleeting-and-transient,unconditional-devotion
love-as-fleeting-and-transient,unconditional-love
love-as-fleeting-and-transient,unconditional-loyalty
love-as-fleeting-and-transient,unexpected-falling-in-love
love-as-fleeting-and-transient,unexpected-love
love-as-fleeting-and-transient,unfinished-love
love-as-fleeting-and-transient,unrecognized-vision
love-as-fleeting-and-transient,urgency-to-express-love
love-as-fleeting-and-transient,volatile-love
love-as-fleeting-and-transient,willing-suffering-for-love
love-as-fleeting-and-transient,young-love
love-as-fleeting-and-transient,youthful-first-love
love-as-fleeting-and-transient,youthful-intimacy
love-as-fleeting-and-transient,youthful-love
loyalty-and-relationships,authenticity-and-loyalty
loyalty-and-relationships,clique-loyalty
loyalty-and-relationships,devotion-and-loyalty
loyalty-and-relationships,family-loyalty
loyalty-and-relationships,female-friendship-and-loyalty
loyalty-and-relationships,friendship-and-loyalty
loyalty-and-relationships,lost-loyalty
loyalty-and-relationships,loyalty-and-allegiance
loyalty-and-relationships,loyalty-and-authenticity
loyalty-and-relationships,loyalty-and-commitment
loyalty-and-relationships,loyalty-and-dedication
loyalty-and-relationships,loyalty-and-devotion
loyalty-and-relationships,loyalty-and-discretion
loyalty-and-relationships,loyalty-and-distrust
loyalty-and-relationships,loyalty-and-exclusivity
loyalty-and-relationships,loyalty-and-expectations
loyalty-and-relationships,loyalty-and-faithfulness
loyalty-and-relationships,loyalty-and-female-friendship
loyalty-and-relationships,loyalty-and-friendship
loyalty-and-relationships,loyalty-and-independence
loyalty-and-relationships,loyalty-and-integrity
loyalty-and-relationships,loyalty-and-keeping-word
loyalty-and-relationships,loyalty-and-loss
loyalty-and-relationships,loyalty-and-love
loyalty-and-relationships,loyalty-and-moral-restraint
loyalty-and-relationships,loyalty-and-protection
loyalty-and-relationships,loyalty-and-relationships
loyalty-and-relationships,loyalty-and-resilience
loyalty-and-relationships,loyalty-and-sacrifice
loyalty-and-relationships,loyalty-and-silence
loyalty-and-relationships,loyalty-and-sisterhood
loyalty-and-relationships,loyalty-and-solidarity
loyalty-and-relationships,loyalty-and-squad
loyalty-and-relationships,loyalty-and-staying-true
loyalty-and-relationships,loyalty-and-support
loyalty-and-relationships,loyalty-and-toughness
loyalty-and-relationships,loyalty-and-trust
loyalty-and-relationships,loyalty-in-relationships
loyalty-and-relationships,loyalty-through-hardship
loyalty-and-relationships,loyalty-to-day-ones
loyalty-and-relationships,loyalty-to-the-game
loyalty-and-relationships,loyalty-vs-desire
loyalty-and-relationships,loyalty-vs-lust
loyalty-and-relationships,maternal-pride-and-loyalty
loyalty-and-relationships,personal-identity-and-loyalty
loyalty-and-relationships,protection-and-loyalty
loyalty-and-relationships,questioning-true-allegiance
loyalty-and-relationships,shared-fate-and-loyalty
loyalty-and-relationships,shared-history-and-loyalty
loyalty-and-relationships,sports-loyalty-tested
luxury-and-fashion,designer-fashion-and-jewelry
luxury-and-fashion,diamond-jewelry
luxury-and-fashion,diamonds-and-jewelry
luxury-and-fashion,exotic-cars
luxury-and-fashion,fashion-and-luxury
luxury-and-fashion,fashion-and-status
luxury-and-fashion,jewelry-and-bling
luxury-and-fashion,jewelry-and-diamonds
luxury-and-fashion,jewelry-and-fashion
luxury-and-fashion,jewelry-and-wealth
luxury-and-fashion,lavish-lifestyle
luxury-and-fashion,lavish-lifestyle-and-travel
luxury-and-fashion,luxury-and-comfort
luxury-and-fashion,luxury-and-designer-goods
luxury-and-fashion,luxury-and-designer-lifestyle
luxury-and-fashion,luxury-and-fashion
luxury-and-fashion,luxury-and-lavish-lifestyle
luxury-and-fashion,luxury-and-lifestyle
luxury-and-fashion,luxury-and-status
luxury-and-fashion,luxury-and-wealth
luxury-and-fashion,luxury-cars
luxury-and-fashion,luxury-cars-and-lifestyle
luxury-and-fashion,luxury-cars-and-speed
luxury-and-fashion,luxury-fashion
luxury-and-fashion,luxury-fashion-and-lifestyle
luxury-and-fashion,luxury-jewelry
luxury-and-fashion,luxury-jewelry-and-watches
luxury-and-fashion,luxury-lifestyle
luxury-and-fashion,luxury-vehicles
luxury-and-fashion,luxury-watches
luxury-and-fashion,material-wealth-and-fashion
luxury-and-fashion,status-and-luxury
luxury-and-fashion,unlimited-wealth-and-luxury
luxury-and-fashion,wealth-and-jewelry
luxury-and-fashion,wealth-and-lifestyle
luxury-and-fashion,wealth-and-luxury
luxury-and-fashion,wealth-and-luxury-lifestyle
luxury-and-fashion,wealthy-la-lifestyle
luxury-and-fashion,wealthy-lifestyle-excess
mortality-and-death,aging-and-passage-of-time
mortality-and-death,aging-and-time
mortality-and-death,danger-and-mortality
mortality-and-death,death-and-burial
mortality-and-death,death-and-burial-wishes
mortality-and-death,death-and-dying
mortality-and-death,desire-to-freeze-time
mortality-and-death,endings-and-beginnings
mortality-and-death,facing-death
mortality-and-death,facing-mortality
mortality-and-death,fear-of-aging
mortality-and-death,fleeting-nature-of-time
mortality-and-death,funeral-and-mourning-rituals
mortality-and-death,heaven-and-afterlife
mortality-and-death,heaven-and-the-afterlife
mortality-and-death,life-before-and-after
mortality-and-death,losing-track-of-time
mortality-and-death,mortality-and-afterlife
mortality-and-death,mortality-and-aging
mortality-and-death,mortality-and-death
mortality-and-death,mortality-and-impermanence
mortality-and-death,mortality-and-loss
mortality-and-death,mortality-and-love
mortality-and-death,mortality-and-passing-time
mortality-and-death,mortality-and-reflection
mortality-and-death,mortality-awareness
mortality-and-death,moving-on-and-time-passing
mortality-and-death,passage-of-time
mortality-and-death,simplicity-in-death
mortality-and-death,time-slowing-down
mortality-and-death,time-standing-still
mortality-and-death,witnessing-death
mortality-and-death,youthful-denial-of-mortality
music-as-entertainment,country-music-culture
music-as-entertainment,country-music-devotion
music-as-entertainment,country-music-identity
music-as-entertainment,country-music-nostalgia
music-as-entertainment,country-music-self-awareness
music-as-entertainment,country-music-tradition
music-as-entertainment,country-music-tribute
music-as-entertainment,country-music-tropes
music-as-entertainment,country-western-imagery
music-as-entertainment,dedication-through-song
music-as-entertainment,desire-for-energetic-music
music-as-entertainment,music-and-expression
music-as-entertainment,music-and-singing
music-as-entertainment,music-appreciation
music-as-entertainment,music-as-celebration
music-as-entertainment,music-as-connection
music-as-entertainment,music-as-emotional-connection
music-as-entertainment,music-as-entertainment
music-as-entertainment,music-as-joy
music-as-entertainment,music-as-metaphor
music-as-entertainment,music-as-painful-reminder
music-as-entertainment,music-as-salvation
music-as-entertainment,music-career-success
music-as-entertainment,music-industry-authenticity
music-as-entertainment,music-industry-criticism
music-as-entertainment,music-industry-exploitation
music-as-entertainment,musical-dominance
music-as-entertainment,musical-harmony-as-metaphor
music-as-entertainment,musical-metaphor
music-as-entertainment,nostalgia-for-classic-country
music-as-entertainment,nostalgia-for-country-music
music-as-entertainment,physical-sensation-of-music
music-as-entertainment,pursuing-a-music-career
music-as-entertainment,shared-musical-connection
mutual-individuality,avoidance-of-shared-memories
mutual-individuality,brotherly-bond-and-shared-memory
mutual-individuality,deep-mutual-connection
mutual-individuality,deep-mutual-knowing
mutual-individuality,erasing-shared-memories
mutual-individuality,hidden-mutual-interest
mutual-individuality,mutual-awareness
mutual-individuality,mutual-brokenness
mutual-individuality,mutual-complicity
mutual-individuality,mutual-connection
mutual-individuality,mutual-desire
mutual-individuality,mutual-dysfunction
mutual-individuality,mutual-enjoyment
mutual-individuality,mutual-exchange-in-love
mutual-individuality,mutual-fault
mutual-individuality,mutual-fulfillment
mutual-individuality,mutual-guilt
mutual-individuality,mutual-individuality
mutual-individuality,mutual-interest
mutual-individuality,mutual-irrationality
mutual-individuality,mutual-longing
mutual-individuality,mutual-need
mutual-individuality,mutual-one-of-a-kind
mutual-individuality,mutual-pleasure
mutual-individuality,mutual-satisfaction
mutual-individuality,mutual-worthiness
mutual-individuality,oversharing-and-emotional-chaos
mutual-individuality,shared-adventure
mutual-individuality,shared-adventure-and-love
mutual-individuality,shared-blame
mutual-individuality,shared-brokenness
mutual-individuality,shared-complicity
mutual-individuality,shared-experiences
mutual-individuality,shared-flaws
mutual-individuality,shared-guilt
mutual-individuality,shared-history
mutual-individuality,shared-human-experience
mutual-individuality,shared-irrationality
mutual-individuality,shared-journey
mutual-individuality,shared-madness
mutual-individuality,shared-memories
mutual-individuality,shared-memories-and-places
mutual-individuality,shared-wildness
mutual-individuality,vulnerability-and-oversharing
nighttime-revelry,affordable-date-night
nighttime-revelry,after-party-hookup
nighttime-revelry,alcohol-fueled-longing
nighttime-revelry,asking-for-a-clean-break
nighttime-revelry,country-night-atmosphere
nighttime-revelry,friday-night-fun
nighttime-revelry,friday-payday-relief
nighttime-revelry,hangover-and-morning-after
nighttime-revelry,hangover-recovery
nighttime-revelry,intimacy-over-nightlife
nighttime-revelry,late-night-adventure
nighttime-revelry,late-night-attraction
nighttime-revelry,late-night-bar-encounters
nighttime-revelry,late-night-crisis
nighttime-revelry,late-night-despair
nighttime-revelry,late-night-drive
nighttime-revelry,late-night-encounter
nighttime-revelry,late-night-escape
nighttime-revelry,late-night-hookup
nighttime-revelry,late-night-loneliness
nighttime-revelry,late-night-longing
nighttime-revelry,late-night-partying
nighttime-revelry,late-night-rendezvous
nighttime-revelry,late-night-revelry
nighttime-revelry,late-night-spontaneity
nighttime-revelry,life-changing-night
nighttime-revelry,loneliness-at-night
nighttime-revelry,longing-and-sleeplessness
nighttime-revelry,meeting-up
nighttime-revelry,morning-after
nighttime-revelry,night-owl-lifestyle
nighttime-revelry,night-shift-separation
nighttime-revelry,nightclub-pickup
nighttime-revelry,nightlife-and-secrecy
nighttime-revelry,nightlife-encounter
nighttime-revelry,nightlife-meetup
nighttime-revelry,nighttime-atmosphere
nighttime-revelry,nighttime-desire
nighttime-revelry,nighttime-drive
nighttime-revelry,nighttime-festivities
nighttime-revelry,nighttime-revelry
nighttime-revelry,one-night-connection
nighttime-revelry,one-night-encounter
nighttime-revelry,one-night-life-changing
nighttime-revelry,one-night-stand
nighttime-revelry,prolonging-the-night
nighttime-revelry,seizing-the-night
nighttime-revelry,sleeping-apart-while-together
nighttime-revelry,sleeping-in-a-truck
nighttime-revelry,sleeping-rough
nighttime-revelry,staying-in
nighttime-revelry,staying-in-bed
nighttime-revelry,staying-up-all-night
nighttime-revelry,weekend-freedom
nighttime-revelry,wild-night-out
non-judgment-and-acceptance,acceptance-of-flaws
non-judgment-and-acceptance,anti-authority-behavior
non-judgment-and-acceptance,arrogance-of-the-other
non-judgment-and-acceptance,atonement-and-debt
non-judgment-and-acceptance,avoiding-bitterness
non-judgment-and-acceptance,bargaining-with-god
non-judgment-and-acceptance,beauty-in-flaws
non-judgment-and-acceptance,beauty-in-imperfection
non-judgment-and-acceptance,betrayal-and-fake-praise
non-judgment-and-acceptance,bible-as-moral-guide
non-judgment-and-acceptance,boss-mentality
non-judgment-and-acceptance,bounty-on-head
non-judgment-and-acceptance,breaking-limits
non-judgment-and-acceptance,breaking-personal-boundaries
non-judgment-and-acceptance,confrontation-and-dismissiveness
non-judgment-and-acceptance,confrontational-attitude
non-judgment-and-acceptance,confronting-opps
non-judgment-and-acceptance,contradiction-in-human-nature
non-judgment-and-acceptance,contradictions-of-human-nature
non-judgment-and-acceptance,contradictory-nature
non-judgment-and-acceptance,controlling-anger-and-hate
non-judgment-and-acceptance,crisis-of-worthiness
non-judgment-and-acceptance,criticism-and-judgment
non-judgment-and-acceptance,cutting-off-negativity
non-judgment-and-acceptance,deal-making
non-judgment-and-acceptance,defiance-of-doubters
non-judgment-and-acceptance,defiant-attitude
non-judgment-and-acceptance,defying-limits
non-judgment-and-acceptance,defying-others-opinions
non-judgment-and-acceptance,defying-outside-judgment
non-judgment-and-acceptance,desire-for-reciprocity
non-judgment-and-acceptance,dismissiveness-toward-lesser-peers
non-judgment-and-acceptance,dismissiveness-toward-others
non-judgment-and-acceptance,double-standards
non-judgment-and-acceptance,ego-and-pride-conflict
non-judgment-and-acceptance,embracing-imperfection
non-judgment-and-acceptance,emotional-indifference
non-judgment-and-acceptance,emotional-restraint
non-judgment-and-acceptance,everyday-quirks
non-judgment-and-acceptance,everyday-quirks-as-endearing
non-judgment-and-acceptance,false-indifference
non-judgment-and-acceptance,flawed-but-lovable
non-judgment-and-acceptance,flexibility-and-openness
non-judgment-and-acceptance,forced-pretense
non-judgment-and-acceptance,genuine-intentions
non-judgment-and-acceptance,good-intentions-gone-sour
non-judgment-and-acceptance,good-intentions-unrecognized
non-judgment-and-acceptance,hater-indifference
non-judgment-and-acceptance,hope-for-compromise
non-judgment-and-acceptance,human-fallibility
non-judgment-and-acceptance,human-imperfection
non-judgment-and-acceptance,hypocrisy
non-judgment-and-acceptance,hypocrisy-in-faith
non-judgment-and-acceptance,hypocrisy-of-faith
non-judgment-and-acceptance,ignoring-better-judgment
non-judgment-and-acceptance,ignoring-doubters
non-judgment-and-acceptance,ignoring-others-opinions
non-judgment-and-acceptance,imperfection-acceptance
non-judgment-and-acceptance,imperfection-and-striving
non-judgment-and-acceptance,imperfection-as-beauty
non-judgment-and-acceptance,impossible-standards
non-judgment-and-acceptance,indifference-and-closure
non-judgment-and-acceptance,indifference-and-confidence
non-judgment-and-acceptance,indifference-and-moving-on
non-judgment-and-acceptance,indifference-to-crowd
non-judgment-and-acceptance,indifference-to-haters
non-judgment-and-acceptance,indifference-to-others
non-judgment-and-acceptance,indifference-to-others-opinions
non-judgment-and-acceptance,indifference-to-social-judgment
non-judgment-and-acceptance,internet-culture-mockery
non-judgment-and-acceptance,letting-go-of-pretension
non-judgment-and-acceptance,longing-for-emotional-reciprocity
non-judgment-and-acceptance,longing-for-reciprocity
non-judgment-and-acceptance,maintaining-boundaries
non-judgment-and-acceptance,meeting-and-confrontation
non-judgment-and-acceptance,mismatched-intentions
non-judgment-and-acceptance,mockery-and-doubt
non-judgment-and-acceptance,moral-advice-ignored
non-judgment-and-acceptance,moral-ambiguity
non-judgment-and-acceptance,moral-condemnation
non-judgment-and-acceptance,moral-conflict
non-judgment-and-acceptance,moral-consequence
non-judgment-and-acceptance,moral-corruption-witnessed
non-judgment-and-acceptance,moral-failure
non-judgment-and-acceptance,moral-goodness
non-judgment-and-acceptance,moral-restraint
non-judgment-and-acceptance,mutual-acceptance
non-judgment-and-acceptance,mutual-acceptance-and-non-judgment
non-judgment-and-acceptance,mutual-understanding
non-judgment-and-acceptance,negotiating-drug-prices
non-judgment-and-acceptance,no-limit-records-references
non-judgment-and-acceptance,non-judgment-and-acceptance
non-judgment-and-acceptance,nonconformity
non-judgment-and-acceptance,not-letting-negativity-affect-you
non-judgment-and-acceptance,one-sided-effort
non-judgment-and-acceptance,online-posturing-mockery
non-judgment-and-acceptance,open-communication
non-judgment-and-acceptance,openness-and-communication
non-judgment-and-acceptance,outside-opinions
non-judgment-and-acceptance,paying-dues
non-judgment-and-acceptance,personal-boundaries
non-judgment-and-acceptance,personal-flaws-and-authenticity
non-judgment-and-acceptance,personal-flaws-and-issues
non-judgment-and-acceptance,plea-for-compromise
non-judgment-and-acceptance,pretense-of-innocence
non-judgment-and-acceptance,pretense-of-normalcy
non-judgment-and-acceptance,price-negotiation
non-judgment-and-acceptance,refusing-to-save-men
non-judgment-and-acceptance,rejecting-negativity
non-judgment-and-acceptance,rejecting-others-judgment
non-judgment-and-acceptance,rejecting-outside-opinions
non-judgment-and-acceptance,rejecting-pretension
non-judgment-and-acceptance,rejection-of-false-praise
non-judgment-and-acceptance,reluctant-social-obligation
non-judgment-and-acceptance,rule-breaking-for-love
non-judgment-and-acceptance,seeing-beauty-in-imperfection
non-judgment-and-acceptance,seeing-through-flattery
non-judgment-and-acceptance,seeking-compromise
non-judgment-and-acceptance,self-awareness-of-flaws
non-judgment-and-acceptance,self-imposed-rules
non-judgment-and-acceptance,self-restraint-and-dignity
non-judgment-and-acceptance,setting-boundaries
non-judgment-and-acceptance,social-disapproval
non-judgment-and-acceptance,social-hypocrisy-and-moral-corruption
non-judgment-and-acceptance,social-isolation-and-hostility
non-judgment-and-acceptance,social-judgment-vs-acceptance
non-judgment-and-acceptance,social-ridicule-and-doubt
non-judgment-and-acceptance,societal-pressure-and-hostility
non-judgment-and-acceptance,taking-responsibility-as-a-leader
non-judgment-and-acceptance,trust-and-reluctance
non-judgment-and-acceptance,two-faced-behavior
non-judgment-and-acceptance,unapologetic-attitude
non-judgment-and-acceptance,unapologetic-defiance
non-judgment-and-acceptance,unapologetic-selfishness
non-judgment-and-acceptance,unappreciated-worth
non-judgment-and-acceptance,unbothered-attitude
non-judgment-and-acceptance,unconditional-acceptance
non-judgment-and-acceptance,unreciprocated-effort
non-judgment-and-acceptance,unwanted-social-obligation
non-judgment-and-acceptance,unworthiness-and-gratitude
non-judgment-and-acceptance,willingness-and-betrayed-trust
non-judgment-and-acceptance,willingness-and-consent
non-judgment-and-acceptance,worthiness-and-admiration
nostalgia-and-longing,childhood-and-nostalgia
nostalgia-and-longing,childhood-nostalgia
nostalgia-and-longing,family-nostalgia
nostalgia-and-longing,homesickness-and-nostalgia
nostalgia-and-longing,longing-and-nostalgia
nostalgia-and-longing,memory-and-nostalgia
nostalgia-and-longing,nostalgia
nostalgia-and-longing,nostalgia-and-better-days
nostalgia-and-longing,nostalgia-and-change
nostalgia-and-longing,nostalgia-and-homecoming
nostalgia-and-longing,nostalgia-and-humble-origins
nostalgia-and-longing,nostalgia-and-intimacy
nostalgia-and-longing,nostalgia-and-longing
nostalgia-and-longing,nostalgia-and-memory
nostalgia-and-longing,nostalgia-and-personal-history
nostalgia-and-longing,nostalgia-and-regret
nostalgia-and-longing,nostalgia-and-self-reflection
nostalgia-and-longing,nostalgia-and-sentiment
nostalgia-and-longing,nostalgia-and-shared-past
nostalgia-and-longing,nostalgia-and-simpler-times
nostalgia-and-longing,nostalgia-for-better-days
nostalgia-and-longing,nostalgia-for-childhood
nostalgia-and-longing,nostalgia-for-intimacy
nostalgia-and-longing,nostalgia-for-past-encounter
nostalgia-and-longing,nostalgia-for-past-love
nostalgia-and-longing,nostalgia-for-past-relationship
nostalgia-and-longing,nostalgia-for-past-romance
nostalgia-and-longing,nostalgia-for-simple-life
nostalgia-and-longing,nostalgia-for-simple-things
nostalgia-and-longing,nostalgia-for-the-past
nostalgia-and-longing,nostalgia-for-the-relationship
nostalgia-and-longing,personal-nostalgia
nostalgia-and-longing,relationship-nostalgia
nostalgia-and-longing,romantic-nostalgia
nostalgia-and-longing,youthful-nostalgia
overcoming-hardship,acceptance-of-hardship
overcoming-hardship,acceptance-of-struggle
overcoming-hardship,adult-hardship
overcoming-hardship,adversity-and-struggle
overcoming-hardship,agricultural-hardship
overcoming-hardship,community-struggle
overcoming-hardship,daily-survival
overcoming-hardship,embracing-hardship
overcoming-hardship,everyday-hardship
overcoming-hardship,everyday-survival
overcoming-hardship,facing-lifes-hardships
overcoming-hardship,hardship-and-struggle
overcoming-hardship,hardship-and-survival
overcoming-hardship,hope-and-perseverance
overcoming-hardship,hope-through-hardship
overcoming-hardship,hopelessness-and-perseverance
overcoming-hardship,life-and-survival
overcoming-hardship,life-challenges-and-hardship
overcoming-hardship,living-on-the-edge
overcoming-hardship,living-without-money
overcoming-hardship,making-the-best-of-hardship
overcoming-hardship,overcoming-adversity
overcoming-hardship,overcoming-hardship
overcoming-hardship,overcoming-hardship-and-success
overcoming-hardship,overcoming-obstacles-together
overcoming-hardship,overcoming-odds-together
overcoming-hardship,past-struggles-and-hardship
overcoming-hardship,perseverance
overcoming-hardship,perseverance-against-odds
overcoming-hardship,perseverance-and-struggle
overcoming-hardship,perseverance-despite-hardship
overcoming-hardship,perseverance-in-faith
overcoming-hardship,perseverance-through-struggle
overcoming-hardship,personal-growth-through-hardship
overcoming-hardship,personal-struggle
overcoming-hardship,resilience-through-hardship
overcoming-hardship,rising-above-struggle
overcoming-hardship,struggle-and-ambition
overcoming-hardship,struggle-and-perseverance
overcoming-hardship,struggle-to-survive
overcoming-hardship,surviving-without-thriving
overcoming-hardship,turning-adversity-into-strength
overcoming-hardship,universal-struggle
overcoming-hardship,weathering-hardship
partner-inadequacy,admiration-of-a-partner
partner-inadequacy,admiration-of-partner
partner-inadequacy,admiring-a-partner's-beauty
partner-inadequacy,being-a-better-partner
partner-inadequacy,being-coupled-up
partner-inadequacy,being-the-primary-partner
partner-inadequacy,challenge-to-a-partner
partner-inadequacy,complementary-partnership
partner-inadequacy,criticism-of-ex-partner
partner-inadequacy,criticism-of-partner
partner-inadequacy,criticizing-a-rival-lover
partner-inadequacy,daily-relationship-routine
partner-inadequacy,deceptive-partner
partner-inadequacy,defending-a-flawed-partner
partner-inadequacy,desire-to-make-partner-happy
partner-inadequacy,devoted-partnership
partner-inadequacy,dismissiveness-toward-partner
partner-inadequacy,distrust-of-partner
partner-inadequacy,divine-blessing-of-relationship
partner-inadequacy,effortless-relationship
partner-inadequacy,emotional-significance-of-a-partner
partner-inadequacy,equal-partnership
partner-inadequacy,everyday-beauty-of-a-partner
partner-inadequacy,everyday-relationship-moments
partner-inadequacy,fixing-a-broken-partner
partner-inadequacy,frustration-with-partner
partner-inadequacy,generosity-toward-partner
partner-inadequacy,influence-on-a-partner
partner-inadequacy,inner-goodness-of-partner
partner-inadequacy,jealousy-of-new-partner
partner-inadequacy,jealousy-over-new-partner
partner-inadequacy,jealousy-over-new-relationship
partner-inadequacy,jealousy-toward-new-partner
partner-inadequacy,leaving-with-someone-new
partner-inadequacy,long-term-partnership-and-growth
partner-inadequacy,losing-control-over-partner
partner-inadequacy,material-investment-in-relationship
partner-inadequacy,multiple-options-and-dating
partner-inadequacy,multiple-partners
partner-inadequacy,multiple-romantic-interests
partner-inadequacy,multiple-romantic-partners
partner-inadequacy,need-for-partner
partner-inadequacy,partner-appreciation
partner-inadequacy,partner-as-an-asset
partner-inadequacy,partner-as-authority-figure
partner-inadequacy,partner-as-divine-light
partner-inadequacy,partner-as-everything
partner-inadequacy,partner-as-focus
partner-inadequacy,partner-as-irresistible
partner-inadequacy,partner-as-mirror
partner-inadequacy,partner-as-priority
partner-inadequacy,partner-avoidance
partner-inadequacy,partner-changing
partner-inadequacy,partner-inadequacy
partner-inadequacy,partner-insecurity
partner-inadequacy,partner-self-doubt
partner-inadequacy,partnership
partner-inadequacy,pleasing-a-partner
partner-inadequacy,reassuring-a-partner
partner-inadequacy,relationship-effort
partner-inadequacy,relationship-standards
partner-inadequacy,relationship-standards-and-demands
partner-inadequacy,romantic-partnership
partner-inadequacy,search-for-a-good-partner
partner-inadequacy,seeing-through-a-partner
partner-inadequacy,self-improvement-through-partnership
partner-inadequacy,spiritual-partnership
partner-inadequacy,spoiling-a-partner
partner-inadequacy,stealing-someone-elses-partner
partner-inadequacy,taking-a-partner-for-granted
partner-inadequacy,taking-each-other-for-granted
partner-inadequacy,the-new-partner
partner-inadequacy,transactional-desire
partner-inadequacy,transactional-relationship
partner-inadequacy,transactional-relationships
partner-inadequacy,transactional-sex
partner-inadequacy,treating-your-partner
partner-inadequacy,wanting-a-loyal-equal-partner
partner-inadequacy,wanting-stability-in-a-partner
partner-inadequacy,warning-to-a-partner
partner-inadequacy,wasted-investment-in-relationship
partying-and-nightlife,alcohol-and-drinking
partying-and-nightlife,alcohol-and-nightlife
partying-and-nightlife,alcohol-and-partying
partying-and-nightlife,bar-and-music-as-refuge
partying-and-nightlife,bar-and-music-culture
partying-and-nightlife,bar-and-nightlife
partying-and-nightlife,bar-nightlife-setting
partying-and-nightlife,bar-party-setting
partying-and-nightlife,bar-pickup-setting
partying-and-nightlife,bar-scene
partying-and-nightlife,bar-scene-as-refuge
partying-and-nightlife,bar-scene-atmosphere
partying-and-nightlife,bar-setting
partying-and-nightlife,club-energy
partying-and-nightlife,dancing-and-nightlife
partying-and-nightlife,dancing-and-partying
partying-and-nightlife,drinking-and-bar-culture
partying-and-nightlife,drinking-and-dive-bars
partying-and-nightlife,drinking-and-good-times
partying-and-nightlife,drinking-and-leisure
partying-and-nightlife,drinking-and-moonshine
partying-and-nightlife,drinking-and-partying
partying-and-nightlife,drug-and-party-lifestyle
partying-and-nightlife,drug-use-and-partying
partying-and-nightlife,escaping-the-party
partying-and-nightlife,hedonistic-partying
partying-and-nightlife,hollywood-nightlife
partying-and-nightlife,leaving-the-strip-club-life
partying-and-nightlife,miami-nightlife
partying-and-nightlife,nightclub-atmosphere
partying-and-nightlife,nightclub-energy
partying-and-nightlife,nightclub-lifestyle
partying-and-nightlife,nightclub-party-culture
partying-and-nightlife,nightlife
partying-and-nightlife,nightlife-and-celebrity
partying-and-nightlife,nightlife-and-clubbing
partying-and-nightlife,nightlife-and-dancing
partying-and-nightlife,nightlife-and-excess
partying-and-nightlife,nightlife-and-midnight-thrills
partying-and-nightlife,nightlife-and-party
partying-and-nightlife,nightlife-and-partying
partying-and-nightlife,nightlife-and-performance
partying-and-nightlife,nightlife-and-urban-atmosphere
partying-and-nightlife,nightlife-atmosphere
partying-and-nightlife,nightlife-bar-scene
partying-and-nightlife,nightlife-chaos
partying-and-nightlife,nightlife-dancing
partying-and-nightlife,nightlife-glamour
partying-and-nightlife,nightlife-setting
partying-and-nightlife,outdoor-nightlife
partying-and-nightlife,party-and-nightlife
partying-and-nightlife,party-and-performance-energy
partying-and-nightlife,party-atmosphere
partying-and-nightlife,party-culture-and-excess
partying-and-nightlife,party-discomfort
partying-and-nightlife,party-energy
partying-and-nightlife,party-excess
partying-and-nightlife,party-lifestyle
partying-and-nightlife,partying-and-dancing
partying-and-nightlife,partying-and-drinking
partying-and-nightlife,partying-and-getting-high
partying-and-nightlife,partying-and-indulgence
partying-and-nightlife,partying-and-intoxication
partying-and-nightlife,partying-and-nightlife
partying-and-nightlife,partying-and-substance-use
partying-and-nightlife,partying-and-substances
partying-and-nightlife,partying-and-turning-up
partying-and-nightlife,partying-and-wild-lifestyle
partying-and-nightlife,partying-and-women
partying-and-nightlife,romance-and-nightclub-atmosphere
partying-and-nightlife,social-drinking
partying-and-nightlife,strip-club-culture
partying-and-nightlife,substance-use-and-partying
partying-and-nightlife,wild-partying
past-trauma-and-healing,alcohol-and-numbness
past-trauma-and-healing,brokenness-and-healing
past-trauma-and-healing,childhood-trauma
past-trauma-and-healing,childhood-trauma-and-marginalization
past-trauma-and-healing,community-and-generational-trauma
past-trauma-and-healing,compassion-turning-to-pity
past-trauma-and-healing,coping-with-pain
past-trauma-and-healing,cry-for-help
past-trauma-and-healing,cycle-of-hurt
past-trauma-and-healing,denial-of-pain
past-trauma-and-healing,desire-for-relief
past-trauma-and-healing,desperate-plea-for-comfort
past-trauma-and-healing,desperate-plea-for-relief
past-trauma-and-healing,desperate-pleading
past-trauma-and-healing,desperate-prayer
past-trauma-and-healing,desperation-for-relief
past-trauma-and-healing,domestic-abuse
past-trauma-and-healing,emotional-numbness
past-trauma-and-healing,emotional-numbness-after-breakup
past-trauma-and-healing,emotional-numbness-after-heartbreak
past-trauma-and-healing,emotional-numbness-and-avoidance
past-trauma-and-healing,emotional-numbness-and-depression
past-trauma-and-healing,emotional-numbness-sought
past-trauma-and-healing,family-trauma
past-trauma-and-healing,generational-trauma
past-trauma-and-healing,healing-and-recovery
past-trauma-and-healing,healing-and-renewal
past-trauma-and-healing,healing-from-past-hurt
past-trauma-and-healing,healing-through-connection
past-trauma-and-healing,healing-through-intimacy
past-trauma-and-healing,healing-through-love
past-trauma-and-healing,healing-with-time
past-trauma-and-healing,hidden-pain
past-trauma-and-healing,hidden-trauma
past-trauma-and-healing,hiding-pain-behind-a-facade
past-trauma-and-healing,hiding-pain-from-others
past-trauma-and-healing,hope-and-healing
past-trauma-and-healing,inherited-trauma
past-trauma-and-healing,intoxication-and-numbness
past-trauma-and-healing,longing-for-relief
past-trauma-and-healing,love-as-healing
past-trauma-and-healing,masking-pain
past-trauma-and-healing,masochism-and-pain
past-trauma-and-healing,misunderstood-suffering
past-trauma-and-healing,numbing-pain
past-trauma-and-healing,numbing-pain-through-substances
past-trauma-and-healing,pain-as-transformation
past-trauma-and-healing,past-trauma
past-trauma-and-healing,past-trauma-and-healing
past-trauma-and-healing,performing-despite-pain
past-trauma-and-healing,plea-for-compassion
past-trauma-and-healing,plea-for-divine-mercy
past-trauma-and-healing,plea-for-support
past-trauma-and-healing,pleading-for-mercy
past-trauma-and-healing,pleading-for-support
past-trauma-and-healing,renewal-and-hope
past-trauma-and-healing,repetitive-suffering
past-trauma-and-healing,searching-for-relief
past-trauma-and-healing,self-harm-and-hidden-pain
past-trauma-and-healing,self-protection-after-hurt
past-trauma-and-healing,shared-human-suffering
past-trauma-and-healing,social-suffering-and-injustice
past-trauma-and-healing,spiritual-plea
past-trauma-and-healing,survival-and-healing
past-trauma-and-healing,time-healing-wounds
past-trauma-and-healing,trauma-and-abuse
past-trauma-and-healing,trauma-and-emotional-scars
past-trauma-and-healing,trauma-and-memory
past-trauma-and-healing,trauma-and-past-wounds
past-trauma-and-healing,trauma-and-ptsd
past-trauma-and-healing,universal-suffering
past-trauma-and-healing,unspoken-pain
past-trauma-and-healing,yearning-for-freedom-from-pain
personal-growth-and-change,change-and-constancy
personal-growth-and-change,change-and-growth
personal-growth-and-change,change-and-loss
personal-growth-and-change,change-and-moving-on
personal-growth-and-change,cleansing-and-renewal
personal-growth-and-change,desire-for-change
personal-growth-and-change,emotional-change
personal-growth-and-change,emotional-rebirth
personal-growth-and-change,emotional-renewal
personal-growth-and-change,fear-of-change
personal-growth-and-change,identity-reinvention
personal-growth-and-change,life-disruption-and-upheaval
personal-growth-and-change,life-transformation
personal-growth-and-change,longing-for-change
personal-growth-and-change,personal-change
personal-growth-and-change,personal-growth
personal-growth-and-change,personal-growth-and-change
personal-growth-and-change,personal-growth-and-self-improvement
personal-growth-and-change,personal-growth-and-transformation
personal-growth-and-change,personal-reinvention
personal-growth-and-change,personal-renewal
personal-growth-and-change,personal-transformation
personal-growth-and-change,potential-for-change
personal-growth-and-change,readiness-for-change
personal-growth-and-change,revival-and-renewal
personal-growth-and-change,self-improvement-and-success
personal-growth-and-change,self-reclamation
personal-growth-and-change,self-reinvention
personal-growth-and-change,self-renewal
personal-growth-and-change,social-lifestyle-shift
personal-growth-and-change,spiritual-rebirth
personal-growth-and-change,spiritual-transformation
personal-growth-and-change,struggle-for-self-improvement
personal-growth-and-change,transformation-and-renewal
possessiveness-and-exclusivity,comparison-of-relationships
possessiveness-and-exclusivity,comparison-to-a-predecessor
possessiveness-and-exclusivity,comparison-to-another-woman
possessiveness-and-exclusivity,contrasting-personalities
possessiveness-and-exclusivity,cultural-contrast
possessiveness-and-exclusivity,entertainment-comparison
possessiveness-and-exclusivity,exclusivity
possessiveness-and-exclusivity,exclusivity-and-status
possessiveness-and-exclusivity,exclusivity-in-relationships
possessiveness-and-exclusivity,exclusivity-of-relationship
possessiveness-and-exclusivity,female-uniqueness
possessiveness-and-exclusivity,intellectual-ownership
possessiveness-and-exclusivity,jealousy-and-possessiveness
possessiveness-and-exclusivity,male-jealousy-and-possessiveness
possessiveness-and-exclusivity,maternal-contrast
possessiveness-and-exclusivity,mutual-possession
possessiveness-and-exclusivity,possessive-love
possessiveness-and-exclusivity,possessiveness
possessiveness-and-exclusivity,possessiveness-and-control
possessiveness-and-exclusivity,possessiveness-and-desire
possessiveness-and-exclusivity,possessiveness-and-devotion
possessiveness-and-exclusivity,possessiveness-and-exclusivity
possessiveness-and-exclusivity,possessiveness-and-jealousy
possessiveness-and-exclusivity,possessiveness-and-obsession
possessiveness-and-exclusivity,rarity-and-uniqueness
possessiveness-and-exclusivity,rejecting-exclusivity
possessiveness-and-exclusivity,spiritual-comparison
possessiveness-and-exclusivity,total-possession
possessiveness-and-exclusivity,total-possession-and-exclusivity
possessiveness-and-exclusivity,uniqueness
possessiveness-and-exclusivity,uniqueness-and-standing-out
possessiveness-and-exclusivity,uniqueness-and-superiority
possessiveness-and-exclusivity,uniqueness-of-a-woman
predatory-threat,awkward-unexpected-encounter
predatory-threat,being-replaced
predatory-threat,being-stood-up
predatory-threat,being-taken-advantage-of
predatory-threat,being-used
predatory-threat,betrayal-and-replacement
predatory-threat,calling-out-a-cheater
predatory-threat,calling-out-a-player
predatory-threat,calling-out-fake-beef
predatory-threat,calling-out-fake-opponents
predatory-threat,calling-out-fake-people
predatory-threat,calling-out-fake-women
predatory-threat,calling-out-fakers
predatory-threat,chance-encounter
predatory-threat,consequences-and-risk
predatory-threat,cutting-off-an-ex
predatory-threat,cutting-off-fake-people
predatory-threat,cutting-off-toxic-people
predatory-threat,cutting-someone-off
predatory-threat,danger-and-consequence
predatory-threat,dangerous-company
predatory-threat,desperate-pursuit
predatory-threat,dismissing-conversation
predatory-threat,dismissing-fake-people
predatory-threat,dismissing-manipulation
predatory-threat,emotional-exploitation
predatory-threat,emotional-manipulation
predatory-threat,enemies-and-opposition
predatory-threat,enemies-and-threats
predatory-threat,enemies-wishing-harm
predatory-threat,enemy-threats
predatory-threat,escalation-to-murder
predatory-threat,exploitation-and-colonization
predatory-threat,exploitation-and-cost
predatory-threat,exploitation-and-using-others
predatory-threat,fake-beef-and-attention-seeking
predatory-threat,female-manipulation-through-sex
predatory-threat,financial-exploitation
predatory-threat,goat-debate
predatory-threat,hidden-danger
predatory-threat,jealousy-and-replacement
predatory-threat,male-manipulation
predatory-threat,male-pursuit
predatory-threat,manipulation
predatory-threat,manipulation-and-games
predatory-threat,manipulation-and-power
predatory-threat,manipulation-and-seduction
predatory-threat,mutual-escalation
predatory-threat,narcissism-and-predatory-behavior
predatory-threat,ocean-wildlife
predatory-threat,online-harassment
predatory-threat,overcoming-manipulation
predatory-threat,power-and-manipulation
predatory-threat,predator-and-prey
predatory-threat,predatory-behavior
predatory-threat,predatory-behavior-accusations
predatory-threat,predatory-confidence
predatory-threat,predatory-hunting
predatory-threat,predatory-threat
predatory-threat,provocation-and-shock
predatory-threat,pursuit-and-retaliation
predatory-threat,pursuit-of-a-woman
predatory-threat,rejecting-fake-people
predatory-threat,seduction-pursuit
predatory-threat,sexual-exploitation
predatory-threat,sexual-pursuit
predatory-threat,shock-humor-provocation
predatory-threat,stalking-and-hunting-enemies
predatory-threat,threat-and-danger
predatory-threat,threat-and-power
predatory-threat,threatening-opponents
predatory-threat,threatening-power
predatory-threat,threatening-rivals
predatory-threat,threats-and-bravado
predatory-threat,unexpected-encounter
predatory-threat,unexpected-pregnancy
predatory-threat,uninvited-pursuit
predatory-threat,unsolicited-advice
predatory-threat,unwanted-advances
predatory-threat,unwanted-contact
predatory-threat,unwanted-pursuit
predatory-threat,warning-and-consequences
predatory-threat,warning-and-deterrence
reassurance-and-comfort,being-used-for-comfort
reassurance-and-comfort,call-for-peace
reassurance-and-comfort,comfort-and-care
reassurance-and-comfort,comfort-and-familiarity
reassurance-and-comfort,comfort-and-support
reassurance-and-comfort,comfort-in-another
reassurance-and-comfort,comfort-turning-to-love
reassurance-and-comfort,coming-out-and-reclaiming-joy
reassurance-and-comfort,contentment-and-happiness
reassurance-and-comfort,contentment-and-joy
reassurance-and-comfort,contentment-and-peace
reassurance-and-comfort,contentment-in-relationship
reassurance-and-comfort,contentment-vs-insecurity
reassurance-and-comfort,craving-comfort
reassurance-and-comfort,desire-for-peace
reassurance-and-comfort,emotional-breakthrough
reassurance-and-comfort,emotional-comfort
reassurance-and-comfort,emotional-emptiness
reassurance-and-comfort,emotional-emptiness-and-fulfillment
reassurance-and-comfort,emotional-energy
reassurance-and-comfort,emotional-fulfillment
reassurance-and-comfort,emotional-healing
reassurance-and-comfort,emotional-openness
reassurance-and-comfort,emotional-reassurance
reassurance-and-comfort,emotional-release
reassurance-and-comfort,emotional-relief
reassurance-and-comfort,emotional-rescue
reassurance-and-comfort,emotional-support
reassurance-and-comfort,emotional-support-and-healing
reassurance-and-comfort,emotional-support-from-a-loved-one
reassurance-and-comfort,emotional-support-from-another
reassurance-and-comfort,emotional-uplift
reassurance-and-comfort,emotional-void-filled-with-materialism
reassurance-and-comfort,emotional-wellbeing
reassurance-and-comfort,emptiness
reassurance-and-comfort,emptiness-and-nihilism
reassurance-and-comfort,escaping-daily-stress
reassurance-and-comfort,existential-emptiness
reassurance-and-comfort,finding-peace-amid-chaos
reassurance-and-comfort,guidance-and-reassurance
reassurance-and-comfort,happiness-and-contentment
reassurance-and-comfort,happiness-and-fulfillment
reassurance-and-comfort,inner-emptiness
reassurance-and-comfort,inner-peace
reassurance-and-comfort,inner-peace-and-conflict
reassurance-and-comfort,joy-and-living
reassurance-and-comfort,joy-and-togetherness
reassurance-and-comfort,letting-go-of-stress
reassurance-and-comfort,letting-go-of-worries
reassurance-and-comfort,love-as-comfort
reassurance-and-comfort,manufactured-happiness
reassurance-and-comfort,mentorship-and-guidance
reassurance-and-comfort,non-judgmental-support
reassurance-and-comfort,offering-comfort
reassurance-and-comfort,opening-up-the-heart
reassurance-and-comfort,overcoming-stress
reassurance-and-comfort,physical-closeness-and-comfort
reassurance-and-comfort,physical-comfort
reassurance-and-comfort,physical-comfort-and-intimacy
reassurance-and-comfort,positivity-and-wellbeing
reassurance-and-comfort,reassurance
reassurance-and-comfort,reassurance-and-comfort
reassurance-and-comfort,reassurance-and-commitment
reassurance-and-comfort,reassurance-and-doubt
reassurance-and-comfort,reassurance-and-patience
reassurance-and-comfort,reassurance-of-love
reassurance-and-comfort,relationship-contentment
reassurance-and-comfort,romantic-contentment
reassurance-and-comfort,search-for-inner-peace
reassurance-and-comfort,searching-for-emotional-fulfillment
reassurance-and-comfort,searching-for-inner-peace
reassurance-and-comfort,searching-for-peace
reassurance-and-comfort,seeking-comfort
reassurance-and-comfort,spiritual-emptiness
reassurance-and-comfort,spiritual-reassurance
reassurance-and-comfort,spiritual-solace
reassurance-and-comfort,stress-relief
reassurance-and-comfort,stress-relief-through-pleasure
reassurance-and-comfort,true-happiness
reassurance-and-comfort,trust-and-reassurance
reassurance-and-protection,armed-lifestyle
reassurance-and-protection,armed-protection
reassurance-and-protection,armed-readiness
reassurance-and-protection,armed-self-protection
reassurance-and-protection,battle-readiness
reassurance-and-protection,emotional-refuge
reassurance-and-protection,emotional-self-protection
reassurance-and-protection,longing-for-protection
reassurance-and-protection,longing-for-safety
reassurance-and-protection,longing-for-safety-and-rest
reassurance-and-protection,magical-rescue
reassurance-and-protection,military-deployment
reassurance-and-protection,mutual-protection
reassurance-and-protection,mutual-rescue
reassurance-and-protection,obsession-with-weapons
reassurance-and-protection,private-retreat
reassurance-and-protection,protection-and-safety
reassurance-and-protection,protection-and-security
reassurance-and-protection,protection-of-loved-one
reassurance-and-protection,protection-through-love
reassurance-and-protection,protective-love
reassurance-and-protection,protective-relationship
reassurance-and-protection,reassurance-and-protection
reassurance-and-protection,relief-and-safety
reassurance-and-protection,rescue-and-protection
reassurance-and-protection,safety-and-security
reassurance-and-protection,seeking-comfort-and-safety
reassurance-and-protection,seeking-refuge
reassurance-and-protection,self-preservation
reassurance-and-protection,self-protection
reassurance-and-protection,self-protection-and-detachment
reassurance-and-protection,spiritual-warfare
reassurance-and-protection,verbal-weaponry
reassurance-and-protection,weapons
reassurance-and-protection,weapons-and-firepower
reassurance-and-protection,weapons-and-toughness
reassurance-and-protection,weapons-obsession
reggaeton-culture,anti-lgbtq-bigotry
reggaeton-culture,college-football-culture
reggaeton-culture,corridos-tumbados-culture
reggaeton-culture,corridos-tumbados-identity
reggaeton-culture,country-authenticity
reggaeton-culture,cultural-authenticity
reggaeton-culture,cultural-diversity
reggaeton-culture,cultural-identity
reggaeton-culture,cultural-pride-and-collaboration
reggaeton-culture,desconfiança-e-rivalidade
reggaeton-culture,dinheiro-e-acumulação-de-riqueza
reggaeton-culture,gun-culture
reggaeton-culture,gun-culture-and-heritage
reggaeton-culture,gun-rights-and-heritage
reggaeton-culture,hookup-culture
reggaeton-culture,latin-cultural-identity
reggaeton-culture,latino-pride-and-culture
reggaeton-culture,lealdade-à-gangue
reggaeton-culture,lean-culture
reggaeton-culture,lgbtq-identity-and-acceptance
reggaeton-culture,luxo-e-ostentação
reggaeton-culture,midnight-hookup-culture
reggaeton-culture,multicultural-collaboration
reggaeton-culture,puerto-rican-pride
reggaeton-culture,puerto-rican-pride-and-identity
reggaeton-culture,queer-identity
reggaeton-culture,rap-beef-and-rivalry
reggaeton-culture,rap-career-and-artistry
reggaeton-culture,rap-collaboration-and-clout
reggaeton-culture,rap-competition
reggaeton-culture,rap-dominance
reggaeton-culture,rap-dominance-and-braggadocio
reggaeton-culture,rap-dominance-and-influence
reggaeton-culture,rap-dominance-and-lyrical-worth
reggaeton-culture,rap-legacy
reggaeton-culture,rap-success-and-wealth
reggaeton-culture,rap-superiority
reggaeton-culture,rap-supremacy
reggaeton-culture,rapper-deaths
reggaeton-culture,rapper-deaths-and-mortality
reggaeton-culture,reggaeton-culture
reggaeton-culture,reggaeton-dancing
reggaeton-culture,reggaeton-dominance
reggaeton-culture,reggaeton-nightlife
reggaeton-culture,reggaeton-party-culture
reggaeton-culture,regional-mexican-music-identity
reggaeton-culture,riqueza-e-ascensão-social
reggaeton-culture,rivalry-and-rap-competition
reggaeton-culture,the-american-west
reggaeton-culture,the-american-west-as-mythic-space
reggaeton-culture,tradition-versus-modernity
reggaeton-culture,tradition-vs-modernity
reggaeton-culture,traditional-values
reggaeton-culture,trap-music-scene-rivalry
reggaeton-culture,tráfico-de-drogas
reggaeton-culture,urban-reggaeton-culture
reggaeton-culture,violência-e-armamento
regret-and-reflection,foolishness-and-regret
regret-and-reflection,guilt-and-regret
regret-and-reflection,mistakes-and-regret
regret-and-reflection,moving-on-and-regret
regret-and-reflection,no-regrets
regret-and-reflection,no-regrets-attitude
regret-and-reflection,procrastination-and-regret
regret-and-reflection,regret
regret-and-reflection,regret-and-acceptance
regret-and-reflection,regret-and-blame
regret-and-reflection,regret-and-guilt
regret-and-reflection,regret-and-hindsight
regret-and-reflection,regret-and-imperfection
regret-and-reflection,regret-and-letting-someone-down
regret-and-reflection,regret-and-loss
regret-and-reflection,regret-and-lost-love
regret-and-reflection,regret-and-missed-timing
regret-and-reflection,regret-and-moving-on
regret-and-reflection,regret-and-reflection
regret-and-reflection,regret-and-remorse
regret-and-reflection,regret-and-retrospection
regret-and-reflection,regret-and-self-blame
regret-and-reflection,regret-and-self-warning
regret-and-reflection,regret-and-sin
regret-and-reflection,regret-and-sorrow
regret-and-reflection,regret-and-unspoken-feelings
regret-and-reflection,regret-and-wasted-effort
regret-and-reflection,regret-and-what-if
regret-and-reflection,regret-over-timing
regret-and-reflection,regret-over-words
regret-and-reflection,remorse-and-regret
regret-and-reflection,self-awareness-and-regret
regret-and-reflection,self-doubt-and-regret
regret-and-reflection,self-reflection-and-regret
regret-and-reflection,shame-and-regret
rejection-of-women,anger-and-rejection
rejection-of-women,attraction-to-a-bad-boy
rejection-of-women,attraction-to-bad-boys
rejection-of-women,attraction-to-bad-girls
rejection-of-women,attraction-to-bad-women
rejection-of-women,bad-boy-appeal
rejection-of-women,bad-boy-attraction
rejection-of-women,bad-boy-persona
rejection-of-women,bad-girl-identity
rejection-of-women,bad-girl-image
rejection-of-women,bad-girl-persona
rejection-of-women,defiance-of-objectification
rejection-of-women,dismissal-of-women
rejection-of-women,dismissing-men
rejection-of-women,dismissing-other-women
rejection-of-women,dismissing-women
rejection-of-women,dismissiveness-toward-men
rejection-of-women,extracting-resources-from-men
rejection-of-women,female-objectification
rejection-of-women,frustration-with-dating-norms
rejection-of-women,gender-and-domestic-burden
rejection-of-women,gender-expectations
rejection-of-women,gender-perspective-exchange
rejection-of-women,good-girl-bad-boy-attraction
rejection-of-women,good-girl-rebellion
rejection-of-women,insecurity-and-masculinity
rejection-of-women,male-inadequacy
rejection-of-women,male-incompetence
rejection-of-women,male-inconsistency
rejection-of-women,masculine-identity
rejection-of-women,masculine-protection
rejection-of-women,masculinity-and-self-reliance
rejection-of-women,rebellion-against-good-girl-image
rejection-of-women,refusal-to-be-objectified
rejection-of-women,refusing-objectification
rejection-of-women,rejecting-broke-men
rejection-of-women,rejecting-gender-stereotypes
rejection-of-women,rejecting-unworthy-men
rejection-of-women,rejection
rejection-of-women,rejection-and-cutting-contact
rejection-of-women,rejection-and-dismissal
rejection-of-women,rejection-and-feeling-unloved
rejection-of-women,rejection-and-indifference
rejection-of-women,rejection-and-refusal
rejection-of-women,rejection-of-gender-stereotypes
rejection-of-women,rejection-of-romance
rejection-of-women,rejection-of-traditional-relationships
rejection-of-women,rejection-of-women
rejection-of-women,sexual-dominance-and-objectification
rejection-of-women,societal-pressure-on-women
rejection-of-women,societal-underestimation-of-women
rejection-of-women,spite-and-rejection
rejection-of-women,women-and-status
relationship-breakup,amicable-breakup
relationship-breakup,anniversary-of-a-breakup
relationship-breakup,anniversary-of-pain
relationship-breakup,avoiding-post-breakup-drama
relationship-breakup,breakup
relationship-breakup,breakup-aftermath
relationship-breakup,breakup-and-closure
relationship-breakup,breakup-and-loss
relationship-breakup,breakup-and-moving-on
relationship-breakup,breakup-and-separation
relationship-breakup,breakup-finality
relationship-breakup,breakup-pain
relationship-breakup,breakup-regret
relationship-breakup,broken-relationship
relationship-breakup,comparing-past-and-present-lovers
relationship-breakup,doomed-relationship
relationship-breakup,dramatic-breakup
relationship-breakup,emotional-void-and-rebound
relationship-breakup,empowerment-after-breakup
relationship-breakup,end-of-relationship
relationship-breakup,ex-drama
relationship-breakup,ex-partner-regret
relationship-breakup,ex-partners-regret
relationship-breakup,fading-identity-after-breakup
relationship-breakup,failed-attempts-to-move-on
relationship-breakup,failed-relationship
relationship-breakup,failed-relationships
relationship-breakup,farewell-and-moving-on
relationship-breakup,freedom-after-heartbreak
relationship-breakup,leaving-and-moving-on
relationship-breakup,moving-on
relationship-breakup,moving-on-after-a-relationship
relationship-breakup,moving-on-after-breakup
relationship-breakup,moving-on-after-heartbreak
relationship-breakup,moving-on-and-detachment
relationship-breakup,moving-on-and-finality
relationship-breakup,moving-on-and-self-recovery
relationship-breakup,moving-on-attempt
relationship-breakup,moving-on-attempts
relationship-breakup,moving-on-from-a-bad-relationship
relationship-breakup,moving-on-from-drama
relationship-breakup,moving-on-from-ex
relationship-breakup,moving-on-from-love
relationship-breakup,moving-on-from-past-relationships
relationship-breakup,moving-on-from-relationships
relationship-breakup,moving-on-struggle
relationship-breakup,moving-on-with-difficulty
relationship-breakup,mutual-breakup
relationship-breakup,painful-breakup
relationship-breakup,past-drama-left-behind
relationship-breakup,past-history-and-attraction
relationship-breakup,past-relationship-baggage
relationship-breakup,past-relationship-contrast
relationship-breakup,past-relationship-failures
relationship-breakup,past-relationship-reflection
relationship-breakup,past-relationship-regret
relationship-breakup,past-relationship-struggles
relationship-breakup,past-relationship-trauma
relationship-breakup,past-relationship-wound
relationship-breakup,past-relationships
relationship-breakup,past-relationships-leading-to-true-love
relationship-breakup,past-trauma-affecting-love
relationship-breakup,post-breakup-denial
relationship-breakup,post-breakup-depression
relationship-breakup,post-breakup-empowerment
relationship-breakup,post-breakup-freedom
relationship-breakup,post-breakup-friendship
relationship-breakup,post-breakup-pain
relationship-breakup,post-breakup-pretense
relationship-breakup,post-breakup-rebound
relationship-breakup,post-breakup-recovery
relationship-breakup,regret-over-breakup
relationship-breakup,regret-over-past-relationship
relationship-breakup,relationship-breakdown
relationship-breakup,relationship-breakup
relationship-breakup,relationship-deterioration
relationship-breakup,relationship-dissolution
relationship-breakup,relationship-drama
relationship-breakup,relationship-ending
relationship-breakup,relationship-falling-apart
relationship-breakup,relationship-loss
relationship-breakup,relief-after-breakup
relationship-breakup,romantic-breakup
relationship-breakup,self-preservation-and-moving-on
relationship-breakup,social-awkwardness-after-breakup
relationship-breakup,troubled-relationship
relationship-breakup,uncertainty-about-moving-on
relationship-breakup,unfinished-relationship
relationship-complications,ambiguous-relationship
relationship-complications,chaotic-relationship
relationship-complications,complicated-relationship
relationship-complications,complicated-relationship-dynamic
relationship-complications,complicated-relationships
relationship-complications,dissatisfaction-in-relationship
relationship-complications,healthy-relationship
relationship-complications,imperfect-relationship
relationship-complications,incompatibility-in-relationships
relationship-complications,indecision-in-relationship
relationship-complications,independence-from-relationships
relationship-complications,irreplaceable-partner
relationship-complications,irreplaceable-relationships
relationship-complications,new-relationship-discovery
relationship-complications,new-relationship-inadequacy
relationship-complications,on-again-off-again-relationship
relationship-complications,on-and-off-relationship
relationship-complications,partner-disappointment
relationship-complications,relationship-ambiguity
relationship-complications,relationship-ambivalence
relationship-complications,relationship-certainty
relationship-complications,relationship-complexity
relationship-complications,relationship-complications
relationship-complications,relationship-conflict
relationship-complications,relationship-confusion
relationship-complications,relationship-crossroads
relationship-complications,relationship-direction
relationship-complications,relationship-disappointment
relationship-complications,relationship-dissatisfaction
relationship-complications,relationship-frustration
relationship-complications,relationship-incompatibility
relationship-complications,relationship-longevity-doubt
relationship-complications,relationship-mistakes
relationship-complications,relationship-on-the-brink
relationship-complications,relationship-on-the-edge
relationship-complications,relationship-resilience
relationship-complications,relationship-strain
relationship-complications,relationship-struggle
relationship-complications,relationship-struggles
relationship-complications,relationship-tension
relationship-complications,relationship-transition
relationship-complications,relationship-transition-and-hope
relationship-complications,relationship-turbulence
relationship-complications,relationship-ultimatum
relationship-complications,relationship-uncertainty
relationship-complications,romantic-relationship-tension
relationship-complications,turbulent-relationship
relationship-complications,uncertainty-in-relationships
relationship-complications,undefined-relationship
relationship-complications,unwanted-association
relationship-complications,volatile-relationships
relentless-ambition,adrenaline-and-drive
relentless-ambition,aggression-and-toughness
relentless-ambition,ambivalence-and-indecision
relentless-ambition,animalistic-desire
relentless-ambition,attraction-to-danger
relentless-ambition,attraction-to-trouble
relentless-ambition,bad-decisions
relentless-ambition,being-at-a-crossroads
relentless-ambition,calling-out-fake-toughness
relentless-ambition,casual-convenience
relentless-ambition,championship-mentality
relentless-ambition,constant-hustle
relentless-ambition,decision-and-crossroads
relentless-ambition,dominance-and-toughness
relentless-ambition,drunken-reckless-behavior
relentless-ambition,drunken-recklessness
relentless-ambition,emotional-recklessness
relentless-ambition,excitement-and-nervousness
relentless-ambition,fake-toughness-and-posturing
relentless-ambition,fleeting-luck-and-fortune
relentless-ambition,freedom-and-spontaneity
relentless-ambition,generational-fun
relentless-ambition,human-nature
relentless-ambition,impulsive-choices
relentless-ambition,impulsive-decisions
relentless-ambition,indecision
relentless-ambition,indecisiveness
relentless-ambition,indecisiveness-and-mixed-signals
relentless-ambition,inner-strength
relentless-ambition,intoxication-and-recklessness
relentless-ambition,joyful-fun
relentless-ambition,luck-and-optimism
relentless-ambition,luck-and-risk-taking
relentless-ambition,never-give-up-mentality
relentless-ambition,nonstop-drive
relentless-ambition,nothing-to-lose-mentality
relentless-ambition,patience-and-gentleness
relentless-ambition,patience-and-perseverance
relentless-ambition,patience-and-respect
relentless-ambition,patient-pursuit
relentless-ambition,personal-strength
relentless-ambition,physical-arousal
relentless-ambition,physical-endurance
relentless-ambition,physical-intensity
relentless-ambition,positive-mindset
relentless-ambition,primal-desire
relentless-ambition,primal-instinct
relentless-ambition,reckless-abandon
relentless-ambition,reckless-behavior
relentless-ambition,relentless-ambition
relentless-ambition,relentless-drive
relentless-ambition,relentless-grind
relentless-ambition,risk-taking
relentless-ambition,risk-taking-and-danger
relentless-ambition,risk-taking-and-living-boldly
relentless-ambition,risk-taking-lifestyle
relentless-ambition,ruthless-determination
relentless-ambition,scoring-and-winning
relentless-ambition,self-proclaimed-toughness
relentless-ambition,speed-and-thrill-seeking
relentless-ambition,spontaneity-and-chance
relentless-ambition,spontaneity-and-location
relentless-ambition,spontaneous-fun
relentless-ambition,street-credibility-and-toughness
relentless-ambition,street-loyalty-and-toughness
relentless-ambition,street-toughness
relentless-ambition,survival-instinct
relentless-ambition,survival-mentality
relentless-ambition,taking-a-risk
relentless-ambition,taking-risks
relentless-ambition,thrill-of-danger
relentless-ambition,thrill-of-the-moment
relentless-ambition,thrill-seeking
relentless-ambition,toughness-and-dominance
relentless-ambition,unstoppable-ambition
relentless-ambition,unstoppable-drive
relentless-ambition,unwavering-attention
relentless-ambition,unwavering-pursuit
relentless-ambition,winning-mentality
relentless-ambition,youthful-recklessness
reluctance-to-let-go,abandonment
reluctance-to-let-go,absent-father
reluctance-to-let-go,ambition-and-leaving
reluctance-to-let-go,avoidance-of-goodbye
reluctance-to-let-go,avoiding-emotional-attachment
reluctance-to-let-go,bitter-farewell
reluctance-to-let-go,bittersweet-farewell
reluctance-to-let-go,choosing-to-walk-away
reluctance-to-let-go,closure
reluctance-to-let-go,closure-seeking
reluctance-to-let-go,controlling-men
reluctance-to-let-go,cutting-ties
reluctance-to-let-go,denial-and-reluctance-to-let-go
reluctance-to-let-go,denial-of-emotional-attachment
reluctance-to-let-go,departure-and-abandonment
reluctance-to-let-go,departure-and-absence
reluctance-to-let-go,desire-to-stay
reluctance-to-let-go,detachment-from-women
reluctance-to-let-go,detachment-in-romance
reluctance-to-let-go,difficulty-letting-go
reluctance-to-let-go,disconnecting-from-the-world
reluctance-to-let-go,distancing-from-someone
reluctance-to-let-go,drinking-and-letting-go
reluctance-to-let-go,emotional-closure
reluctance-to-let-go,emotional-detachment
reluctance-to-let-go,emotional-detachment-attempt
reluctance-to-let-go,emotional-neglect
reluctance-to-let-go,emotional-withdrawal
reluctance-to-let-go,father-abandonment
reluctance-to-let-go,father-wanting-to-be-present
reluctance-to-let-go,fear-of-goodbye
reluctance-to-let-go,fear-of-letting-go
reluctance-to-let-go,freedom-vs-attachment
reluctance-to-let-go,frustration-with-waiting
reluctance-to-let-go,impatience-with-games
reluctance-to-let-go,inability-to-let-go
reluctance-to-let-go,inability-to-move-on
reluctance-to-let-go,inability-to-resist
reluctance-to-let-go,inevitability-of-departure
reluctance-to-let-go,letting-go
reluctance-to-let-go,letting-go-of-control
reluctance-to-let-go,letting-go-of-problems
reluctance-to-let-go,longing-for-stability
reluctance-to-let-go,losing-control
reluctance-to-let-go,loss-of-control
reluctance-to-let-go,loss-of-self-control
reluctance-to-let-go,modern-disconnection
reluctance-to-let-go,moving-on-and-letting-go
reluctance-to-let-go,neglect-of-family
reluctance-to-let-go,neglecting-family
reluctance-to-let-go,no-closure
reluctance-to-let-go,not-wanting-to-part
reluctance-to-let-go,painful-goodbye
reluctance-to-let-go,partner-neglect
reluctance-to-let-go,pleading-for-closure
reluctance-to-let-go,pleading-for-partner-to-stay
reluctance-to-let-go,pleading-for-someone-to-stay
reluctance-to-let-go,pleading-to-stay
reluctance-to-let-go,psychological-control
reluctance-to-let-go,psychological-hold
reluctance-to-let-go,refusal-to-settle-down
reluctance-to-let-go,refusing-to-be-controlled
reluctance-to-let-go,refusing-to-engage
reluctance-to-let-go,refusing-to-settle-for-less
reluctance-to-let-go,regret-and-leaving
reluctance-to-let-go,regret-and-resignation
reluctance-to-let-go,regret-over-leaving
reluctance-to-let-go,rejecting-male-control
reluctance-to-let-go,rejection-of-bondage
reluctance-to-let-go,reluctance-to-let-go
reluctance-to-let-go,reluctance-to-move-on
reluctance-to-let-go,resignation-and-farewell
reluctance-to-let-go,resignation-and-letting-go
reluctance-to-let-go,romantic-detachment
reluctance-to-let-go,self-neglect
reluctance-to-let-go,settling-and-regret
reluctance-to-let-go,silent-departure
reluctance-to-let-go,social-disconnection
reluctance-to-let-go,taking-control
reluctance-to-let-go,timing-of-goodbye
reluctance-to-let-go,wanting-to-leave
reluctance-to-let-go,withdrawal-and-escape
reputation-and-gossip,bad-reputation
reputation-and-gossip,community-reputation
reputation-and-gossip,damaged-reputation
reputation-and-gossip,enemies-and-reputation
reputation-and-gossip,gossip-and-reputation
reputation-and-gossip,karma
reputation-and-gossip,karma-and-consequences
reputation-and-gossip,karma-and-fate
reputation-and-gossip,karma-and-justice
reputation-and-gossip,karma-and-poetic-justice
reputation-and-gossip,karma-as-justice
reputation-and-gossip,media-and-blog-fakery
reputation-and-gossip,media-and-public-image
reputation-and-gossip,media-criticism
reputation-and-gossip,media-distrust
reputation-and-gossip,media-fakeness
reputation-and-gossip,media-gossip
reputation-and-gossip,obsessive-social-media-stalking
reputation-and-gossip,public-scrutiny-and-media-pressure
reputation-and-gossip,questioning-karma-and-fairness
reputation-and-gossip,rejecting-social-media
reputation-and-gossip,reputation-and-gossip
reputation-and-gossip,reputation-and-rumors
reputation-and-gossip,reputation-and-social-life
reputation-and-gossip,reputation-at-stake
reputation-and-gossip,reputation-damage
reputation-and-gossip,rumor-and-gossip
reputation-and-gossip,rumor-and-reputation
reputation-and-gossip,ruthless-reputation
reputation-and-gossip,scandal-and-drama
reputation-and-gossip,scandal-and-shame
reputation-and-gossip,secrecy-and-scandal
reputation-and-gossip,small-town-gossip
reputation-and-gossip,small-town-gossip-and-community
reputation-and-gossip,social-media-addiction
reputation-and-gossip,social-media-and-artificiality
reputation-and-gossip,social-media-and-public-opinion
reputation-and-gossip,social-media-commentary
reputation-and-gossip,social-media-criticism
reputation-and-gossip,social-media-culture
reputation-and-gossip,social-media-drama
reputation-and-gossip,social-media-flexing
reputation-and-gossip,social-media-obsession
reputation-and-gossip,social-media-rejection
reputation-and-gossip,social-media-stalking
reputation-and-gossip,street-reputation
reputation-and-gossip,turning-rumor-into-reality
resilience-and-strength,comeback-and-resilience
resilience-and-strength,comeback-resilience
resilience-and-strength,defiance-and-resilience
resilience-and-strength,faith-and-resilience
resilience-and-strength,forced-strength-and-resilience
resilience-and-strength,growing-up-and-resilience
resilience-and-strength,hope-and-resilience
resilience-and-strength,inner-fire-and-resilience
resilience-and-strength,inner-strength-and-resilience
resilience-and-strength,personal-growth-and-resilience
resilience-and-strength,resilience
resilience-and-strength,resilience-after-struggle
resilience-and-strength,resilience-and-carrying-on
resilience-and-strength,resilience-and-comeback
resilience-and-strength,resilience-and-comeup
resilience-and-strength,resilience-and-defiance
resilience-and-strength,resilience-and-determination
resilience-and-strength,resilience-and-fearlessness
resilience-and-strength,resilience-and-hope
resilience-and-strength,resilience-and-inner-strength
resilience-and-strength,resilience-and-moving-on
resilience-and-strength,resilience-and-perseverance
resilience-and-strength,resilience-and-rebuilding
resilience-and-strength,resilience-and-recovery
resilience-and-strength,resilience-and-self-belief
resilience-and-strength,resilience-and-self-determination
resilience-and-strength,resilience-and-strength
resilience-and-strength,resilience-and-survival
resilience-and-strength,resilience-and-toughness
resilience-and-strength,resilience-and-transformation
resilience-and-strength,resilience-in-adversity
resilience-and-strength,resilience-under-pressure
resilience-and-strength,self-confidence-and-resilience
resilience-and-strength,self-worth-and-resilience
resilience-and-strength,spiritual-resilience
resilience-and-strength,survival-and-resilience
rising-to-success,aspiring-to-be-worthy
rising-to-success,bad-influences
rising-to-success,being-pursued-for-status
rising-to-success,blaming-upbringing
rising-to-success,business-acumen
rising-to-success,championship-success
rising-to-success,come-up-and-ambition
rising-to-success,come-up-and-growth
rising-to-success,come-up-and-rising-status
rising-to-success,come-up-and-self-made-success
rising-to-success,come-up-and-success
rising-to-success,come-up-from-humble-origins
rising-to-success,come-up-from-nothing
rising-to-success,come-up-from-poverty
rising-to-success,come-up-from-the-bottom
rising-to-success,come-up-story
rising-to-success,coming-up-from-poverty
rising-to-success,commercial-success
rising-to-success,difficult-upbringing
rising-to-success,done-being-humble
rising-to-success,family-and-roots
rising-to-success,fear-of-missing-out-on-roots
rising-to-success,ghetto-upbringing
rising-to-success,growing-up-in-poverty
rising-to-success,harlem-upbringing
rising-to-success,hollow-success
rising-to-success,humble-beginnings
rising-to-success,humble-origins-and-upward-mobility
rising-to-success,intimate-influence
rising-to-success,land-and-roots
rising-to-success,living-like-a-king
rising-to-success,loyalty-to-roots
rising-to-success,material-success
rising-to-success,maternal-influence
rising-to-success,michael-jackson-influence
rising-to-success,personal-growth-and-elevation
rising-to-success,personal-power-and-success
rising-to-success,poverty-and-working-class-struggle
rising-to-success,practical-skills
rising-to-success,pride-in-roots
rising-to-success,privilege-and-excess
rising-to-success,privilege-and-status
rising-to-success,retail-therapy
rising-to-success,rise-from-poverty
rising-to-success,rising-from-poverty
rising-to-success,rising-to-power
rising-to-success,rising-to-success
rising-to-success,ruling-the-world
rising-to-success,self-made-greatness
rising-to-success,self-made-success
rising-to-success,self-proclaimed-expertise
rising-to-success,self-proclaimed-greatness
rising-to-success,self-proclaimed-superiority
rising-to-success,self-proclaimed-superiority-over-other-women
rising-to-success,showing-off-status
rising-to-success,social-elevation
rising-to-success,social-status
rising-to-success,status-and-recognition
rising-to-success,status-seeking
rising-to-success,staying-true-to-roots
rising-to-success,street-upbringing
rising-to-success,success-against-doubt
rising-to-success,success-against-the-odds
rising-to-success,success-and-come-up
rising-to-success,success-and-elevation
rising-to-success,success-and-reward
rising-to-success,success-and-rise
rising-to-success,success-over-doubters
rising-to-success,success-without-fulfillment
rising-to-success,troubled-upbringing
rising-to-success,unstoppable-success
rising-to-success,welfare-and-social-criticism
rising-to-success,working-class-exhaustion
rising-to-success,working-class-identity
rising-to-success,working-class-roots
rising-to-success,working-class-struggle
rivalry-and-superiority,beef-and-rivalry
rivalry-and-superiority,braggadocio-and-rivalry
rivalry-and-superiority,comparison-to-an-idealized-rival
rivalry-and-superiority,competition-and-self-doubt
rivalry-and-superiority,competitive-dominance
rivalry-and-superiority,competitive-tension
rivalry-and-superiority,confidence-and-competition
rivalry-and-superiority,confronting-challengers
rivalry-and-superiority,cross-state-rivalry
rivalry-and-superiority,dismissing-fake-competition
rivalry-and-superiority,dismissing-rivals
rivalry-and-superiority,dismissiveness-toward-rivals
rivalry-and-superiority,dominance-and-rivalry
rivalry-and-superiority,dominance-and-victory
rivalry-and-superiority,dominance-over-rivals
rivalry-and-superiority,envy-and-rivalry
rivalry-and-superiority,female-dominance-and-rivalry
rivalry-and-superiority,female-rivalry
rivalry-and-superiority,female-rivalry-and-clout
rivalry-and-superiority,haters-and-rivalry
rivalry-and-superiority,jealousy-and-rivalry
rivalry-and-superiority,jealousy-toward-rival
rivalry-and-superiority,male-rivalry
rivalry-and-superiority,outshining-others
rivalry-and-superiority,refusing-to-be-second
rivalry-and-superiority,refusing-to-compete-over-a-man
rivalry-and-superiority,rising-above-opposition
rivalry-and-superiority,rising-above-oppression
rivalry-and-superiority,rivalry-and-beef
rivalry-and-superiority,rivalry-and-braggadocio
rivalry-and-superiority,rivalry-and-bravado
rivalry-and-superiority,rivalry-and-clout
rivalry-and-superiority,rivalry-and-competition
rivalry-and-superiority,rivalry-and-conflict
rivalry-and-superiority,rivalry-and-confrontation
rivalry-and-superiority,rivalry-and-dismissal
rivalry-and-superiority,rivalry-and-dismissal-of-haters
rivalry-and-superiority,rivalry-and-disrespect
rivalry-and-superiority,rivalry-and-diss
rivalry-and-superiority,rivalry-and-dominance
rivalry-and-superiority,rivalry-and-enemies
rivalry-and-superiority,rivalry-and-envy
rivalry-and-superiority,rivalry-and-haters
rivalry-and-superiority,rivalry-and-imitation
rivalry-and-superiority,rivalry-and-intimidation
rivalry-and-superiority,rivalry-and-loyalty
rivalry-and-superiority,rivalry-and-opposition
rivalry-and-superiority,rivalry-and-superiority
rivalry-and-superiority,rivalry-and-trash-talk
rivalry-and-superiority,rivalry-over-a-woman
rivalry-and-superiority,rivalry-with-a-partner
rivalry-and-superiority,rivalry-with-another-man
rivalry-and-superiority,rivalry-with-new-partner
rivalry-and-superiority,rivalry-with-other-women
rivalry-and-superiority,romantic-rivalry
rivalry-and-superiority,sexual-rivalry
rivalry-and-superiority,street-rivalry
rivalry-and-superiority,superiority-and-rivalry
rivalry-and-superiority,superiority-over-rivals
rivalry-and-superiority,territorial-dominance
rivalry-and-superiority,territorial-rivalry
rivalry-and-superiority,underdog-rising
rivalry-and-superiority,underdog-to-success
rivalry-and-superiority,warning-to-rivals
romantic-pursuit,all-night-intimacy
romantic-pursuit,all-night-lovemaking
romantic-pursuit,carefree-togetherness
romantic-pursuit,celebrating-a-lover
romantic-pursuit,celebration-of-relationship
romantic-pursuit,certainty-in-love
romantic-pursuit,certainty-of-true-love
romantic-pursuit,chance-romantic-encounter
romantic-pursuit,cherishing-loved-ones
romantic-pursuit,companionship-invitation
romantic-pursuit,couple-confidence
romantic-pursuit,dark-romance
romantic-pursuit,deep-romantic-connection
romantic-pursuit,destined-love
romantic-pursuit,divine-or-fated-love
romantic-pursuit,dreaming-of-a-lover
romantic-pursuit,dreaming-of-romance
romantic-pursuit,everyday-romance
romantic-pursuit,finding-love
romantic-pursuit,finding-the-one
romantic-pursuit,finding-the-right-person
romantic-pursuit,forbidden-love
romantic-pursuit,forbidden-romance
romantic-pursuit,fragile-new-romance
romantic-pursuit,friendship-after-romance
romantic-pursuit,friendship-turning-romantic
romantic-pursuit,friendship-turning-to-romance
romantic-pursuit,hidden-romance
romantic-pursuit,holiday-romance
romantic-pursuit,hope-for-future-love
romantic-pursuit,hope-for-lasting-love
romantic-pursuit,hope-for-love
romantic-pursuit,hope-for-new-love
romantic-pursuit,imperfect-romance
romantic-pursuit,intimacy-and-doubt
romantic-pursuit,intimate-escape
romantic-pursuit,intimate-exploration
romantic-pursuit,kissing-and-sensuality
romantic-pursuit,kissing-as-central-act
romantic-pursuit,late-night-intimacy
romantic-pursuit,late-night-romance
romantic-pursuit,lavish-romantic-gestures
romantic-pursuit,long-time-friendship-turning-romantic
romantic-pursuit,lost-romance
romantic-pursuit,making-someone-feel-special
romantic-pursuit,missed-romantic-opportunity
romantic-pursuit,mutual-affection
romantic-pursuit,new-beginning-in-love
romantic-pursuit,new-love
romantic-pursuit,new-love-and-connection
romantic-pursuit,new-love-awakening
romantic-pursuit,new-love-interest
romantic-pursuit,new-relationship
romantic-pursuit,new-relationship-and-falling-in-love
romantic-pursuit,new-relationship-potential
romantic-pursuit,new-romance
romantic-pursuit,new-romantic-interest
romantic-pursuit,new-romantic-prospects
romantic-pursuit,new-romantic-relationship
romantic-pursuit,newly-single
romantic-pursuit,nighttime-romance
romantic-pursuit,obvious-romantic-choice
romantic-pursuit,ordinary-romance
romantic-pursuit,outdoor-romance
romantic-pursuit,outlaw-romance
romantic-pursuit,overnight-intimacy
romantic-pursuit,passion-over-romance
romantic-pursuit,physical-affection
romantic-pursuit,pleading-for-love
romantic-pursuit,private-romantic-encounter
romantic-pursuit,public-display-of-affection
romantic-pursuit,pursuing-love
romantic-pursuit,pursuit-of-romance
romantic-pursuit,recycled-romance
romantic-pursuit,romance-and-kissing
romantic-pursuit,romance-and-nighttime-adventure
romantic-pursuit,romantic-adventure
romantic-pursuit,romantic-ambition
romantic-pursuit,romantic-attraction
romantic-pursuit,romantic-challenge
romantic-pursuit,romantic-confidence
romantic-pursuit,romantic-conflict
romantic-pursuit,romantic-connection
romantic-pursuit,romantic-daydreaming
romantic-pursuit,romantic-destiny
romantic-pursuit,romantic-discovery
romantic-pursuit,romantic-doubt-and-trust
romantic-pursuit,romantic-entanglement
romantic-pursuit,romantic-failure
romantic-pursuit,romantic-fantasy
romantic-pursuit,romantic-first-encounter
romantic-pursuit,romantic-frustration
romantic-pursuit,romantic-gestures
romantic-pursuit,romantic-heartbreak
romantic-pursuit,romantic-imagery
romantic-pursuit,romantic-indecisiveness
romantic-pursuit,romantic-invitation
romantic-pursuit,romantic-loss
romantic-pursuit,romantic-love
romantic-pursuit,romantic-pursuit
romantic-pursuit,romantic-rediscovery
romantic-pursuit,romantic-skepticism
romantic-pursuit,romantic-struggle
romantic-pursuit,romantic-tension
romantic-pursuit,romantic-togetherness
romantic-pursuit,romantic-transience
romantic-pursuit,romantic-uncertainty
romantic-pursuit,romantic-unreadiness
romantic-pursuit,search-for-identity
romantic-pursuit,searching-for-love
romantic-pursuit,searching-for-someone
romantic-pursuit,secret-affair
romantic-pursuit,secret-emotional-affair
romantic-pursuit,secret-relationship
romantic-pursuit,secret-romance
romantic-pursuit,self-doubt-in-love
romantic-pursuit,serial-dating
romantic-pursuit,serial-romance
romantic-pursuit,shared-intimacy
romantic-pursuit,shared-romantic-experience
romantic-pursuit,skipping-romance-for-raw-connection
romantic-pursuit,soulmate-destiny
romantic-pursuit,soulmate-feeling
romantic-pursuit,summer-romance
romantic-pursuit,tender-affection
romantic-pursuit,uncertainty-about-soulmate
romantic-pursuit,unconventional-love
romantic-pursuit,unconventional-love-interest
romantic-pursuit,unfulfilled-romantic-destiny
romantic-pursuit,unfulfilled-search-for-love
romantic-pursuit,urban-romance
romantic-pursuit,vivid-romantic-flashback
romantic-pursuit,waiting-for-love
romantic-pursuit,whirlwind-romance
romantic-pursuit,working-class-romance
romantic-pursuit,youthful-romance
romantic-pursuit,youthful-summer-romance
self-confidence-and-braggadocio,armed-bravado
self-confidence-and-braggadocio,artist-braggadocio
self-confidence-and-braggadocio,boastful-self-confidence
self-confidence-and-braggadocio,boasting-and-superiority
self-confidence-and-braggadocio,body-pride
self-confidence-and-braggadocio,braggadocio
self-confidence-and-braggadocio,competitive-ego
self-confidence-and-braggadocio,confidence-and-braggadocio
self-confidence-and-braggadocio,couple-pride
self-confidence-and-braggadocio,ego-and-arrogance
self-confidence-and-braggadocio,ego-and-pride
self-confidence-and-braggadocio,ego-and-self-confidence
self-confidence-and-braggadocio,ego-and-swagger
self-confidence-and-braggadocio,gangster-bravado
self-confidence-and-braggadocio,lyrical-braggadocio
self-confidence-and-braggadocio,male-ego-and-pride
self-confidence-and-braggadocio,male-pride-and-ego
self-confidence-and-braggadocio,male-sexual-bravado
self-confidence-and-braggadocio,masculine-bravado-as-mask
self-confidence-and-braggadocio,masculine-bravado-mockery
self-confidence-and-braggadocio,narcissistic-self-confidence
self-confidence-and-braggadocio,onomatopoeic-braggadocio
self-confidence-and-braggadocio,ownership-and-pride
self-confidence-and-braggadocio,personal-pride
self-confidence-and-braggadocio,personal-pride-in-small-moments
self-confidence-and-braggadocio,physical-appearance-pride
self-confidence-and-braggadocio,pride-and-self-sabotage
self-confidence-and-braggadocio,pride-and-superiority
self-confidence-and-braggadocio,pride-as-obstacle
self-confidence-and-braggadocio,pride-in-relationship
self-confidence-and-braggadocio,relationship-pride
self-confidence-and-braggadocio,self-aggrandizement
self-confidence-and-braggadocio,self-confidence-and-arrogance
self-confidence-and-braggadocio,self-confidence-and-braggadocio
self-confidence-and-braggadocio,self-confidence-and-bragging
self-confidence-and-braggadocio,self-confidence-and-ego
self-confidence-and-braggadocio,self-confidence-and-superiority
self-confidence-and-braggadocio,self-importance
self-confidence-and-braggadocio,self-respect-and-pride
self-confidence-and-braggadocio,self-sabotage
self-confidence-and-braggadocio,self-superiority
self-confidence-and-braggadocio,self-worth-and-superiority
self-confidence-and-braggadocio,setting-aside-pride
self-confidence-and-braggadocio,sexual-braggadocio
self-confidence-and-braggadocio,sexual-bravado
self-confidence-and-braggadocio,street-bravado
self-confidence-and-braggadocio,superiority-and-confidence
self-confidence-and-braggadocio,womanizing-and-sexual-bravado
self-worth-and-insecurity,confidence-and-self-worth
self-worth-and-insecurity,emotional-immaturity-vs-self-awareness
self-worth-and-insecurity,emotional-self-awareness
self-worth-and-insecurity,guilt-and-self-awareness
self-worth-and-insecurity,hope-versus-doubt
self-worth-and-insecurity,insecurity-and-self-doubt
self-worth-and-insecurity,low-self-worth
self-worth-and-insecurity,marriage-and-self-deprecation
self-worth-and-insecurity,naivety-and-self-reproach
self-worth-and-insecurity,narcissism-and-heartlessness
self-worth-and-insecurity,narcissism-and-self-deception
self-worth-and-insecurity,narcissism-and-selfishness
self-worth-and-insecurity,narcissism-and-vanity
self-worth-and-insecurity,overcoming-doubt
self-worth-and-insecurity,overcoming-doubt-and-adversity
self-worth-and-insecurity,overcoming-self-doubt
self-worth-and-insecurity,reclaiming-self-worth
self-worth-and-insecurity,rediscovering-lost-parts-of-self
self-worth-and-insecurity,religious-self-deprecation
self-worth-and-insecurity,self-acceptance
self-worth-and-insecurity,self-achievement
self-worth-and-insecurity,self-admiration
self-worth-and-insecurity,self-assertion
self-worth-and-insecurity,self-awareness
self-worth-and-insecurity,self-awareness-and-doubt
self-worth-and-insecurity,self-awareness-and-growth
self-worth-and-insecurity,self-awareness-and-shame
self-worth-and-insecurity,self-awareness-and-vulnerability
self-worth-and-insecurity,self-awareness-despite-weakness
self-worth-and-insecurity,self-awareness-in-conflict
self-worth-and-insecurity,self-awareness-of-bad-behavior
self-worth-and-insecurity,self-awareness-of-bad-choices
self-worth-and-insecurity,self-awareness-of-toxicity
self-worth-and-insecurity,self-awareness-of-wrongdoing
self-worth-and-insecurity,self-awareness-too-late
self-worth-and-insecurity,self-awareness-vs-irrationality
self-worth-and-insecurity,self-awareness-without-change
self-worth-and-insecurity,self-belief
self-worth-and-insecurity,self-care
self-worth-and-insecurity,self-celebration
self-worth-and-insecurity,self-delusion
self-worth-and-insecurity,self-deprecation
self-worth-and-insecurity,self-destructive-behavior
self-worth-and-insecurity,self-destructive-desire
self-worth-and-insecurity,self-destructive-habits
self-worth-and-insecurity,self-destructive-lifestyle
self-worth-and-insecurity,self-destructive-tendencies
self-worth-and-insecurity,self-discovery
self-worth-and-insecurity,self-doubt
self-worth-and-insecurity,self-doubt-and-disorientation
self-worth-and-insecurity,self-doubt-and-fear
self-worth-and-insecurity,self-doubt-and-hesitation
self-worth-and-insecurity,self-doubt-and-inadequacy
self-worth-and-insecurity,self-doubt-and-insecurity
self-worth-and-insecurity,self-doubt-and-introspection
self-worth-and-insecurity,self-doubt-and-judgment
self-worth-and-insecurity,self-empowerment
self-worth-and-insecurity,self-expression
self-worth-and-insecurity,self-improvement
self-worth-and-insecurity,self-inadequacy
self-worth-and-insecurity,self-justification
self-worth-and-insecurity,self-love
self-worth-and-insecurity,self-love-and-self-discovery
self-worth-and-insecurity,self-rediscovery
self-worth-and-insecurity,self-reflection
self-worth-and-insecurity,self-reflection-and-doubt
self-worth-and-insecurity,self-reflection-on-past
self-worth-and-insecurity,self-worth
self-worth-and-insecurity,self-worth-and-boundaries
self-worth-and-insecurity,self-worth-and-confidence
self-worth-and-insecurity,self-worth-and-indifference
self-worth-and-insecurity,self-worth-and-insecurity
self-worth-and-insecurity,self-worth-and-loss
self-worth-and-insecurity,self-worth-and-moving-on
self-worth-and-insecurity,self-worth-and-pride
self-worth-and-insecurity,self-worth-and-reassurance
self-worth-and-insecurity,self-worth-and-regret
self-worth-and-insecurity,self-worth-and-speaking-up
self-worth-and-insecurity,self-worth-and-standards
self-worth-and-insecurity,self-worth-despite-mediocrity
self-worth-and-insecurity,self-worth-discovery
self-worth-and-insecurity,self-worth-struggles
self-worth-and-insecurity,self-worth-tied-to-usefulness
self-worth-and-insecurity,shame-and-self-acceptance
self-worth-and-insecurity,therapy-and-self-reflection
self-worth-and-insecurity,truth-and-self-awareness
sensual-desire,breathless-desire
sensual-desire,breathless-passion
sensual-desire,carefree-euphoria
sensual-desire,desire-and-pleasure
sensual-desire,driven-by-passion
sensual-desire,drug-induced-euphoria
sensual-desire,emotional-intensity
sensual-desire,euphoria-and-altered-states
sensual-desire,euphoria-and-elation
sensual-desire,euphoria-and-highs
sensual-desire,euphoria-and-intoxication
sensual-desire,euphoria-and-joy
sensual-desire,euphoria-and-pleasure
sensual-desire,euphoria-and-wonder
sensual-desire,euphoria-of-love
sensual-desire,euphoric-attraction
sensual-desire,female-sensuality
sensual-desire,food-as-desire-metaphor
sensual-desire,heat-and-passion
sensual-desire,intense-passion
sensual-desire,intense-passionate-love
sensual-desire,intense-romantic-passion
sensual-desire,intimate-atmosphere
sensual-desire,intoxication-and-euphoria
sensual-desire,mood-and-atmosphere
sensual-desire,numbness-and-euphoria
sensual-desire,overwhelming-passion
sensual-desire,painful-pleasure
sensual-desire,passion-and-excitement
sensual-desire,passion-and-intensity
sensual-desire,passionate-connection
sensual-desire,passionate-desire
sensual-desire,passionate-encounter
sensual-desire,passionate-intensity
sensual-desire,passionate-pursuit
sensual-desire,passionate-relationship
sensual-desire,passionate-urgency
sensual-desire,physical-passion
sensual-desire,physical-pleasure
sensual-desire,pleasure-and-desire
sensual-desire,pleasure-and-pain
sensual-desire,romantic-atmosphere
sensual-desire,romantic-intensity
sensual-desire,romantic-passion
sensual-desire,sensory-attraction
sensual-desire,sensory-connection
sensual-desire,sensory-desire
sensual-desire,sensory-experience
sensual-desire,sensory-memory
sensual-desire,sensory-memory-trigger
sensual-desire,sensory-pleasure
sensual-desire,sensory-taste-imagery
sensual-desire,sensual-atmosphere
sensual-desire,sensual-desire
sensual-desire,sensual-taste-and-pleasure
sensual-desire,sensuality
sensual-desire,sensuality-and-grace
sensual-desire,setting-the-mood
sensual-desire,sexual-passion
sensual-desire,shared-taste-and-compatibility
sensual-desire,slow-burning-passion
sensual-desire,sweet-food-as-metaphor
sensual-desire,taste-and-oral-desire
sensual-desire,wild-intensity
sensual-desire,women-and-pleasure
showing-off-and-impressing,artistic-ambition
showing-off-and-impressing,artistic-collaboration
showing-off-and-impressing,artistic-expression
showing-off-and-impressing,artistic-identity
showing-off-and-impressing,artistic-objectification
showing-off-and-impressing,attracting-attention
showing-off-and-impressing,audience-participation
showing-off-and-impressing,being-seen-and-noticed
showing-off-and-impressing,booking-and-fame
showing-off-and-impressing,creative-aspiration
showing-off-and-impressing,creative-expression
showing-off-and-impressing,creative-inadequacy
showing-off-and-impressing,creative-inspiration
showing-off-and-impressing,creative-obsession
showing-off-and-impressing,creative-struggle
showing-off-and-impressing,creative-synergy
showing-off-and-impressing,creativity-and-self-expression
showing-off-and-impressing,creativity-as-coping
showing-off-and-impressing,designer-fashion
showing-off-and-impressing,designer-fashion-and-drip
showing-off-and-impressing,designer-fashion-and-style
showing-off-and-impressing,designer-fashion-flex
showing-off-and-impressing,designer-fashion-flexing
showing-off-and-impressing,designer-fashion-status
showing-off-and-impressing,designer-flexing
showing-off-and-impressing,designer-lifestyle
showing-off-and-impressing,drip-and-jewelry
showing-off-and-impressing,drip-and-style
showing-off-and-impressing,effort-and-self-presentation
showing-off-and-impressing,exotic-travel
showing-off-and-impressing,fashion-and-drip
showing-off-and-impressing,fashion-and-style
showing-off-and-impressing,flaunting-and-showing-off
showing-off-and-impressing,iced-out-jewelry
showing-off-and-impressing,jet-setting-travel
showing-off-and-impressing,jewelry-and-drip
showing-off-and-impressing,karaoke-performance
showing-off-and-impressing,keeping-up-appearances
showing-off-and-impressing,live-performance-thrill
showing-off-and-impressing,muse-and-inspiration
showing-off-and-impressing,performer-audience-disconnect
showing-off-and-impressing,performing-for-others
showing-off-and-impressing,performing-live
showing-off-and-impressing,private-jet-flexing
showing-off-and-impressing,self-display-and-attention
showing-off-and-impressing,self-presentation
showing-off-and-impressing,showing-off
showing-off-and-impressing,showing-off-a-partner
showing-off-and-impressing,showing-off-and-impressing
showing-off-and-impressing,showing-off-entrance
showing-off-and-impressing,showing-off-your-partner
showing-off-and-impressing,social-facade
showing-off-and-impressing,social-media-and-self-presentation
showing-off-and-impressing,social-performance-and-image
showing-off-and-impressing,standing-out-from-the-crowd
showing-off-and-impressing,street-fashion
showing-off-and-impressing,street-fashion-and-style
showing-off-and-impressing,street-swagger-and-drip
showing-off-and-impressing,style-and-adaptability
showing-off-and-impressing,style-and-appearance
showing-off-and-impressing,toll-of-fame-and-touring
showing-off-and-impressing,toll-of-touring-on-relationships
showing-off-and-impressing,touring-and-performance
small-town-roots-and-identity,atlanta-street-culture
small-town-roots-and-identity,atlanta-street-pride
small-town-roots-and-identity,city-pride
small-town-roots-and-identity,compton-and-local-pride
small-town-roots-and-identity,country-lifestyle
small-town-roots-and-identity,country-outdoor-lifestyle
small-town-roots-and-identity,country-roots-and-pride
small-town-roots-and-identity,escaping-small-town-life
small-town-roots-and-identity,hometown-loyalty
small-town-roots-and-identity,hometown-pride
small-town-roots-and-identity,hometown-roots
small-town-roots-and-identity,hometown-vs-big-city
small-town-roots-and-identity,houston-pride
small-town-roots-and-identity,identity-and-place
small-town-roots-and-identity,loyalty-to-hometown
small-town-roots-and-identity,loyalty-to-place
small-town-roots-and-identity,neighborhood-identity
small-town-roots-and-identity,new-york-city-life
small-town-roots-and-identity,new-york-identity
small-town-roots-and-identity,new-york-pride
small-town-roots-and-identity,place-and-memory
small-town-roots-and-identity,place-as-identity
small-town-roots-and-identity,regional-identity
small-town-roots-and-identity,regional-lifestyle
small-town-roots-and-identity,regional-pride
small-town-roots-and-identity,rural-country-life
small-town-roots-and-identity,rural-country-lifestyle
small-town-roots-and-identity,rural-escape
small-town-roots-and-identity,rural-lifestyle
small-town-roots-and-identity,rural-setting
small-town-roots-and-identity,rural-southern-identity
small-town-roots-and-identity,rural-southern-setting
small-town-roots-and-identity,rural-upbringing
small-town-roots-and-identity,rural-vs-urban
small-town-roots-and-identity,rural-vs-urban-divide
small-town-roots-and-identity,rural-working-class-life
small-town-roots-and-identity,sense-of-place
small-town-roots-and-identity,small-town-americana
small-town-roots-and-identity,small-town-escape
small-town-roots-and-identity,small-town-heartbreaker
small-town-roots-and-identity,small-town-identity
small-town-roots-and-identity,small-town-life
small-town-roots-and-identity,small-town-pride
small-town-roots-and-identity,small-town-romance
small-town-roots-and-identity,small-town-roots
small-town-roots-and-identity,small-town-roots-and-identity
small-town-roots-and-identity,small-town-setting
small-town-roots-and-identity,southern-identity
small-town-roots-and-identity,southern-identity-and-roots
small-town-roots-and-identity,southern-lifestyle
small-town-roots-and-identity,southern-pride
small-town-roots-and-identity,southern-upbringing
small-town-roots-and-identity,toronto-pride
small-town-roots-and-identity,urban-roots
societal-pressure,anti-establishment-attitude
societal-pressure,attention-seeking
societal-pressure,availability-and-desire
societal-pressure,availability-and-support
societal-pressure,being-ignored
societal-pressure,burden-of-expectation
societal-pressure,busy-schedule-and-demand
societal-pressure,cancel-culture-defiance
societal-pressure,choosing-the-streets-over-convention
societal-pressure,connecting-with-suppliers
societal-pressure,constant-demand
societal-pressure,constant-demand-and-hustle
societal-pressure,consumerist-numbness
societal-pressure,contradictory-expectations
societal-pressure,corrupt-institutions
societal-pressure,corrupt-justice-system
societal-pressure,corrupt-power-structures
societal-pressure,corrupt-world
societal-pressure,cultural-heritage-rejection
societal-pressure,decision-making-pressure
societal-pressure,dehumanization
societal-pressure,demanding-space
societal-pressure,desire-and-availability
societal-pressure,desire-for-attention-and-validation
societal-pressure,desire-for-authenticity
societal-pressure,desire-for-emotional-security
societal-pressure,desire-for-exclusivity
societal-pressure,desire-for-loyalty
societal-pressure,desire-for-support
societal-pressure,desire-for-validation
societal-pressure,desolation
societal-pressure,desperate-longing-for-attention
societal-pressure,dropping-out-and-anti-establishment
societal-pressure,external-pressure
societal-pressure,external-pressure-and-expectations
societal-pressure,fatalism
societal-pressure,flooding-the-market
societal-pressure,freedom-and-availability
societal-pressure,government-corruption
societal-pressure,government-overreach
societal-pressure,indifference-to-ceremony
societal-pressure,industry-cutthroat-nature
societal-pressure,industry-disillusionment
societal-pressure,industry-dominance
societal-pressure,industry-opposition
societal-pressure,industry-pressure
societal-pressure,keeping-up-with-social-pressures
societal-pressure,lack-of-recognition
societal-pressure,mindless-consumerism
societal-pressure,need-for-space
societal-pressure,offering-and-availability
societal-pressure,overwhelming-pressure
societal-pressure,political-awareness
societal-pressure,political-corruption
societal-pressure,political-elite-control
societal-pressure,pressure-and-overwhelm
societal-pressure,push-and-pull-dynamic
societal-pressure,push-and-pull-relationship
societal-pressure,push-pull-dynamic
societal-pressure,push-pull-relationship
societal-pressure,push-pull-relationship-dynamic
societal-pressure,racial-inequality
societal-pressure,racial-injustice
societal-pressure,racial-stereotyping
societal-pressure,rejection-of-religious-pressure
societal-pressure,reluctant-attendance
societal-pressure,resilience-against-conformity
societal-pressure,seeking-attention
societal-pressure,self-proclaimed-savagery
societal-pressure,social-alienation
societal-pressure,social-conformity
societal-pressure,social-fallout
societal-pressure,social-pressure
societal-pressure,social-pressure-and-scrutiny
societal-pressure,social-pressure-from-friends
societal-pressure,social-pressure-to-speak
societal-pressure,social-validation
societal-pressure,societal-alienation
societal-pressure,societal-control
societal-pressure,societal-pressure
societal-pressure,societal-pressure-to-conform
societal-pressure,stability-and-reliability
societal-pressure,systemic-oppression
societal-pressure,systemic-racism
societal-pressure,unconditional-availability
societal-pressure,unmet-expectations
societal-pressure,untouchability
societal-pressure,untouchable-status
societal-pressure,willful-blindness
societal-pressure,willful-ignorance
street-loyalty-and-danger,calling-out-fake-gangsters
street-loyalty-and-danger,choosing-street-success-over-education
street-loyalty-and-danger,escaping-the-trap-lifestyle
street-loyalty-and-danger,gang-affiliation
street-loyalty-and-danger,gang-affiliation-and-street-credibility
street-loyalty-and-danger,gang-loyalty
street-loyalty-and-danger,gang-loyalty-and-threats
street-loyalty-and-danger,gang-violence
street-loyalty-and-danger,gang-violence-and-rivalry
street-loyalty-and-danger,gangster-imagery
street-loyalty-and-danger,hood-dominance
street-loyalty-and-danger,hood-lifestyle-and-authenticity
street-loyalty-and-danger,hood-origins
street-loyalty-and-danger,hood-origins-and-identity
street-loyalty-and-danger,informant-betrayal
street-loyalty-and-danger,loyalty-and-gang-life
street-loyalty-and-danger,loyalty-and-snitching
street-loyalty-and-danger,loyalty-and-street-code
street-loyalty-and-danger,loyalty-and-street-life
street-loyalty-and-danger,menacing-attitude
street-loyalty-and-danger,no-gang-affiliation
street-loyalty-and-danger,paranoia-and-enemies
street-loyalty-and-danger,paranoia-and-powerlessness
street-loyalty-and-danger,paranoia-and-street-awareness
street-loyalty-and-danger,paranoia-and-street-survival
street-loyalty-and-danger,paranoia-and-survival-mentality
street-loyalty-and-danger,security-and-street-danger
street-loyalty-and-danger,self-preservation-and-paranoia
street-loyalty-and-danger,snitching-and-street-code
street-loyalty-and-danger,street-and-trap-culture
street-loyalty-and-danger,street-authenticity
street-loyalty-and-danger,street-awareness
street-loyalty-and-danger,street-awareness-and-self-protection
street-loyalty-and-danger,street-code-and-authenticity
street-loyalty-and-danger,street-code-and-game
street-loyalty-and-danger,street-come-up
street-loyalty-and-danger,street-credibility
street-loyalty-and-danger,street-credibility-and-reputation
street-loyalty-and-danger,street-culture
street-loyalty-and-danger,street-culture-and-swagger
street-loyalty-and-danger,street-culture-references
street-loyalty-and-danger,street-danger
street-loyalty-and-danger,street-danger-and-protection
street-loyalty-and-danger,street-danger-and-survival
street-loyalty-and-danger,street-dominance
street-loyalty-and-danger,street-gang-attitude
street-loyalty-and-danger,street-gang-loyalty
street-loyalty-and-danger,street-hardship-and-survival
street-loyalty-and-danger,street-identity
street-loyalty-and-danger,street-identity-and-loyalty
street-loyalty-and-danger,street-life
street-loyalty-and-danger,street-life-and-career-sacrifice
street-loyalty-and-danger,street-life-and-crime
street-loyalty-and-danger,street-life-and-criminality
street-loyalty-and-danger,street-life-and-drug-trade
street-loyalty-and-danger,street-life-and-gang-culture
street-loyalty-and-danger,street-life-and-hood-loyalty
street-loyalty-and-danger,street-life-and-loyalty
street-loyalty-and-danger,street-life-and-trap
street-loyalty-and-danger,street-life-and-trapping
street-loyalty-and-danger,street-life-hardship
street-loyalty-and-danger,street-life-survival
street-loyalty-and-danger,street-lifestyle
street-loyalty-and-danger,street-loyalty
street-loyalty-and-danger,street-loyalty-and-betrayal
street-loyalty-and-danger,street-loyalty-and-code
street-loyalty-and-danger,street-loyalty-and-crew
street-loyalty-and-danger,street-loyalty-and-danger
street-loyalty-and-danger,street-loyalty-and-distrust
street-loyalty-and-danger,street-loyalty-and-gang-identity
street-loyalty-and-danger,street-loyalty-and-integrity
street-loyalty-and-danger,street-loyalty-and-loss
street-loyalty-and-danger,street-loyalty-and-protection
street-loyalty-and-danger,street-loyalty-and-respect
street-loyalty-and-danger,street-loyalty-and-solidarity
street-loyalty-and-danger,street-loyalty-and-violence
street-loyalty-and-danger,street-origins
street-loyalty-and-danger,street-origins-and-come-up
street-loyalty-and-danger,street-origins-and-hardship
street-loyalty-and-danger,street-origins-and-loyalty
street-loyalty-and-danger,street-origins-and-poverty
street-loyalty-and-danger,street-origins-and-struggle
street-loyalty-and-danger,street-origins-to-success
street-loyalty-and-danger,street-paranoia
street-loyalty-and-danger,street-paranoia-and-snitching
street-loyalty-and-danger,street-savvy-and-self-preservation
street-loyalty-and-danger,street-smarts-and-survival
street-loyalty-and-danger,street-survival
street-loyalty-and-danger,street-survival-and-paranoia
street-loyalty-and-danger,street-to-success
street-loyalty-and-danger,trap-culture-nostalgia
street-loyalty-and-danger,trap-life
street-loyalty-and-danger,trap-lifestyle
street-loyalty-and-danger,untouchability-and-street-credibility
street-loyalty-and-danger,urban-danger
street-loyalty-and-danger,urban-street-lifestyle
street-loyalty-and-danger,weapons-and-street-code
summer-as-metaphor,academic-metaphor
summer-as-metaphor,addiction-metaphor
summer-as-metaphor,alien-abduction-metaphor
summer-as-metaphor,anti-hero-identity
summer-as-metaphor,autumn-and-seasonal-imagery
summer-as-metaphor,basketball-identity
summer-as-metaphor,basketball-references
summer-as-metaphor,beach-and-summer-vibes
summer-as-metaphor,beach-and-tropical-setting
summer-as-metaphor,beach-party
summer-as-metaphor,beach-setting
summer-as-metaphor,bittersweet-summer
summer-as-metaphor,carefree-summer-mood
summer-as-metaphor,celebrity-and-pop-culture-references
summer-as-metaphor,coastal-setting
summer-as-metaphor,connection-to-nature
summer-as-metaphor,dark-humor-and-resignation
summer-as-metaphor,edgy-subculture-references
summer-as-metaphor,fire-and-ice-duality
summer-as-metaphor,gambling-metaphor
summer-as-metaphor,heat-and-fire-metaphor
summer-as-metaphor,heat-as-metaphor
summer-as-metaphor,hero-villain-duality
summer-as-metaphor,hot-girl-summer-lifestyle
summer-as-metaphor,inadequacy-of-words
summer-as-metaphor,intoxication-metaphor
summer-as-metaphor,irony-and-dark-humor
summer-as-metaphor,irony-and-sarcasm
summer-as-metaphor,jordan-brand-identity
summer-as-metaphor,loss-of-words
summer-as-metaphor,lover-as-drink-metaphor
summer-as-metaphor,lyrical-dominance
summer-as-metaphor,lyrical-superiority
summer-as-metaphor,monster-alter-ego
summer-as-metaphor,multilingual-communication
summer-as-metaphor,multilingual-expression
summer-as-metaphor,mythological-heroes
summer-as-metaphor,natural-cycles-as-metaphor
summer-as-metaphor,natural-disaster-as-metaphor
summer-as-metaphor,natural-forces-as-metaphor
summer-as-metaphor,nature-as-emotional-backdrop
summer-as-metaphor,nature-as-emotional-symbol
summer-as-metaphor,nature-as-metaphor
summer-as-metaphor,pop-culture-dance-references
summer-as-metaphor,pop-culture-references
summer-as-metaphor,seasonal-change
summer-as-metaphor,seasonal-nostalgia
summer-as-metaphor,self-awareness-and-irony
summer-as-metaphor,self-proclaimed-hood-hero
summer-as-metaphor,self-proclaimed-street-hero
summer-as-metaphor,sports-references
summer-as-metaphor,storm-as-metaphor
summer-as-metaphor,storm-metaphor
summer-as-metaphor,summer-as-metaphor
summer-as-metaphor,summer-lifestyle
summer-as-metaphor,summer-nostalgia
summer-as-metaphor,summer-sensory-pleasure
summer-as-metaphor,summer-vacation-atmosphere
summer-as-metaphor,superhero-identity
summer-as-metaphor,superhero-metaphor
summer-as-metaphor,superhero-references
summer-as-metaphor,surfing-as-metaphor
summer-as-metaphor,surfing-as-sexual-metaphor
summer-as-metaphor,winter-season
summer-as-metaphor,winter-weather
summer-as-metaphor,wordplay-and-lyrical-skill
summer-as-metaphor,words-and-their-impact
surrender-and-sacrifice,death-and-sacrifice
surrender-and-sacrifice,devotion-and-sacrifice
surrender-and-sacrifice,devotion-and-surrender
surrender-and-sacrifice,emotional-sacrifice
surrender-and-sacrifice,helpless-surrender
surrender-and-sacrifice,letting-go-and-surrendering
surrender-and-sacrifice,martyrdom-and-sacrifice
surrender-and-sacrifice,mortality-and-surrender
surrender-and-sacrifice,one-sided-sacrifice
surrender-and-sacrifice,praise-as-sacrifice
surrender-and-sacrifice,prayer-and-surrender
surrender-and-sacrifice,sacrifice
surrender-and-sacrifice,sacrifice-and-devotion
surrender-and-sacrifice,sacrifice-and-imprisonment
surrender-and-sacrifice,sacrifice-for-another
surrender-and-sacrifice,sacrifice-for-children
surrender-and-sacrifice,sacrifice-for-family
surrender-and-sacrifice,sacrifice-for-love
surrender-and-sacrifice,sacrifice-for-loved-ones
surrender-and-sacrifice,sacrifice-for-partner
surrender-and-sacrifice,self-sacrifice
surrender-and-sacrifice,self-sacrifice-and-death
surrender-and-sacrifice,self-sacrifice-and-lost-opportunity
surrender-and-sacrifice,self-sacrifice-and-suicide
surrender-and-sacrifice,self-sacrifice-for-loved-one
surrender-and-sacrifice,self-sacrifice-in-love
surrender-and-sacrifice,self-surrender
surrender-and-sacrifice,surrender-and-acceptance
surrender-and-sacrifice,surrender-and-praise
surrender-and-sacrifice,surrender-and-sacrifice
surrender-and-sacrifice,surrender-and-vulnerability
surrender-and-sacrifice,surrender-and-worship
surrender-and-sacrifice,surrender-of-self
surrender-and-sacrifice,surrender-to-attraction
surrender-and-sacrifice,surrender-to-desire
surrender-and-sacrifice,surrender-to-feeling
surrender-and-sacrifice,surrender-to-god
surrender-and-sacrifice,surrender-to-temptation
surrender-and-sacrifice,surrendering-to-feelings
surrender-and-sacrifice,surrendering-to-love
surrender-and-sacrifice,surrendering-to-passion
surrender-and-sacrifice,temptation-and-surrender
surrender-and-sacrifice,yielding-to-love
toxic-relationship,escaping-a-toxic-relationship
toxic-relationship,farewell-to-toxic-relationship
toxic-relationship,leaving-a-toxic-relationship
toxic-relationship,past-toxic-relationships
toxic-relationship,quitting-toxic-work
toxic-relationship,toxic-attachment
toxic-relationship,toxic-attraction
toxic-relationship,toxic-attraction-patterns
toxic-relationship,toxic-ex-relationship
toxic-relationship,toxic-influence
toxic-relationship,toxic-love
toxic-relationship,toxic-love-addiction
toxic-relationship,toxic-love-cycle
toxic-relationship,toxic-love-dependency
toxic-relationship,toxic-partner
toxic-relationship,toxic-partnership
toxic-relationship,toxic-past-relationships
toxic-relationship,toxic-relationship
toxic-relationship,toxic-relationship-cycle
toxic-relationship,toxic-relationship-left-behind
toxic-relationship,toxic-relationship-patterns
toxic-relationship,toxic-relationships
urgency-and-time-pressure,desire-to-slow-down-vs-urgency
urgency-and-time-pressure,now-or-never-urgency
urgency-and-time-pressure,time-pressure-and-urgency
urgency-and-time-pressure,urgency
urgency-and-time-pressure,urgency-and-anticipation
urgency-and-time-pressure,urgency-and-desperation
urgency-and-time-pressure,urgency-and-impatience
urgency-and-time-pressure,urgency-and-now-or-never
urgency-and-time-pressure,urgency-and-pressure
urgency-and-time-pressure,urgency-and-pursuit
urgency-and-time-pressure,urgency-and-running-out-of-time
urgency-and-time-pressure,urgency-and-seizing-the-moment
urgency-and-time-pressure,urgency-and-time
urgency-and-time-pressure,urgency-and-time-pressure
urgency-and-time-pressure,urgency-of-living
urgency-and-time-pressure,urgency-of-the-moment
urgency-and-time-pressure,urgency-of-the-present
urgency-and-time-pressure,urgency-of-time
violence-and-street-danger,aggression-and-threats
violence-and-street-danger,armed-confrontation
violence-and-street-danger,confrontation-and-aggression
violence-and-street-danger,gun-violence
violence-and-street-danger,guns-and-danger
violence-and-street-danger,murder-and-death
violence-and-street-danger,retaliation-and-violence
violence-and-street-danger,street-confrontation
violence-and-street-danger,street-life-and-violence
violence-and-street-danger,street-power
violence-and-street-danger,street-power-and-danger
violence-and-street-danger,street-power-and-rules
violence-and-street-danger,street-power-and-violence
violence-and-street-danger,street-retaliation
violence-and-street-danger,street-violence
violence-and-street-danger,street-violence-and-danger
violence-and-street-danger,street-violence-and-power
violence-and-street-danger,street-violence-and-retaliation
violence-and-street-danger,street-violence-and-threats
violence-and-street-danger,street-violence-and-weapons
violence-and-street-danger,suppressed-violence
violence-and-street-danger,threats-and-retaliation
violence-and-street-danger,threats-and-violence
violence-and-street-danger,urban-crime-and-violence
violence-and-street-danger,violence-and-aggression
violence-and-street-danger,violence-and-consequence
violence-and-street-danger,violence-and-danger
violence-and-street-danger,violence-and-intimidation
violence-and-street-danger,violence-and-murder
violence-and-street-danger,violence-and-power
violence-and-street-danger,violence-and-retaliation
violence-and-street-danger,violence-and-street-code
violence-and-street-danger,violence-and-street-danger
violence-and-street-danger,violence-and-street-threats
violence-and-street-danger,violence-and-survival
violence-and-street-danger,violence-and-threats
violence-and-street-danger,violence-and-warfare
violence-and-street-danger,violence-and-weaponry
violence-and-street-danger,violence-and-weapons
violence-and-street-danger,violence-as-power
violence-and-street-danger,violence-for-love
violence-and-street-danger,violent-fantasy
violence-and-street-danger,weapons-and-street-violence
violence-and-street-danger,weapons-and-violence
vulnerability-and-betrayal,authenticity-and-vulnerability
vulnerability-and-betrayal,avoiding-emotional-vulnerability
vulnerability-and-betrayal,avoiding-vulnerability
vulnerability-and-betrayal,embracing-vulnerability
vulnerability-and-betrayal,emotional-guardedness
vulnerability-and-betrayal,emotional-vulnerability
vulnerability-and-betrayal,emotional-walls-and-vulnerability
vulnerability-and-betrayal,heartbreak-and-vulnerability
vulnerability-and-betrayal,mutual-vulnerability
vulnerability-and-betrayal,nervousness-and-vulnerability
vulnerability-and-betrayal,personal-transgressions
vulnerability-and-betrayal,pride-and-vulnerability
vulnerability-and-betrayal,public-persona-vs-private-suffering
vulnerability-and-betrayal,refusing-vulnerability
vulnerability-and-betrayal,romantic-vulnerability
vulnerability-and-betrayal,strength-in-vulnerability
vulnerability-and-betrayal,suppressing-vulnerability
vulnerability-and-betrayal,trust-and-vulnerability
vulnerability-and-betrayal,uncertainty-and-vulnerability
vulnerability-and-betrayal,vulnerability
vulnerability-and-betrayal,vulnerability-and-authenticity
vulnerability-and-betrayal,vulnerability-and-betrayal
vulnerability-and-betrayal,vulnerability-and-captivation
vulnerability-and-betrayal,vulnerability-and-confession
vulnerability-and-betrayal,vulnerability-and-courage
vulnerability-and-betrayal,vulnerability-and-emotional-guardedness
vulnerability-and-betrayal,vulnerability-and-emotional-struggle
vulnerability-and-betrayal,vulnerability-and-heartbreak
vulnerability-and-betrayal,vulnerability-and-honesty
vulnerability-and-betrayal,vulnerability-and-openness
vulnerability-and-betrayal,vulnerability-and-pain
vulnerability-and-betrayal,vulnerability-and-pride
vulnerability-and-betrayal,vulnerability-and-secrecy
vulnerability-and-betrayal,vulnerability-and-trust
vulnerability-and-betrayal,vulnerability-beneath-strength
vulnerability-and-betrayal,vulnerability-in-love
vulnerability-and-betrayal,vulnerability-of-confession
wealth-and-flexing,flexing-and-showing-off
wealth-and-flexing,flexing-jewelry
wealth-and-flexing,flexing-luxury
wealth-and-flexing,flexing-on-rivals
wealth-and-flexing,flexing-status
wealth-and-flexing,flexing-wealth
wealth-and-flexing,flexing-wealth-and-status
wealth-and-flexing,jewelry-and-flexing
wealth-and-flexing,luxury-cars-and-flexing
wealth-and-flexing,luxury-flexing
wealth-and-flexing,luxury-jewelry-and-flexing
wealth-and-flexing,luxury-lifestyle-and-flexing
wealth-and-flexing,material-compensation
wealth-and-flexing,material-display
wealth-and-flexing,material-flexing
wealth-and-flexing,money-and-flexing
wealth-and-flexing,self-confidence-and-flexing
wealth-and-flexing,street-wealth-and-flexing
wealth-and-flexing,success-and-flexing
wealth-and-flexing,wealth-and-flexing
wealth-and-flexing,wealth-and-jewelry-flexing
wealth-and-flexing,wealth-and-luxury-flexing
wealth-and-flexing,wealth-and-status-flexing
wealth-and-material-success,carefree-spending
wealth-and-material-success,cash-and-nightlife
wealth-and-material-success,cash-and-no-credit
wealth-and-material-success,cash-only-mentality
wealth-and-material-success,conspicuous-spending
wealth-and-material-success,contentment-over-material-wealth
wealth-and-material-success,contentment-with-modest-lifestyle
wealth-and-material-success,demanding-financial-standards
wealth-and-material-success,devotion-and-generosity
wealth-and-material-success,economic-inequality
wealth-and-material-success,female-attraction-to-wealth
wealth-and-material-success,financial-demands
wealth-and-material-success,financial-discipline
wealth-and-material-success,financial-dominance
wealth-and-material-success,financial-independence
wealth-and-material-success,financial-provision
wealth-and-material-success,financial-stress
wealth-and-material-success,financial-struggle
wealth-and-material-success,financial-success
wealth-and-material-success,flaunting-money
wealth-and-material-success,flaunting-wealth
wealth-and-material-success,flaunting-wealth-and-lifestyle
wealth-and-material-success,generosity-and-providing
wealth-and-material-success,generosity-and-spending
wealth-and-material-success,generosity-in-love
wealth-and-material-success,gift-giving-and-care
wealth-and-material-success,gift-giving-and-romance
wealth-and-material-success,gifting-and-material-rewards
wealth-and-material-success,gifting-and-spending
wealth-and-material-success,gold-digging
wealth-and-material-success,lavish-gift-giving
wealth-and-material-success,lavish-gifting
wealth-and-material-success,lavish-gifts
wealth-and-material-success,lavish-gifts-and-promises
wealth-and-material-success,lavish-spending
wealth-and-material-success,lavish-spending-on-partner
wealth-and-material-success,love-over-material-wealth
wealth-and-material-success,luxury-and-materialism
wealth-and-material-success,luxury-and-wealth-display
wealth-and-material-success,luxury-brand-obsession
wealth-and-material-success,luxury-spending
wealth-and-material-success,material-generosity
wealth-and-material-success,material-generosity-and-ingratitude
wealth-and-material-success,material-gifts-and-luxury
wealth-and-material-success,material-lifestyle
wealth-and-material-success,material-success-vs-emotional-emptiness
wealth-and-material-success,material-vs-spiritual-wealth
wealth-and-material-success,material-wealth
wealth-and-material-success,materialism
wealth-and-material-success,materialism-and-corruption
wealth-and-material-success,materialism-and-gift-giving
wealth-and-material-success,materialism-and-luxury
wealth-and-material-success,materialism-and-spending
wealth-and-material-success,materialism-and-wealth
wealth-and-material-success,materialism-over-spirituality
wealth-and-material-success,materialism-vs-genuine-love
wealth-and-material-success,materialism-vs-true-happiness
wealth-and-material-success,money-and-bag-chasing
wealth-and-material-success,money-and-cash
wealth-and-material-success,money-and-financial-power
wealth-and-material-success,money-and-financial-success
wealth-and-material-success,money-and-investing
wealth-and-material-success,money-and-materialism
wealth-and-material-success,money-and-power
wealth-and-material-success,money-and-profit
wealth-and-material-success,money-and-spending
wealth-and-material-success,money-and-wealth
wealth-and-material-success,money-and-wealth-pursuit
wealth-and-material-success,money-as-happiness
wealth-and-material-success,money-as-identity
wealth-and-material-success,money-as-power
wealth-and-material-success,money-chasing
wealth-and-material-success,money-management
wealth-and-material-success,money-mindset
wealth-and-material-success,money-motivation
wealth-and-material-success,money-obsession
wealth-and-material-success,money-over-everything
wealth-and-material-success,money-over-relationships
wealth-and-material-success,preference-for-wealthy-men
wealth-and-material-success,pursuit-of-wealth-as-escape
wealth-and-material-success,rags-to-riches
wealth-and-material-success,reckless-spending
wealth-and-material-success,rejection-of-material-gifts
wealth-and-material-success,showing-affection-through-spending
wealth-and-material-success,sincere-love-over-wealth
wealth-and-material-success,sincerity-over-wealth
wealth-and-material-success,spending-money
wealth-and-material-success,spending-money-on-women
wealth-and-material-success,status-and-wealth
wealth-and-material-success,status-and-wealth-display
wealth-and-material-success,street-wealth-and-success
wealth-and-material-success,success-and-wealth
wealth-and-material-success,trap-wealth
wealth-and-material-success,wealth-accumulation
wealth-and-material-success,wealth-and-come-up
wealth-and-material-success,wealth-and-excess
wealth-and-material-success,wealth-and-financial-dominance
wealth-and-material-success,wealth-and-financial-success
wealth-and-material-success,wealth-and-generosity
wealth-and-material-success,wealth-and-independence
wealth-and-material-success,wealth-and-material-status
wealth-and-material-success,wealth-and-material-success
wealth-and-material-success,wealth-and-materialism
wealth-and-material-success,wealth-and-money
wealth-and-material-success,wealth-and-power
wealth-and-material-success,wealth-and-spending
wealth-and-material-success,wealth-and-status
wealth-and-material-success,wealth-and-status-display
wealth-and-material-success,wealth-and-status-flaunting
wealth-and-material-success,wealth-and-street-life
wealth-and-material-success,wealth-and-success
wealth-and-material-success,wealth-as-attraction
wealth-and-material-success,wealth-attraction
wealth-and-material-success,wealth-display
wealth-and-material-success,wealth-does-not-define-character
wealth-and-material-success,wealth-flaunting
wealth-and-material-success,wealth-obsession
youth-and-coming-up,children-growing-up
youth-and-coming-up,coming-of-age
youth-and-coming-up,coming-of-age-milestone
youth-and-coming-up,emotional-maturity-and-growth
youth-and-coming-up,fleeting-youth-and-time
youth-and-coming-up,generational-change
youth-and-coming-up,generational-role-reversal
youth-and-coming-up,growing-up
youth-and-coming-up,growing-up-and-life-changes
youth-and-coming-up,growing-up-and-maturity
youth-and-coming-up,intergenerational-wisdom
youth-and-coming-up,late-bloomer-growth
youth-and-coming-up,maturity-and-commitment
youth-and-coming-up,maturity-and-growth
youth-and-coming-up,passage-of-time-and-youth
youth-and-coming-up,personal-growth-and-past
youth-and-coming-up,resistance-to-growing-up
youth-and-coming-up,teenage-certainty-vs-hindsight
youth-and-coming-up,urgency-of-youth
youth-and-coming-up,wisdom-passed-down
youth-and-coming-up,youth
youth-and-coming-up,youth-and-beauty
youth-and-coming-up,youth-and-coming-up
youth-and-coming-up,youth-despair
youth-and-coming-up,youthful-ambition
youth-and-coming-up,youthful-anxiety
youth-and-coming-up,youthful-desperation
youth-and-coming-up,youthful-identity
youth-and-coming-up,youthful-inexperience
youth-and-coming-up,youthful-past
youth-and-coming-up,youthful-regret-and-growth
youth-and-coming-up,youthful-restlessness
youth-and-coming-up,youthful-struggle
youth-and-coming-up,youthful-uncertainty
youth-and-coming-up,youthful-urgency
youth-and-coming-up,youthful-vulnerability
