Group,Keyword
abandonment-and-solitude,abandonment
abandonment-and-solitude,abandonment-and-solitude
abandonment-and-solitude,absent-father
abandonment-and-solitude,ambition-and-leaving
abandonment-and-solitude,avoidance-of-goodbye
abandonment-and-solitude,avoiding-emotional-attachment
abandonment-and-solitude,bachelor-lifestyle
abandonment-and-solitude,being-in-the-zone
abandonment-and-solitude,being-overwhelmed
abandonment-and-solitude,belonging
abandonment-and-solitude,belonging-and-exclusivity
abandonment-and-solitude,belonging-and-identity
abandonment-and-solitude,belonging-and-initiation
abandonment-and-solitude,belonging-and-possession
abandonment-and-solitude,belonging-to-the-outcasts
abandonment-and-solitude,belonging-with-true-friends
abandonment-and-solitude,bitter-farewell
abandonment-and-solitude,bittersweet-farewell
abandonment-and-solitude,cherished-keepsakes-and-heritage
abandonment-and-solitude,choosing-to-walk-away
abandonment-and-solitude,closure
abandonment-and-solitude,closure-seeking
abandonment-and-solitude,commitment-and-moving-in-together
abandonment-and-solitude,community-and-belonging
abandonment-and-solitude,community-belonging
abandonment-and-solitude,controlling-men
abandonment-and-solitude,coping-with-separation
abandonment-and-solitude,cutting-ties
abandonment-and-solitude,denial-and-reluctance-to-let-go
abandonment-and-solitude,denial-of-emotional-attachment
abandonment-and-solitude,departure-and-abandonment
abandonment-and-solitude,departure-and-absence
abandonment-and-solitude,depression-and-isolation
abandonment-and-solitude,desire-to-leave-the-single-life
abandonment-and-solitude,desire-to-stay
abandonment-and-solitude,detachment-from-women
abandonment-and-solitude,detachment-in-romance
abandonment-and-solitude,difficulty-letting-go
abandonment-and-solitude,disconnecting-from-the-world
abandonment-and-solitude,distance-and-absence
abandonment-and-solitude,distance-and-separation
abandonment-and-solitude,distance-in-relationship
abandonment-and-solitude,distancing-from-someone
abandonment-and-solitude,domestic-comfort
abandonment-and-solitude,domestic-disarray
abandonment-and-solitude,domestic-life
abandonment-and-solitude,domestic-life-and-family
abandonment-and-solitude,drinking-and-letting-go
abandonment-and-solitude,embracing-being-an-outsider
abandonment-and-solitude,emotional-closure
abandonment-and-solitude,emotional-detachment
abandonment-and-solitude,emotional-detachment-attempt
abandonment-and-solitude,emotional-distance
abandonment-and-solitude,emotional-isolation
abandonment-and-solitude,emotional-loneliness
abandonment-and-solitude,emotional-neglect
abandonment-and-solitude,emotional-pain-and-isolation
abandonment-and-solitude,emotional-relief-from-distance
abandonment-and-solitude,emotional-withdrawal
abandonment-and-solitude,end-of-loneliness
abandonment-and-solitude,enduring-love-after-separation
abandonment-and-solitude,estrangement-and-reunion
abandonment-and-solitude,exclusivity-and-belonging
abandonment-and-solitude,family-and-belonging
abandonment-and-solitude,family-and-distance
abandonment-and-solitude,family-heritage-and-keepsakes
abandonment-and-solitude,father-abandonment
abandonment-and-solitude,father-wanting-to-be-present
abandonment-and-solitude,fear-of-goodbye
abandonment-and-solitude,fear-of-letting-go
abandonment-and-solitude,feeling-alone-in-relationship
abandonment-and-solitude,feeling-at-home-with-someone
abandonment-and-solitude,feeling-chosen-then-discarded
abandonment-and-solitude,feeling-incomplete-apart
abandonment-and-solitude,feeling-like-an-outsider
abandonment-and-solitude,feeling-lost
abandonment-and-solitude,feeling-overwhelmed
abandonment-and-solitude,feeling-taken-for-granted
abandonment-and-solitude,feeling-trapped
abandonment-and-solitude,feeling-unloved
abandonment-and-solitude,feeling-unwanted
abandonment-and-solitude,feeling-used-and-betrayed
abandonment-and-solitude,finding-belonging
abandonment-and-solitude,freedom-vs-attachment
abandonment-and-solitude,friend-zone
abandonment-and-solitude,frustration-with-waiting
abandonment-and-solitude,going-beyond-comfort-zone
abandonment-and-solitude,hardship-of-leaving-home
abandonment-and-solitude,heartbreak-and-abandonment
abandonment-and-solitude,heartbreak-and-loneliness
abandonment-and-solitude,helplessness
abandonment-and-solitude,home-as-a-person
abandonment-and-solitude,home-is-wherever-you-roam
abandonment-and-solitude,home-transformed-by-absence
abandonment-and-solitude,homesickness-and-roots
abandonment-and-solitude,hopelessness
abandonment-and-solitude,impatience-with-games
abandonment-and-solitude,inability-to-let-go
abandonment-and-solitude,inability-to-move-on
abandonment-and-solitude,inability-to-resist
abandonment-and-solitude,independence-and-solitude
abandonment-and-solitude,inevitability-of-departure
abandonment-and-solitude,inseparability
abandonment-and-solitude,inseparable-togetherness
abandonment-and-solitude,intimacy-and-solitude
abandonment-and-solitude,irreversible-separation
abandonment-and-solitude,isolation-and-alienation
abandonment-and-solitude,isolation-and-burden
abandonment-and-solitude,isolation-and-confinement
abandonment-and-solitude,isolation-and-disorientation
abandonment-and-solitude,isolation-and-inner-darkness
abandonment-and-solitude,isolation-and-lack-of-support
abandonment-and-solitude,isolation-and-loneliness
abandonment-and-solitude,isolation-and-loss
abandonment-and-solitude,isolation-and-self-reliance
abandonment-and-solitude,isolation-and-solitude
abandonment-and-solitude,isolation-as-protection
abandonment-and-solitude,isolation-at-the-top
abandonment-and-solitude,isolation-from-friends
abandonment-and-solitude,isolation-from-loved-ones
abandonment-and-solitude,isolation-together
abandonment-and-solitude,keeping-distance
abandonment-and-solitude,land-and-belonging
abandonment-and-solitude,leaving-home
abandonment-and-solitude,leaving-relationships-behind
abandonment-and-solitude,leaving-single-life-behind
abandonment-and-solitude,letting-go
abandonment-and-solitude,letting-go-of-control
abandonment-and-solitude,letting-go-of-problems
abandonment-and-solitude,life-after-separation
abandonment-and-solitude,life-without-a-partner
abandonment-and-solitude,loneliness
abandonment-and-solitude,loneliness-amid-excess
abandonment-and-solitude,loneliness-and-abandonment
abandonment-and-solitude,loneliness-and-belonging
abandonment-and-solitude,loneliness-and-desolation
abandonment-and-solitude,loneliness-and-despair
abandonment-and-solitude,loneliness-and-displacement
abandonment-and-solitude,loneliness-and-distance
abandonment-and-solitude,loneliness-and-emptiness
abandonment-and-solitude,loneliness-and-grief
abandonment-and-solitude,loneliness-and-isolation
abandonment-and-solitude,loneliness-and-longing
abandonment-and-solitude,loneliness-and-loss
abandonment-and-solitude,loneliness-as-preference
abandonment-and-solitude,loneliness-at-the-top
abandonment-and-solitude,loneliness-ending
abandonment-and-solitude,long-distance-desire
abandonment-and-solitude,long-distance-emotional-disconnect
abandonment-and-solitude,long-distance-longing
abandonment-and-solitude,long-distance-relationship
abandonment-and-solitude,long-distance-separation
abandonment-and-solitude,longing-for-stability
abandonment-and-solitude,losing-control
abandonment-and-solitude,loss-and-loneliness
abandonment-and-solitude,loss-and-separation
abandonment-and-solitude,loss-of-control
abandonment-and-solitude,loss-of-self-control
abandonment-and-solitude,modern-disconnection
abandonment-and-solitude,moving-in-together
abandonment-and-solitude,moving-on-and-letting-go
abandonment-and-solitude,neglect-of-family
abandonment-and-solitude,neglecting-family
abandonment-and-solitude,no-closure
abandonment-and-solitude,no-desire-for-solitude
abandonment-and-solitude,not-fitting-in
abandonment-and-solitude,not-wanting-to-part
abandonment-and-solitude,outsider-community
abandonment-and-solitude,outsider-identity
abandonment-and-solitude,overwhelm-and-isolation
abandonment-and-solitude,painful-goodbye
abandonment-and-solitude,painful-separation
abandonment-and-solitude,parental-loneliness
abandonment-and-solitude,partner-neglect
abandonment-and-solitude,pleading-for-closure
abandonment-and-solitude,pleading-for-partner-to-stay
abandonment-and-solitude,pleading-for-someone-to-stay
abandonment-and-solitude,pleading-to-stay
abandonment-and-solitude,powerlessness
abandonment-and-solitude,powerlessness-and-control
abandonment-and-solitude,psychological-control
abandonment-and-solitude,psychological-hold
abandonment-and-solitude,pursuit-and-distance
abandonment-and-solitude,refusal-to-settle-down
abandonment-and-solitude,refusing-to-be-controlled
abandonment-and-solitude,refusing-to-engage
abandonment-and-solitude,refusing-to-settle-for-less
abandonment-and-solitude,regret-and-leaving
abandonment-and-solitude,regret-and-resignation
abandonment-and-solitude,regret-over-leaving
abandonment-and-solitude,rejecting-emotional-distance
abandonment-and-solitude,rejecting-male-control
abandonment-and-solitude,rejecting-solitude
abandonment-and-solitude,rejection-of-bondage
abandonment-and-solitude,rejection-of-domesticity
abandonment-and-solitude,relief-at-not-having-children-together
abandonment-and-solitude,relocation-and-new-beginnings
abandonment-and-solitude,reluctance-to-let-go
abandonment-and-solitude,reluctance-to-move-on
abandonment-and-solitude,resignation-and-farewell
abandonment-and-solitude,resignation-and-letting-go
abandonment-and-solitude,returning-home
abandonment-and-solitude,romantic-detachment
abandonment-and-solitude,self-isolation
abandonment-and-solitude,self-neglect
abandonment-and-solitude,separation
abandonment-and-solitude,settling-and-regret
abandonment-and-solitude,silent-departure
abandonment-and-solitude,social-disconnection
abandonment-and-solitude,social-isolation
abandonment-and-solitude,solitude-and-longing
abandonment-and-solitude,solitude-and-reflection
abandonment-and-solitude,solitude-and-self-reliance
abandonment-and-solitude,staying-home-together
abandonment-and-solitude,staying-in-together
abandonment-and-solitude,staying-together
abandonment-and-solitude,stepping-outside-comfort-zone
abandonment-and-solitude,taking-control
abandonment-and-solitude,timing-of-goodbye
abandonment-and-solitude,unbridgeable-distance
abandonment-and-solitude,unrecognizable-life-without-partner
abandonment-and-solitude,unwanted-intrusion-on-cherished-things
abandonment-and-solitude,wanting-distance-yet-closeness
abandonment-and-solitude,wanting-to-leave
abandonment-and-solitude,willing-isolation
abandonment-and-solitude,withdrawal-and-escape
alcohol-and-substance-abuse,alcohol
alcohol-and-substance-abuse,alcohol-and-arousal
alcohol-and-substance-abuse,alcohol-and-bad-habits
alcohol-and-substance-abuse,alcohol-and-impulsive-decisions
alcohol-and-substance-abuse,alcohol-and-intimacy
alcohol-and-substance-abuse,alcohol-and-intoxication
alcohol-and-substance-abuse,alcohol-and-late-night-emotions
alcohol-and-substance-abuse,alcohol-and-lowered-inhibitions
alcohol-and-substance-abuse,alcohol-and-self-destruction
alcohol-and-substance-abuse,alcohol-and-struggle
alcohol-and-substance-abuse,alcohol-and-substance-abuse
alcohol-and-substance-abuse,alcohol-and-substances
alcohol-and-substance-abuse,alcohol-as-comfort
alcohol-and-substance-abuse,alcohol-as-coping
alcohol-and-substance-abuse,alcohol-as-liquid-courage
alcohol-and-substance-abuse,alcohol-failing-as-remedy
alcohol-and-substance-abuse,alcohol-fueled-confession
alcohol-and-substance-abuse,alcohol-fueled-conflict
alcohol-and-substance-abuse,alcohol-fueled-honesty
alcohol-and-substance-abuse,alcohol-intoxication
alcohol-and-substance-abuse,alcoholism-and-self-destruction
alcohol-and-substance-abuse,coping-mechanisms
alcohol-and-substance-abuse,coping-through-substances
alcohol-and-substance-abuse,denial-and-sobriety
alcohol-and-substance-abuse,desire-and-intoxication
alcohol-and-substance-abuse,drinking
alcohol-and-substance-abuse,drinking-and-intoxication
alcohol-and-substance-abuse,drinking-as-coping
alcohol-and-substance-abuse,drinking-as-emotional-coping
alcohol-and-substance-abuse,drinking-to-cope
alcohol-and-substance-abuse,drug-addiction
alcohol-and-substance-abuse,drug-and-alcohol-use
alcohol-and-substance-abuse,drug-and-substance-use
alcohol-and-substance-abuse,drug-cooking
alcohol-and-substance-abuse,drug-culture
alcohol-and-substance-abuse,drug-culture-and-poverty
alcohol-and-substance-abuse,drug-dependence
alcohol-and-substance-abuse,drug-intoxication
alcohol-and-substance-abuse,drug-preparation
alcohol-and-substance-abuse,drug-preparation-and-packaging
alcohol-and-substance-abuse,drug-references
alcohol-and-substance-abuse,drug-use
alcohol-and-substance-abuse,drug-use-and-coping
alcohol-and-substance-abuse,drug-use-and-dealing
alcohol-and-substance-abuse,drug-use-and-intoxication
alcohol-and-substance-abuse,drunkenness
alcohol-and-substance-abuse,emotional-intoxication
alcohol-and-substance-abuse,excessive-drinking
alcohol-and-substance-abuse,finding-comfort-in-beer
alcohol-and-substance-abuse,heavy-drinking
alcohol-and-substance-abuse,ineffective-coping-mechanisms
alcohol-and-substance-abuse,ineffectiveness-of-alcohol
alcohol-and-substance-abuse,intoxicating-attraction
alcohol-and-substance-abuse,intoxicating-desire
alcohol-and-substance-abuse,intoxicating-influence
alcohol-and-substance-abuse,intoxicating-love
alcohol-and-substance-abuse,intoxicating-presence
alcohol-and-substance-abuse,intoxicating-relationship
alcohol-and-substance-abuse,intoxication
alcohol-and-substance-abuse,intoxication-and-hype
alcohol-and-substance-abuse,intoxication-and-lean
alcohol-and-substance-abuse,intoxication-and-losing-control
alcohol-and-substance-abuse,intoxication-and-substances
alcohol-and-substance-abuse,intoxication-and-vulnerability
alcohol-and-substance-abuse,lean-and-drug-culture
alcohol-and-substance-abuse,marijuana-use
alcohol-and-substance-abuse,romantic-intoxication
alcohol-and-substance-abuse,substance-abuse
alcohol-and-substance-abuse,substance-addiction
alcohol-and-substance-abuse,substance-dependence
alcohol-and-substance-abuse,substance-use
alcohol-and-substance-abuse,substance-use-and-intimacy
alcohol-and-substance-abuse,substance-use-and-vulnerability
alcohol-and-substance-abuse,true-self-under-influence
alcohol-and-substance-abuse,unhealthy-coping-mechanisms
alcohol-and-substance-abuse,using-alcohol-to-cope
alcohol-and-substance-abuse,vulnerability-under-intoxication
attraction-and-admiration,admiration-and-beauty
attraction-and-admiration,admiration-and-desire
attraction-and-admiration,admiration-of-a-woman
attraction-and-admiration,admiration-of-beauty
attraction-and-admiration,admiration-of-womans-hustle
attraction-and-admiration,admiring-a-womans-beauty
attraction-and-admiration,attention-and-desire
attraction-and-admiration,attraction-and-admiration
attraction-and-admiration,attraction-and-being-desired
attraction-and-admiration,attraction-and-chemistry
attraction-and-admiration,attraction-and-desire
attraction-and-admiration,attraction-and-keeping-attention
attraction-and-admiration,attraction-and-keeping-interest
attraction-and-admiration,attraction-to-unavailable-men
attraction-and-admiration,attraction-to-women
attraction-and-admiration,beauty-and-appearance
attraction-and-admiration,beauty-and-awe
attraction-and-admiration,beauty-standards-critique
attraction-and-admiration,bittersweet-attraction
attraction-and-admiration,body-admiration
attraction-and-admiration,chemical-attraction
attraction-and-admiration,dangerous-attraction
attraction-and-admiration,desire-and-attraction
attraction-and-admiration,electric-chemistry
attraction-and-admiration,escaping-superficiality
attraction-and-admiration,female-allure
attraction-and-admiration,female-allure-and-power
attraction-and-admiration,female-attention
attraction-and-admiration,female-attention-and-attraction
attraction-and-admiration,female-attention-and-seduction
attraction-and-admiration,female-attention-and-sexuality
attraction-and-admiration,female-attraction
attraction-and-admiration,female-attractiveness
attraction-and-admiration,female-beauty-admiration
attraction-and-admiration,female-beauty-and-authenticity
attraction-and-admiration,female-desirability
attraction-and-admiration,female-physical-admiration
attraction-and-admiration,female-superficiality
attraction-and-admiration,first-experiences
attraction-and-admiration,first-impression-attraction
attraction-and-admiration,first-meeting
attraction-and-admiration,first-sight-attraction
attraction-and-admiration,forbidden-attraction
attraction-and-admiration,gender-curiosity
attraction-and-admiration,glamour-and-appearance
attraction-and-admiration,idealized-attraction
attraction-and-admiration,inexplicable-attraction
attraction-and-admiration,inherited-beauty
attraction-and-admiration,inner-beauty-and-self-worth
attraction-and-admiration,instant-attraction
attraction-and-admiration,instant-romantic-connection
attraction-and-admiration,intense-attraction
attraction-and-admiration,irresistible-allure
attraction-and-admiration,irresistible-attraction
attraction-and-admiration,irresistible-love
attraction-and-admiration,irresistible-physical-sensation
attraction-and-admiration,love-at-first-meeting
attraction-and-admiration,love-at-first-sight
attraction-and-admiration,lust-and-physical-attraction
attraction-and-admiration,maddening-attraction
attraction-and-admiration,male-attention
attraction-and-admiration,male-attention-and-control
attraction-and-admiration,mutual-attraction
attraction-and-admiration,mutual-attraction-denial
attraction-and-admiration,mutual-desire-denial
attraction-and-admiration,mysterious-allure
attraction-and-admiration,opportunistic-attraction
attraction-and-admiration,overwhelming-attraction
attraction-and-admiration,personal-appearance
attraction-and-admiration,physical-admiration
attraction-and-admiration,physical-appearance
attraction-and-admiration,physical-attraction
attraction-and-admiration,physical-attractiveness
attraction-and-admiration,physical-chemistry
attraction-and-admiration,physical-desirability
attraction-and-admiration,physical-resemblance
attraction-and-admiration,rejection-of-superficiality
attraction-and-admiration,relationship-beginnings
attraction-and-admiration,romantic-chemistry
attraction-and-admiration,self-proclaimed-desirability
attraction-and-admiration,self-worth-and-beauty
attraction-and-admiration,sexual-allure
attraction-and-admiration,sexual-attraction
attraction-and-admiration,sexual-attraction-and-desire
attraction-and-admiration,sexual-chemistry
attraction-and-admiration,sexual-desirability
attraction-and-admiration,sexual-desire-and-attraction
attraction-and-admiration,sexual-magnetism
attraction-and-admiration,sexual-selectivity
attraction-and-admiration,slow-burning-attraction
attraction-and-admiration,social-superficiality
attraction-and-admiration,superficial-love
attraction-and-admiration,superficiality-and-social-media
attraction-and-admiration,superficiality-of-others
attraction-and-admiration,unconditional-attraction
attraction-and-admiration,unrealistic-beauty-standards
attraction-and-admiration,unspoken-attraction
attraction-and-admiration,unspoken-love
attraction-and-admiration,unspoken-mutual-attraction
attraction-and-admiration,women-and-attraction
betrayal-and-mistrust,betrayal
betrayal-and-mistrust,betrayal-and-broken-promises
betrayal-and-mistrust,betrayal-and-cheating
betrayal-and-mistrust,betrayal-and-deception
betrayal-and-mistrust,betrayal-and-disappointment
betrayal-and-mistrust,betrayal-and-distrust
betrayal-and-mistrust,betrayal-and-fake-people
betrayal-and-mistrust,betrayal-and-heartbreak
betrayal-and-mistrust,betrayal-and-humiliation
betrayal-and-mistrust,betrayal-and-hurt
betrayal-and-mistrust,betrayal-and-infidelity
betrayal-and-mistrust,betrayal-and-ingratitude
betrayal-and-mistrust,betrayal-and-lies
betrayal-and-mistrust,betrayal-and-loss
betrayal-and-mistrust,betrayal-and-loyalty
betrayal-and-mistrust,betrayal-and-mistrust
betrayal-and-mistrust,betrayal-by-a-close-person
betrayal-and-mistrust,betrayal-by-a-friend
betrayal-and-mistrust,betrayal-by-someone-close
betrayal-and-mistrust,betrayal-in-relationships
betrayal-and-mistrust,betrayal-of-trust
betrayal-and-mistrust,betrayal-without-cheating
betrayal-and-mistrust,broken-promises
betrayal-and-mistrust,broken-trust
betrayal-and-mistrust,confronting-deception
betrayal-and-mistrust,deception
betrayal-and-mistrust,deception-and-betrayal
betrayal-and-mistrust,deception-and-dishonesty
betrayal-and-mistrust,deception-and-distrust
betrayal-and-mistrust,deception-and-false-image
betrayal-and-mistrust,deception-and-false-narratives
betrayal-and-mistrust,deception-and-lying
betrayal-and-mistrust,deception-and-manipulation
betrayal-and-mistrust,deception-in-love
betrayal-and-mistrust,disappointment-and-betrayal
betrayal-and-mistrust,discretion-in-relationships
betrayal-and-mistrust,dishonesty-and-betrayal
betrayal-and-mistrust,dishonesty-in-relationships
betrayal-and-mistrust,distrust
betrayal-and-mistrust,distrust-and-dishonesty
betrayal-and-mistrust,distrust-and-entitlement
betrayal-and-mistrust,distrust-and-isolation
betrayal-and-mistrust,distrust-and-manipulation
betrayal-and-mistrust,distrust-and-paranoia
betrayal-and-mistrust,distrust-and-self-protection
betrayal-and-mistrust,distrust-and-suspicion
betrayal-and-mistrust,distrust-and-suspicious-behavior
betrayal-and-mistrust,distrust-from-past-experience
betrayal-and-mistrust,distrust-in-relationships
betrayal-and-mistrust,distrust-of-entitlement
betrayal-and-mistrust,distrust-of-fake-love
betrayal-and-mistrust,distrust-of-lies
betrayal-and-mistrust,distrust-of-others
betrayal-and-mistrust,distrust-of-women
betrayal-and-mistrust,doubt-and-suspicion
betrayal-and-mistrust,emotional-betrayal
betrayal-and-mistrust,emotional-deception
betrayal-and-mistrust,emotional-dishonesty
betrayal-and-mistrust,enemies-and-betrayal
betrayal-and-mistrust,ex-cheating-or-being-unfaithful
betrayal-and-mistrust,faith-and-trust
betrayal-and-mistrust,fake-love-and-opportunism
betrayal-and-mistrust,false-appearances
betrayal-and-mistrust,false-promises
betrayal-and-mistrust,false-promises-of-love
betrayal-and-mistrust,forbidden-or-warned-against-relationship
betrayal-and-mistrust,heartbreak-and-betrayal
betrayal-and-mistrust,hidden-truth-and-deception
betrayal-and-mistrust,honesty-with-loved-ones
betrayal-and-mistrust,inauthenticity-in-relationships
betrayal-and-mistrust,infidelity
betrayal-and-mistrust,infidelity-and-apology
betrayal-and-mistrust,infidelity-and-betrayal
betrayal-and-mistrust,infidelity-and-jealousy
betrayal-and-mistrust,infidelity-and-temptation
betrayal-and-mistrust,infidelity-and-unapologetic-attitude
betrayal-and-mistrust,infidelity-betrayal
betrayal-and-mistrust,infidelity-indifference
betrayal-and-mistrust,infidelity-or-betrayal
betrayal-and-mistrust,infidelity-suspicion
betrayal-and-mistrust,infidelity-temptation
betrayal-and-mistrust,loneliness-and-distrust
betrayal-and-mistrust,loss-of-trust
betrayal-and-mistrust,love-as-deception
betrayal-and-mistrust,loyalty-and-betrayal
betrayal-and-mistrust,male-deception
betrayal-and-mistrust,manipulation-and-deception
betrayal-and-mistrust,marital-infidelity
betrayal-and-mistrust,mutual-dishonesty
betrayal-and-mistrust,mutual-trust-issues
betrayal-and-mistrust,paranoia-and-distrust
betrayal-and-mistrust,past-relationship-promises
betrayal-and-mistrust,protecting-family-from-full-truth
betrayal-and-mistrust,protecting-partner-from-past-relationships
betrayal-and-mistrust,questioning-relationship-authenticity
betrayal-and-mistrust,quiet-betrayal
betrayal-and-mistrust,rejection-of-false-promises
betrayal-and-mistrust,relationship-betrayal
betrayal-and-mistrust,relationship-distrust
betrayal-and-mistrust,relationship-honesty
betrayal-and-mistrust,romantic-betrayal
betrayal-and-mistrust,self-deception
betrayal-and-mistrust,self-deception-and-lies
betrayal-and-mistrust,sneaky-link-and-infidelity
betrayal-and-mistrust,sneaky-link-infidelity
betrayal-and-mistrust,social-mistrust
betrayal-and-mistrust,suspicion-and-betrayal
betrayal-and-mistrust,suspicion-and-confrontation
betrayal-and-mistrust,trust
betrayal-and-mistrust,trust-and-honesty
betrayal-and-mistrust,trust-and-respect
betrayal-and-mistrust,trust-in-relationship
betrayal-and-mistrust,trust-issues
betrayal-and-mistrust,trust-over-love
betrayal-and-mistrust,truth-and-deception
betrayal-and-mistrust,unfaithfulness
betrayal-and-mistrust,unfaithfulness-anxiety
betrayal-and-mistrust,unfulfilled-emotional-promises
boastful-self-confidence,armed-bravado
boastful-self-confidence,artist-braggadocio
boastful-self-confidence,artist-confidence
boastful-self-confidence,authenticity-and-self-confidence
boastful-self-confidence,boastful-self-confidence
boastful-self-confidence,boasting-and-superiority
boastful-self-confidence,body-confidence
boastful-self-confidence,body-confidence-and-physical-appeal
boastful-self-confidence,body-confidence-and-sexuality
boastful-self-confidence,body-image-and-self-doubt
boastful-self-confidence,body-image-insecurity
boastful-self-confidence,body-positivity
boastful-self-confidence,body-positivity-and-natural-beauty
boastful-self-confidence,body-pride
boastful-self-confidence,braggadocio
boastful-self-confidence,charisma-and-confidence
boastful-self-confidence,competitive-ego
boastful-self-confidence,confidence
boastful-self-confidence,confidence-and-beauty
boastful-self-confidence,confidence-and-boldness
boastful-self-confidence,confidence-and-braggadocio
boastful-self-confidence,confidence-and-bravado
boastful-self-confidence,confidence-and-charm
boastful-self-confidence,confidence-and-destiny
boastful-self-confidence,confidence-and-focus
boastful-self-confidence,confidence-and-rising
boastful-self-confidence,confidence-and-self-assertion
boastful-self-confidence,confidence-and-self-assurance
boastful-self-confidence,confidence-and-swagger
boastful-self-confidence,confidence-and-untouchability
boastful-self-confidence,confidence-in-appearance
boastful-self-confidence,couple-pride
boastful-self-confidence,creative-confidence
boastful-self-confidence,ego-and-arrogance
boastful-self-confidence,ego-and-pride
boastful-self-confidence,ego-and-self-confidence
boastful-self-confidence,ego-and-swagger
boastful-self-confidence,exclusivity-and-confidence
boastful-self-confidence,female-attitude-and-confidence
boastful-self-confidence,female-attitude-and-sassiness
boastful-self-confidence,female-confidence
boastful-self-confidence,female-confidence-and-power
boastful-self-confidence,female-confidence-and-self-assertion
boastful-self-confidence,female-confidence-and-self-image
boastful-self-confidence,female-confidence-and-status
boastful-self-confidence,female-empowerment-and-confidence
boastful-self-confidence,female-self-confidence
boastful-self-confidence,female-sexual-confidence
boastful-self-confidence,gangster-bravado
boastful-self-confidence,lyrical-braggadocio
boastful-self-confidence,lyrical-confidence
boastful-self-confidence,male-ego-and-pride
boastful-self-confidence,male-pride-and-ego
boastful-self-confidence,male-sexual-bravado
boastful-self-confidence,masculine-bravado-as-mask
boastful-self-confidence,masculine-bravado-mockery
boastful-self-confidence,musical-confidence
boastful-self-confidence,narcissistic-self-confidence
boastful-self-confidence,onomatopoeic-braggadocio
boastful-self-confidence,ownership-and-pride
boastful-self-confidence,personal-pride
boastful-self-confidence,personal-pride-in-small-moments
boastful-self-confidence,physical-appearance-pride
boastful-self-confidence,physical-confidence
boastful-self-confidence,pride-and-self-sabotage
boastful-self-confidence,pride-and-superiority
boastful-self-confidence,pride-as-obstacle
boastful-self-confidence,pride-in-relationship
boastful-self-confidence,public-boldness
boastful-self-confidence,rap-confidence
boastful-self-confidence,relationship-pride
boastful-self-confidence,savage-confidence
boastful-self-confidence,self-aggrandizement
boastful-self-confidence,self-assurance
boastful-self-confidence,self-confidence
boastful-self-confidence,self-confidence-and-appearance
boastful-self-confidence,self-confidence-and-arrogance
boastful-self-confidence,self-confidence-and-attractiveness
boastful-self-confidence,self-confidence-and-beauty
boastful-self-confidence,self-confidence-and-body-image
boastful-self-confidence,self-confidence-and-boldness
boastful-self-confidence,self-confidence-and-braggadocio
boastful-self-confidence,self-confidence-and-bragging
boastful-self-confidence,self-confidence-and-bravado
boastful-self-confidence,self-confidence-and-desirability
boastful-self-confidence,self-confidence-and-ego
boastful-self-confidence,self-confidence-and-identity
boastful-self-confidence,self-confidence-and-radiance
boastful-self-confidence,self-confidence-and-style
boastful-self-confidence,self-confidence-and-superiority
boastful-self-confidence,self-confidence-and-uniqueness
boastful-self-confidence,self-confidence-and-untouchability
boastful-self-confidence,self-importance
boastful-self-confidence,self-made-confidence
boastful-self-confidence,self-respect-and-pride
boastful-self-confidence,self-sabotage
boastful-self-confidence,self-superiority
boastful-self-confidence,self-talk-and-affirmation
boastful-self-confidence,self-worth-and-superiority
boastful-self-confidence,setting-aside-pride
boastful-self-confidence,sexual-braggadocio
boastful-self-confidence,sexual-bravado
boastful-self-confidence,sexual-confidence
boastful-self-confidence,status-and-confidence
boastful-self-confidence,street-bravado
boastful-self-confidence,style-and-swagger
boastful-self-confidence,superiority-and-confidence
boastful-self-confidence,swagger-and-confidence
boastful-self-confidence,unapologetic-confidence
boastful-self-confidence,uniqueness-and-self-confidence
boastful-self-confidence,unstoppable-confidence
boastful-self-confidence,untouchable-confidence
boastful-self-confidence,womanizing-and-sexual-bravado
breakup-and-reconciliation,amicable-breakup
breakup-and-reconciliation,anger-at-ex-partner
breakup-and-reconciliation,anger-at-lover
breakup-and-reconciliation,anniversary-of-a-breakup
breakup-and-reconciliation,anniversary-of-pain
breakup-and-reconciliation,apology-and-desperation
breakup-and-reconciliation,apology-and-reconciliation
breakup-and-reconciliation,avoiding-post-breakup-drama
breakup-and-reconciliation,blaming-an-ex
breakup-and-reconciliation,blaming-the-ex
breakup-and-reconciliation,blaming-the-lover
breakup-and-reconciliation,breakup
breakup-and-reconciliation,breakup-aftermath
breakup-and-reconciliation,breakup-and-closure
breakup-and-reconciliation,breakup-and-loss
breakup-and-reconciliation,breakup-and-moving-on
breakup-and-reconciliation,breakup-and-reconciliation
breakup-and-reconciliation,breakup-and-separation
breakup-and-reconciliation,breakup-anger
breakup-and-reconciliation,breakup-finality
breakup-and-reconciliation,breakup-pain
breakup-and-reconciliation,breakup-regret
breakup-and-reconciliation,broken-relationship
breakup-and-reconciliation,chasing-past-feelings
breakup-and-reconciliation,comeback-return
breakup-and-reconciliation,comparing-past-and-present-lovers
breakup-and-reconciliation,complicated-ex-relationship
breakup-and-reconciliation,confrontation-with-ex
breakup-and-reconciliation,convenient-return
breakup-and-reconciliation,defiance-toward-ex
breakup-and-reconciliation,desire-for-second-chance
breakup-and-reconciliation,desperate-reconciliation
breakup-and-reconciliation,desperation-to-reconcile
breakup-and-reconciliation,dismissal-of-ex
breakup-and-reconciliation,distraction-from-ex
breakup-and-reconciliation,doomed-relationship
breakup-and-reconciliation,dramatic-breakup
breakup-and-reconciliation,emotional-void-and-rebound
breakup-and-reconciliation,empowerment-after-breakup
breakup-and-reconciliation,end-of-relationship
breakup-and-reconciliation,ex-begging-for-reconciliation
breakup-and-reconciliation,ex-drama
breakup-and-reconciliation,ex-lover-dynamic
breakup-and-reconciliation,ex-lover-manipulation
breakup-and-reconciliation,ex-lover-reconnection
breakup-and-reconciliation,ex-moving-on
breakup-and-reconciliation,ex-moving-on-quickly
breakup-and-reconciliation,ex-partner-moving-on
breakup-and-reconciliation,ex-partner-regret
breakup-and-reconciliation,ex-partners-regret
breakup-and-reconciliation,ex-reaching-out
breakup-and-reconciliation,ex-thriving-without-you
breakup-and-reconciliation,ex-trying-to-return
breakup-and-reconciliation,fading-identity-after-breakup
breakup-and-reconciliation,failed-attempts-to-move-on
breakup-and-reconciliation,failed-relationship
breakup-and-reconciliation,failed-relationships
breakup-and-reconciliation,faith-in-reunion
breakup-and-reconciliation,fake-healing-with-rebound
breakup-and-reconciliation,fake-reconciliation
breakup-and-reconciliation,farewell-and-moving-on
breakup-and-reconciliation,freedom-after-heartbreak
breakup-and-reconciliation,hope-for-reconciliation
breakup-and-reconciliation,hope-for-reunion
breakup-and-reconciliation,hypothetical-reunion
breakup-and-reconciliation,indifference-toward-ex
breakup-and-reconciliation,jealousy-over-ex
breakup-and-reconciliation,leaving-and-moving-on
breakup-and-reconciliation,lingering-feelings-for-an-ex
breakup-and-reconciliation,lingering-hope-for-reconciliation
breakup-and-reconciliation,lingering-hope-for-reunion
breakup-and-reconciliation,lingering-love-for-an-ex
breakup-and-reconciliation,longing-for-past-intimacy
breakup-and-reconciliation,longing-for-past-lover
breakup-and-reconciliation,longing-for-reconciliation
breakup-and-reconciliation,longing-for-return
breakup-and-reconciliation,longing-to-reconnect
breakup-and-reconciliation,lost-love
breakup-and-reconciliation,lost-relationship
breakup-and-reconciliation,missing-a-lost-lover
breakup-and-reconciliation,missing-an-ex
breakup-and-reconciliation,moving-on
breakup-and-reconciliation,moving-on-after-a-relationship
breakup-and-reconciliation,moving-on-after-breakup
breakup-and-reconciliation,moving-on-after-heartbreak
breakup-and-reconciliation,moving-on-and-detachment
breakup-and-reconciliation,moving-on-and-finality
breakup-and-reconciliation,moving-on-and-self-recovery
breakup-and-reconciliation,moving-on-attempt
breakup-and-reconciliation,moving-on-attempts
breakup-and-reconciliation,moving-on-from-a-bad-relationship
breakup-and-reconciliation,moving-on-from-drama
breakup-and-reconciliation,moving-on-from-ex
breakup-and-reconciliation,moving-on-from-love
breakup-and-reconciliation,moving-on-from-past-relationships
breakup-and-reconciliation,moving-on-from-relationships
breakup-and-reconciliation,moving-on-struggle
breakup-and-reconciliation,moving-on-with-difficulty
breakup-and-reconciliation,mutual-breakup
breakup-and-reconciliation,new-relationship-of-the-ex
breakup-and-reconciliation,no-return
breakup-and-reconciliation,obsession-over-ex
breakup-and-reconciliation,obsessive-thoughts-about-ex
breakup-and-reconciliation,obsessive-thoughts-of-an-ex
breakup-and-reconciliation,obsessive-thoughts-of-ex
breakup-and-reconciliation,outshining-an-ex
breakup-and-reconciliation,painful-breakup
breakup-and-reconciliation,painful-proximity-to-ex
breakup-and-reconciliation,past-drama-left-behind
breakup-and-reconciliation,past-history-and-attraction
breakup-and-reconciliation,past-relationship-baggage
breakup-and-reconciliation,past-relationship-contrast
breakup-and-reconciliation,past-relationship-failures
breakup-and-reconciliation,past-relationship-reflection
breakup-and-reconciliation,past-relationship-regret
breakup-and-reconciliation,past-relationship-struggles
breakup-and-reconciliation,past-relationship-trauma
breakup-and-reconciliation,past-relationship-wound
breakup-and-reconciliation,past-relationships
breakup-and-reconciliation,past-relationships-leading-to-true-love
breakup-and-reconciliation,past-trauma-affecting-love
breakup-and-reconciliation,pleading-for-reconciliation
breakup-and-reconciliation,pleading-for-return
breakup-and-reconciliation,post-breakup-denial
breakup-and-reconciliation,post-breakup-depression
breakup-and-reconciliation,post-breakup-empowerment
breakup-and-reconciliation,post-breakup-freedom
breakup-and-reconciliation,post-breakup-friendship
breakup-and-reconciliation,post-breakup-pain
breakup-and-reconciliation,post-breakup-pretense
breakup-and-reconciliation,post-breakup-rebound
breakup-and-reconciliation,post-breakup-recovery
breakup-and-reconciliation,power-of-lost-love
breakup-and-reconciliation,reaching-out-after-lost-contact
breakup-and-reconciliation,rebound-behavior
breakup-and-reconciliation,rebound-casual-sex
breakup-and-reconciliation,rebound-relationship
breakup-and-reconciliation,rebound-sex
breakup-and-reconciliation,reconciliation
breakup-and-reconciliation,refusal-to-reconcile
breakup-and-reconciliation,regret-over-breakup
breakup-and-reconciliation,regret-over-past-relationship
breakup-and-reconciliation,rejection-of-ex
breakup-and-reconciliation,rejection-of-reconciliation
breakup-and-reconciliation,rekindled-attraction
breakup-and-reconciliation,rekindled-connection
breakup-and-reconciliation,rekindled-romance
breakup-and-reconciliation,rekindling-a-past-relationship
breakup-and-reconciliation,rekindling-a-relationship
breakup-and-reconciliation,rekindling-past-relationship
breakup-and-reconciliation,relationship-breakdown
breakup-and-reconciliation,relationship-breakup
breakup-and-reconciliation,relationship-conflict-and-reconciliation
breakup-and-reconciliation,relationship-deterioration
breakup-and-reconciliation,relationship-dissolution
breakup-and-reconciliation,relationship-drama
breakup-and-reconciliation,relationship-ending
breakup-and-reconciliation,relationship-falling-apart
breakup-and-reconciliation,relationship-loss
breakup-and-reconciliation,relationship-reconciliation
breakup-and-reconciliation,relief-after-breakup
breakup-and-reconciliation,restored-relationships
breakup-and-reconciliation,reunion-after-death
breakup-and-reconciliation,rivalry-with-ex
breakup-and-reconciliation,romantic-breakup
breakup-and-reconciliation,running-into-an-ex
breakup-and-reconciliation,searching-for-the-lost-lover
breakup-and-reconciliation,second-chance-at-love
breakup-and-reconciliation,second-chance-regret
breakup-and-reconciliation,second-chances
breakup-and-reconciliation,self-preservation-and-moving-on
breakup-and-reconciliation,social-awkwardness-after-breakup
breakup-and-reconciliation,troubled-relationship
breakup-and-reconciliation,uncertainty-about-moving-on
breakup-and-reconciliation,undeserving-ex-partner
breakup-and-reconciliation,unexpected-reunion
breakup-and-reconciliation,unfinished-relationship
breakup-and-reconciliation,unresolved-feelings-for-an-ex
breakup-and-reconciliation,unwanted-reconciliation
breakup-and-reconciliation,warning-to-ex
breakup-and-reconciliation,wondering-about-an-ex
breakup-and-reconciliation,wondering-about-ex
celebration-and-partying,caroling-and-song
celebration-and-partying,celebration-and-confidence
celebration-and-partying,celebration-and-euphoria
celebration-and-partying,celebration-and-excitement
celebration-and-partying,celebration-and-freedom
celebration-and-partying,celebration-and-fun
celebration-and-partying,celebration-and-good-times
celebration-and-partying,celebration-and-hype
celebration-and-partying,celebration-and-letting-go
celebration-and-partying,celebration-and-letting-loose
celebration-and-partying,celebration-and-living-it-up
celebration-and-partying,celebration-and-luxury
celebration-and-partying,celebration-and-partying
celebration-and-partying,celebration-and-romance
celebration-and-partying,celebration-of-achievement
celebration-and-partying,celebratory-boasting
celebration-and-partying,christmas-celebration
celebration-and-partying,christmas-setting
celebration-and-partying,collective-celebration
celebration-and-partying,communal-celebration
celebration-and-partying,dancehall-celebration
celebration-and-partying,dancing-and-celebration
celebration-and-partying,drinking-and-celebration
celebration-and-partying,festive-food-and-traditions
celebration-and-partying,festive-fun
celebration-and-partying,festive-joy
celebration-and-partying,festive-traditions
celebration-and-partying,friendship-and-celebration
celebration-and-partying,holiday-cheer
celebration-and-partying,horse-sleigh-riding
celebration-and-partying,mistletoe-tradition
celebration-and-partying,nightlife-and-celebration
celebration-and-partying,nightlife-celebration
celebration-and-partying,party-and-celebration
celebration-and-partying,party-celebration
celebration-and-partying,partying-and-celebration
celebration-and-partying,pride-and-celebration
celebration-and-partying,sleigh-riding
contentment-and-joy,a-single-moment-of-change
contentment-and-joy,admiration-despite-differences
contentment-and-joy,adoration
contentment-and-joy,appreciation-of-life
contentment-and-joy,being-used-for-comfort
contentment-and-joy,breathless-desire
contentment-and-joy,breathless-passion
contentment-and-joy,call-for-peace
contentment-and-joy,capturing-fleeting-moments
contentment-and-joy,carefree-euphoria
contentment-and-joy,cherishing-the-present
contentment-and-joy,cherishing-the-present-moment
contentment-and-joy,clinging-to-the-present
contentment-and-joy,comfort-and-care
contentment-and-joy,comfort-and-familiarity
contentment-and-joy,comfort-and-support
contentment-and-joy,comfort-in-another
contentment-and-joy,comfort-turning-to-love
contentment-and-joy,coming-out-and-reclaiming-joy
contentment-and-joy,contentment-and-happiness
contentment-and-joy,contentment-and-joy
contentment-and-joy,contentment-and-peace
contentment-and-joy,contentment-in-relationship
contentment-and-joy,contentment-in-the-moment
contentment-and-joy,contentment-vs-insecurity
contentment-and-joy,contentment-with-simplicity
contentment-and-joy,counting-blessings
contentment-and-joy,craving-comfort
contentment-and-joy,decisive-moment
contentment-and-joy,deep-personal-significance
contentment-and-joy,desire-and-pleasure
contentment-and-joy,desire-for-peace
contentment-and-joy,devotion-and-gratitude
contentment-and-joy,divine-gratitude
contentment-and-joy,driven-by-passion
contentment-and-joy,drug-induced-euphoria
contentment-and-joy,emotional-breakthrough
contentment-and-joy,emotional-comfort
contentment-and-joy,emotional-emptiness
contentment-and-joy,emotional-emptiness-and-fulfillment
contentment-and-joy,emotional-energy
contentment-and-joy,emotional-fulfillment
contentment-and-joy,emotional-healing
contentment-and-joy,emotional-intensity
contentment-and-joy,emotional-openness
contentment-and-joy,emotional-reassurance
contentment-and-joy,emotional-release
contentment-and-joy,emotional-relief
contentment-and-joy,emotional-rescue
contentment-and-joy,emotional-support
contentment-and-joy,emotional-support-and-healing
contentment-and-joy,emotional-support-from-a-loved-one
contentment-and-joy,emotional-support-from-another
contentment-and-joy,emotional-uplift
contentment-and-joy,emotional-void-filled-with-materialism
contentment-and-joy,emotional-wellbeing
contentment-and-joy,emptiness
contentment-and-joy,emptiness-and-nihilism
contentment-and-joy,escaping-daily-stress
contentment-and-joy,euphoria-and-altered-states
contentment-and-joy,euphoria-and-elation
contentment-and-joy,euphoria-and-highs
contentment-and-joy,euphoria-and-intoxication
contentment-and-joy,euphoria-and-joy
contentment-and-joy,euphoria-and-pleasure
contentment-and-joy,euphoria-and-wonder
contentment-and-joy,euphoria-of-love
contentment-and-joy,euphoric-attraction
contentment-and-joy,everyday-joy
contentment-and-joy,everyday-thoughtfulness
contentment-and-joy,existential-emptiness
contentment-and-joy,faith-and-gratitude
contentment-and-joy,feeling-alive
contentment-and-joy,feeling-blessed
contentment-and-joy,female-sensuality
contentment-and-joy,female-sexual-praise
contentment-and-joy,finding-meaning-in-the-mundane
contentment-and-joy,finding-peace-amid-chaos
contentment-and-joy,fleeting-happiness
contentment-and-joy,fleeting-moments
contentment-and-joy,fleeting-pleasure
contentment-and-joy,food-as-desire-metaphor
contentment-and-joy,gratitude
contentment-and-joy,gratitude-and-appreciation
contentment-and-joy,gratitude-and-contentment
contentment-and-joy,gratitude-and-devotion
contentment-and-joy,gratitude-and-roots
contentment-and-joy,gratitude-and-spiritual-reflection
contentment-and-joy,gratitude-for-life
contentment-and-joy,gratitude-for-past-relationships
contentment-and-joy,gratitude-for-simple-life
contentment-and-joy,gratitude-in-love
contentment-and-joy,gratitude-in-relationships
contentment-and-joy,gratitude-to-god
contentment-and-joy,guidance-and-reassurance
contentment-and-joy,happiness-and-contentment
contentment-and-joy,happiness-and-fulfillment
contentment-and-joy,heat-and-passion
contentment-and-joy,inner-emptiness
contentment-and-joy,inner-peace
contentment-and-joy,inner-peace-and-conflict
contentment-and-joy,intense-passion
contentment-and-joy,intense-passionate-love
contentment-and-joy,intense-romantic-passion
contentment-and-joy,intimate-atmosphere
contentment-and-joy,intimate-moments
contentment-and-joy,intoxication-and-euphoria
contentment-and-joy,joy-and-living
contentment-and-joy,joy-and-togetherness
contentment-and-joy,lazy-intimate-moments
contentment-and-joy,leisure-and-simplicity
contentment-and-joy,letting-go-of-stress
contentment-and-joy,letting-go-of-worries
contentment-and-joy,life-as-a-fleeting-celebration
contentment-and-joy,life-as-a-game
contentment-and-joy,life-as-performance
contentment-and-joy,life-is-exciting
contentment-and-joy,living-for-the-moment
contentment-and-joy,living-in-the-moment
contentment-and-joy,living-in-the-present
contentment-and-joy,longing-for-simplicity
contentment-and-joy,love-as-comfort
contentment-and-joy,making-the-most-of-it
contentment-and-joy,manufactured-happiness
contentment-and-joy,mentorship-and-guidance
contentment-and-joy,mood-and-atmosphere
contentment-and-joy,mutual-admiration
contentment-and-joy,nature-and-gratitude
contentment-and-joy,non-judgmental-support
contentment-and-joy,numbness-and-euphoria
contentment-and-joy,offering-comfort
contentment-and-joy,opening-up-the-heart
contentment-and-joy,ordinary-life-as-meaningful
contentment-and-joy,overcoming-stress
contentment-and-joy,overwhelming-passion
contentment-and-joy,painful-pleasure
contentment-and-joy,passion-and-excitement
contentment-and-joy,passion-and-intensity
contentment-and-joy,passionate-connection
contentment-and-joy,passionate-desire
contentment-and-joy,passionate-encounter
contentment-and-joy,passionate-intensity
contentment-and-joy,passionate-pursuit
contentment-and-joy,passionate-relationship
contentment-and-joy,passionate-urgency
contentment-and-joy,physical-closeness-and-comfort
contentment-and-joy,physical-comfort
contentment-and-joy,physical-comfort-and-intimacy
contentment-and-joy,physical-passion
contentment-and-joy,physical-pleasure
contentment-and-joy,pleasure-and-desire
contentment-and-joy,pleasure-and-pain
contentment-and-joy,positivity-and-wellbeing
contentment-and-joy,praise-and-admiration
contentment-and-joy,praise-and-validation
contentment-and-joy,present-moment-bliss
contentment-and-joy,reassurance
contentment-and-joy,reassurance-and-comfort
contentment-and-joy,reassurance-and-commitment
contentment-and-joy,reassurance-and-doubt
contentment-and-joy,reassurance-and-patience
contentment-and-joy,reassurance-of-love
contentment-and-joy,relationship-contentment
contentment-and-joy,romantic-admiration
contentment-and-joy,romantic-atmosphere
contentment-and-joy,romantic-contentment
contentment-and-joy,romantic-intensity
contentment-and-joy,romantic-moment
contentment-and-joy,romantic-passion
contentment-and-joy,search-for-inner-peace
contentment-and-joy,searching-for-emotional-fulfillment
contentment-and-joy,searching-for-inner-peace
contentment-and-joy,searching-for-peace
contentment-and-joy,seeking-comfort
contentment-and-joy,seizing-opportunities
contentment-and-joy,seizing-the-moment
contentment-and-joy,sensory-attraction
contentment-and-joy,sensory-connection
contentment-and-joy,sensory-desire
contentment-and-joy,sensory-experience
contentment-and-joy,sensory-memory
contentment-and-joy,sensory-memory-trigger
contentment-and-joy,sensory-pleasure
contentment-and-joy,sensory-taste-imagery
contentment-and-joy,sensual-atmosphere
contentment-and-joy,sensual-desire
contentment-and-joy,sensual-taste-and-pleasure
contentment-and-joy,sensuality
contentment-and-joy,sensuality-and-grace
contentment-and-joy,setting-the-mood
contentment-and-joy,sexual-passion
contentment-and-joy,shared-taste-and-compatibility
contentment-and-joy,simple-contentment
contentment-and-joy,simple-everyday-joy
contentment-and-joy,simple-joys-of-living
contentment-and-joy,simple-pleasures
contentment-and-joy,simple-pleasures-as-refuge
contentment-and-joy,simplicity-in-love
contentment-and-joy,slow-burning-passion
contentment-and-joy,spiritual-emptiness
contentment-and-joy,spiritual-reassurance
contentment-and-joy,spiritual-solace
contentment-and-joy,stolen-private-moment
contentment-and-joy,stress-relief
contentment-and-joy,stress-relief-through-pleasure
contentment-and-joy,sweet-food-as-metaphor
contentment-and-joy,taste-and-oral-desire
contentment-and-joy,true-happiness
contentment-and-joy,trust-and-reassurance
contentment-and-joy,turning-point-moment
contentment-and-joy,wild-intensity
contentment-and-joy,women-and-pleasure
dancing-and-movement,country-dancing
dancing-and-movement,dance-and-movement
dancing-and-movement,dance-commands
dancing-and-movement,dance-floor-romance
dancing-and-movement,dance-instruction
dancing-and-movement,dance-instructions
dancing-and-movement,dance-moves
dancing-and-movement,dancing
dancing-and-movement,dancing-and-body-movement
dancing-and-movement,dancing-and-movement
dancing-and-movement,dancing-and-music
dancing-and-movement,dancing-and-performance
dancing-and-movement,dancing-and-physical-intimacy
dancing-and-movement,dancing-and-physical-movement
dancing-and-movement,dancing-and-rhythm
dancing-and-movement,dancing-and-seduction
dancing-and-movement,dancing-and-sensuality
dancing-and-movement,dancing-and-showing-off
dancing-and-movement,dancing-as-attraction
dancing-and-movement,dancing-as-coping
dancing-and-movement,dancing-as-defiance
dancing-and-movement,dancing-as-escape
dancing-and-movement,dancing-as-freedom
dancing-and-movement,dancing-as-joy-and-healing
dancing-and-movement,dancing-as-joy-and-liberation
dancing-and-movement,dancing-as-liberation
dancing-and-movement,dancing-as-release
dancing-and-movement,dancing-together
dancing-and-movement,female-attraction-and-dancing
dancing-and-movement,intimate-dancing
dancing-and-movement,irresistible-urge-to-dance
dancing-and-movement,love-as-dance
dancing-and-movement,music-and-dance
dancing-and-movement,music-and-dancing
dancing-and-movement,rhythm-and-music
dancing-and-movement,sensual-dancing
dancing-and-movement,sensual-movement
dancing-and-movement,sexual-dance-commands
dancing-and-movement,slow-sensual-pace
dancing-and-movement,social-dancing
defiance-and-confrontation,aggression-and-threats
defiance-and-confrontation,armed-confrontation
defiance-and-confrontation,censorship-resistance
defiance-and-confrontation,confrontation-and-aggression
defiance-and-confrontation,cynicism-and-attitude
defiance-and-confrontation,cynicism-and-defiance
defiance-and-confrontation,defiance
defiance-and-confrontation,defiance-against-conformity
defiance-and-confrontation,defiance-and-aggression
defiance-and-confrontation,defiance-and-confidence
defiance-and-confrontation,defiance-and-confrontation
defiance-and-confrontation,defiance-and-dismissal
defiance-and-confrontation,defiance-and-fearlessness
defiance-and-confrontation,defiance-and-freedom
defiance-and-confrontation,defiance-and-independence
defiance-and-confrontation,defiance-and-joy
defiance-and-confrontation,defiance-and-nonconformity
defiance-and-confrontation,defiance-and-rebellion
defiance-and-confrontation,defiance-and-rejection
defiance-and-confrontation,defiance-and-self-assertion
defiance-and-confrontation,defiance-and-stubbornness
defiance-and-confrontation,defiance-of-authority
defiance-and-confrontation,defiance-of-critics
defiance-and-confrontation,defiance-of-enemies
defiance-and-confrontation,defiance-of-innocence
defiance-and-confrontation,defiance-of-outside-opinion
defiance-and-confrontation,defiance-of-social-norms
defiance-and-confrontation,freedom-and-rebellion
defiance-and-confrontation,gun-violence
defiance-and-confrontation,guns-and-danger
defiance-and-confrontation,hater-defiance
defiance-and-confrontation,ingratitude
defiance-and-confrontation,murder-and-death
defiance-and-confrontation,performative-rebellion
defiance-and-confrontation,pride-and-stubbornness
defiance-and-confrontation,rebellion-against-society
defiance-and-confrontation,rebellion-and-defiance
defiance-and-confrontation,rebellion-and-rule-breaking
defiance-and-confrontation,rebellious-attitude
defiance-and-confrontation,rebellious-energy
defiance-and-confrontation,rebellious-freedom
defiance-and-confrontation,rebellious-identity
defiance-and-confrontation,rebellious-spirit
defiance-and-confrontation,retaliation-and-violence
defiance-and-confrontation,street-confrontation
defiance-and-confrontation,street-life-and-violence
defiance-and-confrontation,street-power
defiance-and-confrontation,street-power-and-danger
defiance-and-confrontation,street-power-and-rules
defiance-and-confrontation,street-power-and-violence
defiance-and-confrontation,street-retaliation
defiance-and-confrontation,street-violence
defiance-and-confrontation,street-violence-and-danger
defiance-and-confrontation,street-violence-and-power
defiance-and-confrontation,street-violence-and-retaliation
defiance-and-confrontation,street-violence-and-threats
defiance-and-confrontation,street-violence-and-weapons
defiance-and-confrontation,suppressed-violence
defiance-and-confrontation,threats-and-retaliation
defiance-and-confrontation,threats-and-violence
defiance-and-confrontation,urban-crime-and-violence
defiance-and-confrontation,violence-and-aggression
defiance-and-confrontation,violence-and-consequence
defiance-and-confrontation,violence-and-danger
defiance-and-confrontation,violence-and-intimidation
defiance-and-confrontation,violence-and-murder
defiance-and-confrontation,violence-and-power
defiance-and-confrontation,violence-and-retaliation
defiance-and-confrontation,violence-and-street-code
defiance-and-confrontation,violence-and-street-danger
defiance-and-confrontation,violence-and-street-threats
defiance-and-confrontation,violence-and-survival
defiance-and-confrontation,violence-and-threats
defiance-and-confrontation,violence-and-warfare
defiance-and-confrontation,violence-and-weaponry
defiance-and-confrontation,violence-and-weapons
defiance-and-confrontation,violence-as-power
defiance-and-confrontation,violence-for-love
defiance-and-confrontation,violent-fantasy
defiance-and-confrontation,weapons-and-street-violence
defiance-and-confrontation,weapons-and-violence
defiance-and-confrontation,youthful-rebellion
denial-and-pretense,acceptance-of-flaws
denial-and-pretense,anti-authority-behavior
denial-and-pretense,anti-establishment-attitude
denial-and-pretense,arrogance-of-the-other
denial-and-pretense,atonement-and-debt
denial-and-pretense,attention-seeking
denial-and-pretense,availability-and-desire
denial-and-pretense,availability-and-support
denial-and-pretense,avoiding-bitterness
denial-and-pretense,bargaining-with-god
denial-and-pretense,beauty-in-flaws
denial-and-pretense,beauty-in-imperfection
denial-and-pretense,being-ignored
denial-and-pretense,betrayal-and-fake-praise
denial-and-pretense,bible-as-moral-guide
denial-and-pretense,boss-mentality
denial-and-pretense,bounty-on-head
denial-and-pretense,breaking-limits
denial-and-pretense,breaking-personal-boundaries
denial-and-pretense,burden-of-expectation
denial-and-pretense,busy-schedule-and-demand
denial-and-pretense,cancel-culture-defiance
denial-and-pretense,choosing-the-streets-over-convention
denial-and-pretense,confrontation-and-dismissiveness
denial-and-pretense,confrontational-attitude
denial-and-pretense,confronting-opps
denial-and-pretense,connecting-with-suppliers
denial-and-pretense,constant-demand
denial-and-pretense,constant-demand-and-hustle
denial-and-pretense,consumerist-numbness
denial-and-pretense,contradiction-in-human-nature
denial-and-pretense,contradictions-of-human-nature
denial-and-pretense,contradictory-expectations
denial-and-pretense,contradictory-nature
denial-and-pretense,controlling-anger-and-hate
denial-and-pretense,coping-through-denial
denial-and-pretense,corrupt-institutions
denial-and-pretense,corrupt-justice-system
denial-and-pretense,corrupt-power-structures
denial-and-pretense,corrupt-world
denial-and-pretense,crisis-of-worthiness
denial-and-pretense,criticism-and-judgment
denial-and-pretense,cultural-heritage-rejection
denial-and-pretense,cutting-off-negativity
denial-and-pretense,deal-making
denial-and-pretense,decision-making-pressure
denial-and-pretense,defiance-of-doubters
denial-and-pretense,defiant-attitude
denial-and-pretense,deflection-and-denial
denial-and-pretense,defying-limits
denial-and-pretense,defying-others-opinions
denial-and-pretense,defying-outside-judgment
denial-and-pretense,dehumanization
denial-and-pretense,demanding-space
denial-and-pretense,denial
denial-and-pretense,denial-and-deception
denial-and-pretense,denial-and-delusion
denial-and-pretense,denial-and-dishonesty
denial-and-pretense,denial-and-gaslighting
denial-and-pretense,denial-and-healing
denial-and-pretense,denial-and-pretense
denial-and-pretense,denial-and-rationalization
denial-and-pretense,denial-and-reassurance
denial-and-pretense,denial-and-self-awareness
denial-and-pretense,denial-and-self-deception
denial-and-pretense,denial-of-reality
denial-and-pretense,denial-vs-acceptance
denial-and-pretense,desire-and-availability
denial-and-pretense,desire-for-attention-and-validation
denial-and-pretense,desire-for-authenticity
denial-and-pretense,desire-for-emotional-security
denial-and-pretense,desire-for-exclusivity
denial-and-pretense,desire-for-loyalty
denial-and-pretense,desire-for-reciprocity
denial-and-pretense,desire-for-support
denial-and-pretense,desire-for-validation
denial-and-pretense,desolation
denial-and-pretense,desperate-longing-for-attention
denial-and-pretense,dismissiveness-toward-lesser-peers
denial-and-pretense,dismissiveness-toward-others
denial-and-pretense,double-standards
denial-and-pretense,dropping-out-and-anti-establishment
denial-and-pretense,ego-and-pride-conflict
denial-and-pretense,embracing-imperfection
denial-and-pretense,emotional-indifference
denial-and-pretense,emotional-restraint
denial-and-pretense,everyday-quirks
denial-and-pretense,everyday-quirks-as-endearing
denial-and-pretense,external-pressure
denial-and-pretense,external-pressure-and-expectations
denial-and-pretense,false-indifference
denial-and-pretense,fatalism
denial-and-pretense,flawed-but-lovable
denial-and-pretense,flexibility-and-openness
denial-and-pretense,flooding-the-market
denial-and-pretense,forced-pretense
denial-and-pretense,freedom-and-availability
denial-and-pretense,gaslighting
denial-and-pretense,genuine-intentions
denial-and-pretense,good-intentions-gone-sour
denial-and-pretense,good-intentions-unrecognized
denial-and-pretense,government-corruption
denial-and-pretense,government-overreach
denial-and-pretense,hater-indifference
denial-and-pretense,hope-for-compromise
denial-and-pretense,human-fallibility
denial-and-pretense,human-imperfection
denial-and-pretense,hypocrisy
denial-and-pretense,hypocrisy-in-faith
denial-and-pretense,hypocrisy-of-faith
denial-and-pretense,ignoring-better-judgment
denial-and-pretense,ignoring-doubters
denial-and-pretense,ignoring-others-opinions
denial-and-pretense,imperfection-acceptance
denial-and-pretense,imperfection-and-striving
denial-and-pretense,imperfection-as-beauty
denial-and-pretense,impossible-standards
denial-and-pretense,indifference-and-closure
denial-and-pretense,indifference-and-confidence
denial-and-pretense,indifference-and-moving-on
denial-and-pretense,indifference-to-ceremony
denial-and-pretense,indifference-to-crowd
denial-and-pretense,indifference-to-haters
denial-and-pretense,indifference-to-others
denial-and-pretense,indifference-to-others-opinions
denial-and-pretense,indifference-to-social-judgment
denial-and-pretense,industry-cutthroat-nature
denial-and-pretense,industry-disillusionment
denial-and-pretense,industry-dominance
denial-and-pretense,industry-opposition
denial-and-pretense,industry-pressure
denial-and-pretense,internet-culture-mockery
denial-and-pretense,keeping-up-with-social-pressures
denial-and-pretense,lack-of-recognition
denial-and-pretense,letting-go-of-pretension
denial-and-pretense,longing-for-emotional-reciprocity
denial-and-pretense,longing-for-reciprocity
denial-and-pretense,maintaining-boundaries
denial-and-pretense,meeting-and-confrontation
denial-and-pretense,mindless-consumerism
denial-and-pretense,mismatched-intentions
denial-and-pretense,mockery-and-doubt
denial-and-pretense,moral-advice-ignored
denial-and-pretense,moral-ambiguity
denial-and-pretense,moral-condemnation
denial-and-pretense,moral-conflict
denial-and-pretense,moral-consequence
denial-and-pretense,moral-corruption-witnessed
denial-and-pretense,moral-failure
denial-and-pretense,moral-goodness
denial-and-pretense,moral-restraint
denial-and-pretense,mutual-acceptance
denial-and-pretense,mutual-acceptance-and-non-judgment
denial-and-pretense,mutual-understanding
denial-and-pretense,need-for-space
denial-and-pretense,negotiating-drug-prices
denial-and-pretense,no-limit-records-references
denial-and-pretense,non-judgment-and-acceptance
denial-and-pretense,nonconformity
denial-and-pretense,not-letting-negativity-affect-you
denial-and-pretense,offering-and-availability
denial-and-pretense,one-sided-effort
denial-and-pretense,online-posturing-mockery
denial-and-pretense,open-communication
denial-and-pretense,openness-and-communication
denial-and-pretense,outside-opinions
denial-and-pretense,overwhelming-pressure
denial-and-pretense,paying-dues
denial-and-pretense,personal-boundaries
denial-and-pretense,personal-flaws-and-authenticity
denial-and-pretense,personal-flaws-and-issues
denial-and-pretense,plea-for-compromise
denial-and-pretense,political-awareness
denial-and-pretense,political-corruption
denial-and-pretense,political-elite-control
denial-and-pretense,pressure-and-overwhelm
denial-and-pretense,pretending-and-denial
denial-and-pretense,pretense-of-innocence
denial-and-pretense,pretense-of-normalcy
denial-and-pretense,price-negotiation
denial-and-pretense,push-and-pull-dynamic
denial-and-pretense,push-and-pull-relationship
denial-and-pretense,push-pull-dynamic
denial-and-pretense,push-pull-relationship
denial-and-pretense,push-pull-relationship-dynamic
denial-and-pretense,racial-inequality
denial-and-pretense,racial-injustice
denial-and-pretense,racial-stereotyping
denial-and-pretense,refusing-to-save-men
denial-and-pretense,rejecting-negativity
denial-and-pretense,rejecting-others-judgment
denial-and-pretense,rejecting-outside-opinions
denial-and-pretense,rejecting-pretension
denial-and-pretense,rejection-of-false-praise
denial-and-pretense,rejection-of-religious-pressure
denial-and-pretense,reluctant-attendance
denial-and-pretense,reluctant-social-obligation
denial-and-pretense,resilience-against-conformity
denial-and-pretense,rule-breaking-for-love
denial-and-pretense,seeing-beauty-in-imperfection
denial-and-pretense,seeing-through-flattery
denial-and-pretense,seeking-attention
denial-and-pretense,seeking-compromise
denial-and-pretense,self-awareness-and-denial
denial-and-pretense,self-awareness-of-denial
denial-and-pretense,self-awareness-of-flaws
denial-and-pretense,self-denial
denial-and-pretense,self-imposed-rules
denial-and-pretense,self-proclaimed-savagery
denial-and-pretense,self-restraint-and-dignity
denial-and-pretense,setting-boundaries
denial-and-pretense,social-alienation
denial-and-pretense,social-conformity
denial-and-pretense,social-disapproval
denial-and-pretense,social-fallout
denial-and-pretense,social-hypocrisy-and-moral-corruption
denial-and-pretense,social-isolation-and-hostility
denial-and-pretense,social-judgment-vs-acceptance
denial-and-pretense,social-pressure
denial-and-pretense,social-pressure-and-scrutiny
denial-and-pretense,social-pressure-from-friends
denial-and-pretense,social-pressure-to-speak
denial-and-pretense,social-ridicule-and-doubt
denial-and-pretense,social-validation
denial-and-pretense,societal-alienation
denial-and-pretense,societal-control
denial-and-pretense,societal-pressure
denial-and-pretense,societal-pressure-and-hostility
denial-and-pretense,societal-pressure-to-conform
denial-and-pretense,stability-and-reliability
denial-and-pretense,systemic-oppression
denial-and-pretense,systemic-racism
denial-and-pretense,taking-responsibility-as-a-leader
denial-and-pretense,trust-and-reluctance
denial-and-pretense,two-faced-behavior
denial-and-pretense,unapologetic-attitude
denial-and-pretense,unapologetic-defiance
denial-and-pretense,unapologetic-selfishness
denial-and-pretense,unappreciated-worth
denial-and-pretense,unbothered-attitude
denial-and-pretense,unconditional-acceptance
denial-and-pretense,unconditional-availability
denial-and-pretense,unmet-expectations
denial-and-pretense,unreciprocated-effort
denial-and-pretense,untouchability
denial-and-pretense,untouchable-status
denial-and-pretense,unwanted-social-obligation
denial-and-pretense,unworthiness-and-gratitude
denial-and-pretense,willful-blindness
denial-and-pretense,willful-ignorance
denial-and-pretense,willingness-and-betrayed-trust
denial-and-pretense,willingness-and-consent
denial-and-pretense,worthiness-and-admiration
designer-fashion-flexing,artistic-ambition
designer-fashion-flexing,artistic-collaboration
designer-fashion-flexing,artistic-expression
designer-fashion-flexing,artistic-identity
designer-fashion-flexing,artistic-objectification
designer-fashion-flexing,attracting-attention
designer-fashion-flexing,audience-participation
designer-fashion-flexing,being-seen-and-noticed
designer-fashion-flexing,booking-and-fame
designer-fashion-flexing,creative-aspiration
designer-fashion-flexing,creative-expression
designer-fashion-flexing,creative-inadequacy
designer-fashion-flexing,creative-inspiration
designer-fashion-flexing,creative-obsession
designer-fashion-flexing,creative-struggle
designer-fashion-flexing,creative-synergy
designer-fashion-flexing,creativity-and-self-expression
designer-fashion-flexing,creativity-as-coping
designer-fashion-flexing,designer-fashion
designer-fashion-flexing,designer-fashion-and-drip
designer-fashion-flexing,designer-fashion-and-style
designer-fashion-flexing,designer-fashion-flex
designer-fashion-flexing,designer-fashion-flexing
designer-fashion-flexing,designer-fashion-status
designer-fashion-flexing,designer-flexing
designer-fashion-flexing,designer-lifestyle
designer-fashion-flexing,drip-and-jewelry
designer-fashion-flexing,drip-and-style
designer-fashion-flexing,effort-and-self-presentation
designer-fashion-flexing,exotic-travel
designer-fashion-flexing,fashion-and-drip
designer-fashion-flexing,fashion-and-style
designer-fashion-flexing,flaunting-and-showing-off
designer-fashion-flexing,flexing-and-showing-off
designer-fashion-flexing,flexing-jewelry
designer-fashion-flexing,flexing-luxury
designer-fashion-flexing,flexing-on-rivals
designer-fashion-flexing,flexing-status
designer-fashion-flexing,flexing-wealth
designer-fashion-flexing,flexing-wealth-and-status
designer-fashion-flexing,iced-out-jewelry
designer-fashion-flexing,jet-setting-travel
designer-fashion-flexing,jewelry-and-drip
designer-fashion-flexing,jewelry-and-flexing
designer-fashion-flexing,karaoke-performance
designer-fashion-flexing,keeping-up-appearances
designer-fashion-flexing,live-performance-thrill
designer-fashion-flexing,luxury-cars-and-flexing
designer-fashion-flexing,luxury-flexing
designer-fashion-flexing,luxury-jewelry-and-flexing
designer-fashion-flexing,luxury-lifestyle-and-flexing
designer-fashion-flexing,material-compensation
designer-fashion-flexing,material-display
designer-fashion-flexing,material-flexing
designer-fashion-flexing,money-and-flexing
designer-fashion-flexing,muse-and-inspiration
designer-fashion-flexing,performer-audience-disconnect
designer-fashion-flexing,performing-for-others
designer-fashion-flexing,performing-live
designer-fashion-flexing,private-jet-flexing
designer-fashion-flexing,self-confidence-and-flexing
designer-fashion-flexing,self-display-and-attention
designer-fashion-flexing,self-presentation
designer-fashion-flexing,showing-off
designer-fashion-flexing,showing-off-a-partner
designer-fashion-flexing,showing-off-and-impressing
designer-fashion-flexing,showing-off-entrance
designer-fashion-flexing,showing-off-your-partner
designer-fashion-flexing,social-facade
designer-fashion-flexing,social-media-and-self-presentation
designer-fashion-flexing,social-performance-and-image
designer-fashion-flexing,standing-out-from-the-crowd
designer-fashion-flexing,street-fashion
designer-fashion-flexing,street-fashion-and-style
designer-fashion-flexing,street-swagger-and-drip
designer-fashion-flexing,street-wealth-and-flexing
designer-fashion-flexing,style-and-adaptability
designer-fashion-flexing,style-and-appearance
designer-fashion-flexing,success-and-flexing
designer-fashion-flexing,toll-of-fame-and-touring
designer-fashion-flexing,toll-of-touring-on-relationships
designer-fashion-flexing,touring-and-performance
designer-fashion-flexing,wealth-and-flexing
designer-fashion-flexing,wealth-and-jewelry-flexing
designer-fashion-flexing,wealth-and-luxury-flexing
designer-fashion-flexing,wealth-and-status-flexing
devotion-and-sacrifice,commitment-and-devotion
devotion-and-sacrifice,complete-devotion
devotion-and-sacrifice,constant-devotion
devotion-and-sacrifice,death-and-sacrifice
devotion-and-sacrifice,dependency-and-devotion
devotion-and-sacrifice,desperate-devotion
devotion-and-sacrifice,devoted-waiting
devotion-and-sacrifice,devotion
devotion-and-sacrifice,devotion-and-admiration
devotion-and-sacrifice,devotion-and-adoration
devotion-and-sacrifice,devotion-and-attention
devotion-and-sacrifice,devotion-and-availability
devotion-and-sacrifice,devotion-and-belief
devotion-and-sacrifice,devotion-and-caregiving
devotion-and-sacrifice,devotion-and-commitment
devotion-and-sacrifice,devotion-and-destiny
devotion-and-sacrifice,devotion-and-honor
devotion-and-sacrifice,devotion-and-protection
devotion-and-sacrifice,devotion-and-reassurance
devotion-and-sacrifice,devotion-and-sacrifice
devotion-and-sacrifice,devotion-and-support
devotion-and-sacrifice,devotion-and-surrender
devotion-and-sacrifice,devotion-and-togetherness
devotion-and-sacrifice,devotion-and-trust
devotion-and-sacrifice,devotion-and-waiting
devotion-and-sacrifice,devotion-and-worship
devotion-and-sacrifice,devotion-beyond-death
devotion-and-sacrifice,emotional-sacrifice
devotion-and-sacrifice,end-of-world-devotion
devotion-and-sacrifice,enduring-devotion
devotion-and-sacrifice,exclusive-devotion
devotion-and-sacrifice,faith-and-devotion
devotion-and-sacrifice,family-devotion
devotion-and-sacrifice,gift-giving-and-devotion
devotion-and-sacrifice,helpless-surrender
devotion-and-sacrifice,heroic-devotion
devotion-and-sacrifice,letting-go-and-surrendering
devotion-and-sacrifice,life-or-death-devotion
devotion-and-sacrifice,longing-and-devotion
devotion-and-sacrifice,love-and-devotion
devotion-and-sacrifice,love-as-devotion
devotion-and-sacrifice,martyrdom-and-sacrifice
devotion-and-sacrifice,material-devotion
devotion-and-sacrifice,mortality-and-surrender
devotion-and-sacrifice,mutual-devotion
devotion-and-sacrifice,need-and-devotion
devotion-and-sacrifice,one-sided-sacrifice
devotion-and-sacrifice,partner-devotion
devotion-and-sacrifice,playful-devotion
devotion-and-sacrifice,praise-as-sacrifice
devotion-and-sacrifice,prayer-and-surrender
devotion-and-sacrifice,promise-of-devotion
devotion-and-sacrifice,promises-and-devotion
devotion-and-sacrifice,promises-of-devotion
devotion-and-sacrifice,protective-devotion
devotion-and-sacrifice,relationship-devotion
devotion-and-sacrifice,religious-devotion
devotion-and-sacrifice,romantic-devotion
devotion-and-sacrifice,sacrifice
devotion-and-sacrifice,sacrifice-and-devotion
devotion-and-sacrifice,sacrifice-and-imprisonment
devotion-and-sacrifice,sacrifice-for-another
devotion-and-sacrifice,sacrifice-for-children
devotion-and-sacrifice,sacrifice-for-family
devotion-and-sacrifice,sacrifice-for-love
devotion-and-sacrifice,sacrifice-for-loved-ones
devotion-and-sacrifice,sacrifice-for-partner
devotion-and-sacrifice,self-sacrifice
devotion-and-sacrifice,self-sacrifice-and-death
devotion-and-sacrifice,self-sacrifice-and-lost-opportunity
devotion-and-sacrifice,self-sacrifice-and-suicide
devotion-and-sacrifice,self-sacrifice-for-loved-one
devotion-and-sacrifice,self-sacrifice-in-love
devotion-and-sacrifice,self-surrender
devotion-and-sacrifice,singular-devotion
devotion-and-sacrifice,spiritual-devotion
devotion-and-sacrifice,surrender-and-acceptance
devotion-and-sacrifice,surrender-and-praise
devotion-and-sacrifice,surrender-and-sacrifice
devotion-and-sacrifice,surrender-and-vulnerability
devotion-and-sacrifice,surrender-and-worship
devotion-and-sacrifice,surrender-of-self
devotion-and-sacrifice,surrender-to-attraction
devotion-and-sacrifice,surrender-to-desire
devotion-and-sacrifice,surrender-to-feeling
devotion-and-sacrifice,surrender-to-god
devotion-and-sacrifice,surrender-to-temptation
devotion-and-sacrifice,surrendering-to-feelings
devotion-and-sacrifice,surrendering-to-love
devotion-and-sacrifice,surrendering-to-passion
devotion-and-sacrifice,temptation-and-surrender
devotion-and-sacrifice,time-and-devotion
devotion-and-sacrifice,total-devotion
devotion-and-sacrifice,unrequited-devotion
devotion-and-sacrifice,unrequited-sacrifice
devotion-and-sacrifice,worthiness-and-devotion
devotion-and-sacrifice,yielding-to-love
embracing-true-identity,american-identity
embracing-true-identity,authentic-identity
embracing-true-identity,authenticity
embracing-true-identity,authenticity-and-credibility
embracing-true-identity,authenticity-and-honesty
embracing-true-identity,authenticity-and-integrity
embracing-true-identity,authenticity-and-realness
embracing-true-identity,authenticity-and-reputation
embracing-true-identity,authenticity-and-wearing-your-heart
embracing-true-identity,authenticity-over-image
embracing-true-identity,authenticity-over-pretense
embracing-true-identity,authenticity-under-influence
embracing-true-identity,authenticity-vs-fakeness
embracing-true-identity,authenticity-vs-imitation
embracing-true-identity,barbie-identity
embracing-true-identity,being-loved-authentically
embracing-true-identity,being-truly-known
embracing-true-identity,broken-identity
embracing-true-identity,chivalry-and-gentlemanliness
embracing-true-identity,defending-against-disrespect
embracing-true-identity,demanding-authentic-love
embracing-true-identity,demanding-respect
embracing-true-identity,disrespect-and-offense
embracing-true-identity,embracing-being-different
embracing-true-identity,embracing-true-identity
embracing-true-identity,embracing-true-self
embracing-true-identity,embracing-wholeness-of-a-person
embracing-true-identity,emotional-authenticity
embracing-true-identity,emotional-honesty
embracing-true-identity,enduring-love-and-respect
embracing-true-identity,exposing-true-nature
embracing-true-identity,faithfulness-and-honesty
embracing-true-identity,false-identity
embracing-true-identity,finding-a-kindred-spirit
embracing-true-identity,genetic-identity
embracing-true-identity,honesty-and-acceptance
embracing-true-identity,honesty-and-authenticity
embracing-true-identity,honesty-and-conflict
embracing-true-identity,honesty-and-directness
embracing-true-identity,honesty-and-maturity
embracing-true-identity,honesty-and-transparency
embracing-true-identity,humility-and-ego-check
embracing-true-identity,humility-and-kindness
embracing-true-identity,humility-and-pride
embracing-true-identity,humility-and-self-awareness
embracing-true-identity,humility-and-spiritual-struggle
embracing-true-identity,identity-and-destiny
embracing-true-identity,identity-and-image
embracing-true-identity,identity-and-interchangeability
embracing-true-identity,identity-and-self
embracing-true-identity,identity-and-self-definition
embracing-true-identity,identity-and-self-image
embracing-true-identity,identity-crisis
embracing-true-identity,identity-erasure
embracing-true-identity,identity-in-god
embracing-true-identity,identity-loss
embracing-true-identity,identity-under-pressure
embracing-true-identity,individual-identity
embracing-true-identity,individuality
embracing-true-identity,introversion
embracing-true-identity,knowing-the-real-person
embracing-true-identity,living-authentically
embracing-true-identity,longing-for-authenticity
embracing-true-identity,loss-of-identity
embracing-true-identity,love-and-sincerity
embracing-true-identity,material-identity
embracing-true-identity,misunderstood-identity
embracing-true-identity,moral-integrity
embracing-true-identity,mutual-respect-in-relationships
embracing-true-identity,open-mindedness-toward-origins
embracing-true-identity,outlaw-identity
embracing-true-identity,overcoming-hidden-identity
embracing-true-identity,performer-identity
embracing-true-identity,personal-identity
embracing-true-identity,personal-integrity
embracing-true-identity,personal-style
embracing-true-identity,personal-style-and-uniqueness
embracing-true-identity,personal-values-and-integrity
embracing-true-identity,personification-of-substance
embracing-true-identity,racial-and-political-identity
embracing-true-identity,racial-identity
embracing-true-identity,rediscovering-identity
embracing-true-identity,redneck-identity
embracing-true-identity,respect-and-reputation
embracing-true-identity,savage-identity
embracing-true-identity,self-awareness-and-humility
embracing-true-identity,self-expression-and-identity
embracing-true-identity,self-made-identity
embracing-true-identity,self-respect-and-reputation
embracing-true-identity,self-worth-and-identity
embracing-true-identity,sincerity-and-honesty
embracing-true-identity,sincerity-despite-appearances
embracing-true-identity,spiritual-identity
embracing-true-identity,staying-true-to-oneself
embracing-true-identity,staying-true-to-self
embracing-true-identity,zodiac-identity
fame-and-status,authenticity-over-fame
fame-and-status,celebrity-and-public-attention
fame-and-status,celebrity-culture
fame-and-status,celebrity-culture-critique
fame-and-status,celebrity-excess
fame-and-status,celebrity-fantasy
fame-and-status,celebrity-isolation
fame-and-status,celebrity-lifestyle
fame-and-status,celebrity-scrutiny
fame-and-status,celebrity-status
fame-and-status,clout-and-attention
fame-and-status,clout-and-fame
fame-and-status,clout-and-imitation
fame-and-status,clout-and-influence
fame-and-status,clout-and-originality
fame-and-status,clout-and-status
fame-and-status,clout-and-success
fame-and-status,clout-chasing
fame-and-status,clout-chasing-and-fakeness
fame-and-status,clout-chasing-and-imitation
fame-and-status,exploitation-of-fame
fame-and-status,faded-celebrity
fame-and-status,fake-friends-and-clout-chasers
fame-and-status,fame-and-ambition
fame-and-status,fame-and-anonymity
fame-and-status,fame-and-attraction
fame-and-status,fame-and-career-pressure
fame-and-status,fame-and-celebrity
fame-and-status,fame-and-celebrity-lifestyle
fame-and-status,fame-and-ego
fame-and-status,fame-and-haters
fame-and-status,fame-and-identity
fame-and-status,fame-and-isolation
fame-and-status,fame-and-its-dangers
fame-and-status,fame-and-its-emptiness
fame-and-status,fame-and-its-hollowness
fame-and-status,fame-and-its-loneliness
fame-and-status,fame-and-legacy
fame-and-status,fame-and-media-attention
fame-and-status,fame-and-public-life
fame-and-status,fame-and-recognition
fame-and-status,fame-and-reputation
fame-and-status,fame-and-social-status
fame-and-status,fame-and-social-status-obsession
fame-and-status,fame-and-spectacle
fame-and-status,fame-and-status
fame-and-status,fame-and-success
fame-and-status,fame-and-visibility
fame-and-status,global-fame
fame-and-status,global-fame-and-travel
fame-and-status,imitation-and-clout
fame-and-status,local-celebrity
fame-and-status,loneliness-despite-fame
fame-and-status,money-and-success
fame-and-status,post-fame-freedom
fame-and-status,price-of-celebrity
fame-and-status,rise-to-fame
fame-and-status,rising-fame
fame-and-status,self-confidence-and-clout
fame-and-status,self-promotion
fame-and-status,self-promotion-and-celebrity
fame-and-status,self-promotion-and-fame
fame-and-status,social-media-and-clout
fame-and-status,social-media-clout
fame-and-status,social-media-fame
fame-and-status,spotlight-and-fame
fame-and-status,status-and-clout
fame-and-status,success-and-fame
fame-and-status,warning-against-chasing-fame
fame-and-status,warning-against-fame
fame-and-status,wealth-and-fame
family-and-fatherhood,adult-responsibilities
family-and-fatherhood,becoming-ones-parents
family-and-fatherhood,broken-family
family-and-fatherhood,caregiving-and-nurturing
family-and-fatherhood,child-protection
family-and-fatherhood,dysfunctional-family
family-and-fatherhood,family-and-children
family-and-fatherhood,family-and-fatherhood
family-and-fatherhood,family-and-home
family-and-fatherhood,family-and-support
family-and-fatherhood,family-approval
family-and-fatherhood,family-bonds
family-and-fatherhood,family-conflict
family-and-fatherhood,family-disapproval
family-and-fatherhood,family-disruption
family-and-fatherhood,family-dysfunction
family-and-fatherhood,family-relationships
family-and-fatherhood,family-structure
family-and-fatherhood,family-taboo
family-and-fatherhood,family-ties
family-and-fatherhood,fatherhood-amid-street-life
family-and-fatherhood,fatherhood-and-family
family-and-fatherhood,female-nurturing-role
family-and-fatherhood,generational-family
family-and-fatherhood,maternal-guidance
family-and-fatherhood,maternal-love
family-and-fatherhood,maternal-love-and-protection
family-and-fatherhood,maternal-validation
family-and-fatherhood,maternal-worry
family-and-fatherhood,mother-as-sole-provider
family-and-fatherhood,motherhood
family-and-fatherhood,motherhood-and-nurturing
family-and-fatherhood,multigenerational-family
family-and-fatherhood,parental-conflict
family-and-fatherhood,parental-disapproval
family-and-fatherhood,parental-love
family-and-fatherhood,parental-love-and-devotion
family-and-fatherhood,parental-responsibility
family-and-fatherhood,parental-struggle
family-and-fatherhood,parental-worry
family-and-fatherhood,parenthood
family-and-fatherhood,parenting-worries
family-and-fatherhood,protecting-your-child
family-and-fatherhood,providing-for-family
family-and-fatherhood,seeking-maternal-comfort
family-and-fatherhood,self-sufficiency-as-a-couple
family-and-fatherhood,shared-future-and-family
family-and-fatherhood,single-motherhood
family-and-fatherhood,troubled-family-relationships
fantasy-and-imagination,academic-metaphor
fantasy-and-imagination,acceptance-of-absence
fantasy-and-imagination,addiction-metaphor
fantasy-and-imagination,alien-abduction-metaphor
fantasy-and-imagination,angelic-imagery
fantasy-and-imagination,angelic-presence
fantasy-and-imagination,angelic-yet-worldly-woman
fantasy-and-imagination,anti-hero-identity
fantasy-and-imagination,autumn-and-seasonal-imagery
fantasy-and-imagination,basketball-identity
fantasy-and-imagination,basketball-references
fantasy-and-imagination,beach-and-summer-vibes
fantasy-and-imagination,beach-and-tropical-setting
fantasy-and-imagination,beach-party
fantasy-and-imagination,beach-setting
fantasy-and-imagination,beauty-in-everyday-moments
fantasy-and-imagination,beauty-of-the-beloved
fantasy-and-imagination,being-seen-and-invisible
fantasy-and-imagination,bittersweet-summer
fantasy-and-imagination,body-exploration
fantasy-and-imagination,body-movement
fantasy-and-imagination,boundary-setting
fantasy-and-imagination,building-a-new-foundation
fantasy-and-imagination,carefree-summer-mood
fantasy-and-imagination,celebrity-and-pop-culture-references
fantasy-and-imagination,chaos-and-confusion
fantasy-and-imagination,chaotic-energy
fantasy-and-imagination,chaotic-energy-and-unpredictability
fantasy-and-imagination,chaotic-spectacle-of-life
fantasy-and-imagination,chaotic-tense-atmosphere
fantasy-and-imagination,coastal-setting
fantasy-and-imagination,connection-to-nature
fantasy-and-imagination,crisis-and-collapse
fantasy-and-imagination,cycle-of-repetition
fantasy-and-imagination,dark-humor-and-resignation
fantasy-and-imagination,dark-supernatural-imagery
fantasy-and-imagination,deja-vu-and-repetition
fantasy-and-imagination,divine-affirmation
fantasy-and-imagination,divine-beauty
fantasy-and-imagination,divine-creation
fantasy-and-imagination,divine-faithfulness
fantasy-and-imagination,divine-feminine
fantasy-and-imagination,edgy-subculture-references
fantasy-and-imagination,enduring-presence
fantasy-and-imagination,energetic-momentum
fantasy-and-imagination,energy-and-vitality
fantasy-and-imagination,euphoria-and-transcendence
fantasy-and-imagination,fading-and-wear
fantasy-and-imagination,fading-love
fantasy-and-imagination,fading-vitality
fantasy-and-imagination,falling-apart
fantasy-and-imagination,false-reality
fantasy-and-imagination,fantasy-and-curiosity
fantasy-and-imagination,fantasy-and-idealization
fantasy-and-imagination,fantasy-and-imagination
fantasy-and-imagination,fantasy-and-self-delusion
fantasy-and-imagination,fantasy-vs-reality
fantasy-and-imagination,feeling-invisible
fantasy-and-imagination,feeling-invisible-and-worthless
fantasy-and-imagination,feeling-seen
fantasy-and-imagination,feeling-unseen
fantasy-and-imagination,finding-meaning-in-chaos
fantasy-and-imagination,fire-and-ice-duality
fantasy-and-imagination,fleeting-presence
fantasy-and-imagination,freedom-and-elevation
fantasy-and-imagination,freedom-and-transcendence
fantasy-and-imagination,fresh-start
fantasy-and-imagination,gambling-metaphor
fantasy-and-imagination,getting-ready
fantasy-and-imagination,getting-ready-ritual
fantasy-and-imagination,glow-up
fantasy-and-imagination,goddess-divinity
fantasy-and-imagination,golden-hour
fantasy-and-imagination,golden-hour-light
fantasy-and-imagination,heat-and-energy
fantasy-and-imagination,heat-and-fire-metaphor
fantasy-and-imagination,heat-as-metaphor
fantasy-and-imagination,heavenly-imagery
fantasy-and-imagination,hero-villain-duality
fantasy-and-imagination,hot-girl-summer-lifestyle
fantasy-and-imagination,hype-energy
fantasy-and-imagination,hypnotic-presence
fantasy-and-imagination,ideal-partner
fantasy-and-imagination,idealization-of-a-person
fantasy-and-imagination,idealization-of-a-woman
fantasy-and-imagination,idealization-of-lover
fantasy-and-imagination,idealization-of-partner
fantasy-and-imagination,idealized-beauty
fantasy-and-imagination,idealized-love
fantasy-and-imagination,idealized-love-fantasy
fantasy-and-imagination,idealized-memory
fantasy-and-imagination,idealized-partner
fantasy-and-imagination,idealized-perfection
fantasy-and-imagination,idealized-relationship
fantasy-and-imagination,idealized-romance
fantasy-and-imagination,idealized-self-image
fantasy-and-imagination,illusion-and-self-deception
fantasy-and-imagination,impermanence
fantasy-and-imagination,impermanence-of-things
fantasy-and-imagination,inadequacy-of-words
fantasy-and-imagination,inescapable-memory
fantasy-and-imagination,initiation-ritual
fantasy-and-imagination,inner-beauty
fantasy-and-imagination,inner-depth-and-persistence
fantasy-and-imagination,intoxication-metaphor
fantasy-and-imagination,invisibility-and-neglect
fantasy-and-imagination,invisibility-in-a-relationship
fantasy-and-imagination,irony-and-dark-humor
fantasy-and-imagination,irony-and-sarcasm
fantasy-and-imagination,irresistibility
fantasy-and-imagination,jordan-brand-identity
fantasy-and-imagination,landscape-as-memory
fantasy-and-imagination,lingering-physical-presence
fantasy-and-imagination,lingering-presence
fantasy-and-imagination,loss-of-words
fantasy-and-imagination,lover-as-drink-metaphor
fantasy-and-imagination,lover-idealized
fantasy-and-imagination,luminous-beauty
fantasy-and-imagination,lyrical-dominance
fantasy-and-imagination,lyrical-superiority
fantasy-and-imagination,magic-and-illusion
fantasy-and-imagination,magic-and-spells
fantasy-and-imagination,magic-illusion-disappearance
fantasy-and-imagination,magical-atmosphere
fantasy-and-imagination,magical-feeling
fantasy-and-imagination,manifestation
fantasy-and-imagination,manifestation-and-self-belief
fantasy-and-imagination,manipulation-and-illusion
fantasy-and-imagination,mindfulness-and-presence
fantasy-and-imagination,monster-alter-ego
fantasy-and-imagination,moving-on-narratives
fantasy-and-imagination,multilingual-communication
fantasy-and-imagination,multilingual-expression
fantasy-and-imagination,mythological-heroes
fantasy-and-imagination,narrative-closure
fantasy-and-imagination,natural-beauty
fantasy-and-imagination,natural-beauty-and-freedom
fantasy-and-imagination,natural-beauty-and-imagery
fantasy-and-imagination,natural-beauty-and-intimacy
fantasy-and-imagination,natural-cycles-as-metaphor
fantasy-and-imagination,natural-disaster-as-metaphor
fantasy-and-imagination,natural-forces-as-metaphor
fantasy-and-imagination,nature-as-emotional-backdrop
fantasy-and-imagination,nature-as-emotional-symbol
fantasy-and-imagination,nature-as-metaphor
fantasy-and-imagination,new-beginnings
fantasy-and-imagination,new-perspective
fantasy-and-imagination,nonstop-energy
fantasy-and-imagination,on-again-off-again-cycle
fantasy-and-imagination,orange-as-symbol
fantasy-and-imagination,outdoor-recreation
fantasy-and-imagination,perfection-in-love
fantasy-and-imagination,physical-movement
fantasy-and-imagination,places-tainted-by-love
fantasy-and-imagination,playfulness-and-fantasy
fantasy-and-imagination,pop-culture-dance-references
fantasy-and-imagination,pop-culture-references
fantasy-and-imagination,power-and-energy
fantasy-and-imagination,presence-and-togetherness
fantasy-and-imagination,presence-over-absence
fantasy-and-imagination,presence-over-place
fantasy-and-imagination,prophetic-self-image
fantasy-and-imagination,radiance-and-light
fantasy-and-imagination,refusing-to-repeat-mistakes
fantasy-and-imagination,rejecting-the-damsel-in-distress-trope
fantasy-and-imagination,rejecting-unrealistic-ideals
fantasy-and-imagination,religious-imagery
fantasy-and-imagination,repeated-chances
fantasy-and-imagination,repeated-desire-for-more
fantasy-and-imagination,repeated-mistakes
fantasy-and-imagination,repetition-and-obsession
fantasy-and-imagination,repetition-and-play
fantasy-and-imagination,repetitive-cycles
fantasy-and-imagination,rhythmic-repetition
fantasy-and-imagination,romantic-fantasy-vs-reality
fantasy-and-imagination,scenic-beauty-overshadowed-by-love
fantasy-and-imagination,scenic-moments
fantasy-and-imagination,seasonal-change
fantasy-and-imagination,seasonal-nostalgia
fantasy-and-imagination,selective-memory
fantasy-and-imagination,self-awareness-and-irony
fantasy-and-imagination,self-display
fantasy-and-imagination,self-elevation
fantasy-and-imagination,self-proclaimed-hood-hero
fantasy-and-imagination,self-proclaimed-street-hero
fantasy-and-imagination,solid-foundation
fantasy-and-imagination,space-and-celestial-imagery
fantasy-and-imagination,spiritual-and-mystical-power
fantasy-and-imagination,sports-references
fantasy-and-imagination,stargazing-imagery
fantasy-and-imagination,storm-as-metaphor
fantasy-and-imagination,storm-metaphor
fantasy-and-imagination,subverting-fairy-tale-tropes
fantasy-and-imagination,summer-as-metaphor
fantasy-and-imagination,summer-lifestyle
fantasy-and-imagination,summer-nostalgia
fantasy-and-imagination,summer-sensory-pleasure
fantasy-and-imagination,summer-vacation-atmosphere
fantasy-and-imagination,sunshine-and-brightness
fantasy-and-imagination,superhero-identity
fantasy-and-imagination,superhero-metaphor
fantasy-and-imagination,superhero-references
fantasy-and-imagination,supernatural-atmosphere
fantasy-and-imagination,supernatural-gift
fantasy-and-imagination,surfing-as-metaphor
fantasy-and-imagination,surfing-as-sexual-metaphor
fantasy-and-imagination,surviving-chaos
fantasy-and-imagination,the-blues
fantasy-and-imagination,trance-and-enchantment
fantasy-and-imagination,transcendence-and-euphoria
fantasy-and-imagination,transcendence-and-heaven
fantasy-and-imagination,transformation-through-presence
fantasy-and-imagination,transience
fantasy-and-imagination,transience-of-wealth
fantasy-and-imagination,turbulent-feelings
fantasy-and-imagination,unavoidable-memory
fantasy-and-imagination,unpredictability
fantasy-and-imagination,unpredictability-of-self
fantasy-and-imagination,unreliability-of-others
fantasy-and-imagination,unreliability-of-people
fantasy-and-imagination,unstoppable-energy-and-momentum
fantasy-and-imagination,untameable-nature
fantasy-and-imagination,watching-everything-crumble
fantasy-and-imagination,weightlessness-and-freedom
fantasy-and-imagination,wind-as-driving-force
fantasy-and-imagination,winter-season
fantasy-and-imagination,winter-weather
fantasy-and-imagination,wish-fulfillment
fantasy-and-imagination,wish-fulfillment-fantasy
fantasy-and-imagination,wonder-and-enchantment
fantasy-and-imagination,wordplay-and-lyrical-skill
fantasy-and-imagination,words-and-their-impact
fear-of-vulnerability,authenticity-and-vulnerability
fear-of-vulnerability,avoiding-emotional-vulnerability
fear-of-vulnerability,avoiding-vulnerability
fear-of-vulnerability,danger-and-fear
fear-of-vulnerability,embracing-vulnerability
fear-of-vulnerability,emotional-guardedness
fear-of-vulnerability,emotional-vulnerability
fear-of-vulnerability,emotional-walls-and-vulnerability
fear-of-vulnerability,fear-and-cold-feet
fear-of-vulnerability,fear-and-danger
fear-of-vulnerability,fear-and-intimidation
fear-of-vulnerability,fear-and-mortality
fear-of-vulnerability,fear-and-personal-growth
fear-of-vulnerability,fear-and-survival
fear-of-vulnerability,fear-of-abandonment
fear-of-vulnerability,fear-of-attachment
fear-of-vulnerability,fear-of-being-alone
fear-of-vulnerability,fear-of-being-forgotten
fear-of-vulnerability,fear-of-disappointment
fear-of-vulnerability,fear-of-embarrassment
fear-of-vulnerability,fear-of-fading
fear-of-vulnerability,fear-of-failure
fear-of-vulnerability,fear-of-failure-and-perseverance
fear-of-vulnerability,fear-of-games-and-manipulation
fear-of-vulnerability,fear-of-heartbreak
fear-of-vulnerability,fear-of-hurting-a-partner
fear-of-vulnerability,fear-of-loneliness
fear-of-vulnerability,fear-of-losing-her
fear-of-vulnerability,fear-of-losing-love
fear-of-vulnerability,fear-of-losing-partner
fear-of-vulnerability,fear-of-losing-relationship
fear-of-vulnerability,fear-of-losing-someone
fear-of-vulnerability,fear-of-losing-success
fear-of-vulnerability,fear-of-loss
fear-of-vulnerability,fear-of-love
fear-of-vulnerability,fear-of-mediocrity
fear-of-vulnerability,fear-of-public-embarrassment
fear-of-vulnerability,fear-of-regret
fear-of-vulnerability,fear-of-rejection
fear-of-vulnerability,fear-of-relationship-failure
fear-of-vulnerability,fear-of-repeating-past-mistakes
fear-of-vulnerability,fear-of-ruining-love
fear-of-vulnerability,fear-of-separation
fear-of-vulnerability,fear-of-the-6
fear-of-vulnerability,fear-of-the-unknown
fear-of-vulnerability,fear-of-vulnerability
fear-of-vulnerability,fearlessness
fear-of-vulnerability,fearlessness-toward-death
fear-of-vulnerability,female-insecurity
fear-of-vulnerability,heartbreak-and-vulnerability
fear-of-vulnerability,hesitation-and-caution
fear-of-vulnerability,hesitation-to-reach-out
fear-of-vulnerability,insecurity
fear-of-vulnerability,insecurity-and-peer-pressure
fear-of-vulnerability,insecurity-in-love
fear-of-vulnerability,mutual-hesitation
fear-of-vulnerability,mutual-vulnerability
fear-of-vulnerability,nervousness-and-vulnerability
fear-of-vulnerability,nervousness-around-partner
fear-of-vulnerability,overcoming-fear
fear-of-vulnerability,overcoming-fear-and-struggle
fear-of-vulnerability,overcoming-hesitation
fear-of-vulnerability,personal-transgressions
fear-of-vulnerability,pride-and-vulnerability
fear-of-vulnerability,public-persona-vs-private-suffering
fear-of-vulnerability,refusing-vulnerability
fear-of-vulnerability,relationship-anxiety
fear-of-vulnerability,reluctant-going-out
fear-of-vulnerability,romantic-insecurity
fear-of-vulnerability,romantic-vulnerability
fear-of-vulnerability,social-anxiety
fear-of-vulnerability,social-anxiety-and-rejection
fear-of-vulnerability,strength-in-vulnerability
fear-of-vulnerability,suppressing-vulnerability
fear-of-vulnerability,trust-and-vulnerability
fear-of-vulnerability,uncertainty-and-vulnerability
fear-of-vulnerability,vulnerability
fear-of-vulnerability,vulnerability-and-authenticity
fear-of-vulnerability,vulnerability-and-betrayal
fear-of-vulnerability,vulnerability-and-captivation
fear-of-vulnerability,vulnerability-and-confession
fear-of-vulnerability,vulnerability-and-courage
fear-of-vulnerability,vulnerability-and-emotional-guardedness
fear-of-vulnerability,vulnerability-and-emotional-struggle
fear-of-vulnerability,vulnerability-and-heartbreak
fear-of-vulnerability,vulnerability-and-honesty
fear-of-vulnerability,vulnerability-and-openness
fear-of-vulnerability,vulnerability-and-pain
fear-of-vulnerability,vulnerability-and-pride
fear-of-vulnerability,vulnerability-and-secrecy
fear-of-vulnerability,vulnerability-and-trust
fear-of-vulnerability,vulnerability-beneath-strength
fear-of-vulnerability,vulnerability-in-love
fear-of-vulnerability,vulnerability-of-confession
female-empowerment,anger-and-rejection
female-empowerment,attraction-to-a-bad-boy
female-empowerment,attraction-to-bad-boys
female-empowerment,attraction-to-bad-girls
female-empowerment,attraction-to-bad-women
female-empowerment,bad-boy-appeal
female-empowerment,bad-boy-attraction
female-empowerment,bad-boy-persona
female-empowerment,bad-girl-identity
female-empowerment,bad-girl-image
female-empowerment,bad-girl-persona
female-empowerment,black-economic-empowerment
female-empowerment,bodily-autonomy
female-empowerment,carefree-female-energy
female-empowerment,confidence-and-dominance
female-empowerment,confrontation-and-dominance
female-empowerment,defiance-of-objectification
female-empowerment,dismissal-of-women
female-empowerment,dismissing-men
female-empowerment,dismissing-other-women
female-empowerment,dismissing-women
female-empowerment,dismissiveness-toward-men
female-empowerment,dominance-and-clout
female-empowerment,dominance-and-confidence
female-empowerment,dominance-and-control
female-empowerment,dominance-and-intimidation
female-empowerment,dominance-and-power
female-empowerment,dominance-and-status
female-empowerment,dominance-and-superiority
female-empowerment,dominance-over-men
female-empowerment,dominance-over-others
female-empowerment,emotional-and-physical-dominance
female-empowerment,emotional-and-physical-power-over-partner
female-empowerment,emotional-power-dynamics
female-empowerment,empowerment
female-empowerment,empowerment-and-freedom
female-empowerment,empowerment-and-letting-go
female-empowerment,empowerment-and-self-belief
female-empowerment,empowerment-through-love
female-empowerment,extracting-resources-from-men
female-empowerment,female-ambition
female-empowerment,female-ambition-and-leadership
female-empowerment,female-bodily-autonomy
female-empowerment,female-confidence-and-independence
female-empowerment,female-curves
female-empowerment,female-danger-and-unpredictability
female-empowerment,female-dominance
female-empowerment,female-empowerment
female-empowerment,female-empowerment-and-ambition
female-empowerment,female-empowerment-and-hustle
female-empowerment,female-empowerment-and-self-worth
female-empowerment,female-empowerment-and-support
female-empowerment,female-financial-empowerment
female-empowerment,female-friendship-and-solidarity
female-empowerment,female-independence
female-empowerment,female-independence-and-self-sufficiency
female-empowerment,female-independence-and-style
female-empowerment,female-independence-and-success
female-empowerment,female-liberation-and-freedom
female-empowerment,female-liberation-and-independence
female-empowerment,female-objectification
female-empowerment,female-predatory-sexuality
female-empowerment,female-relationships
female-empowerment,female-resilience
female-empowerment,female-sexual-agency
female-empowerment,female-sexual-empowerment
female-empowerment,female-sexual-power
female-empowerment,female-solidarity
female-empowerment,female-subject-portrait
female-empowerment,female-superiority-over-male-power
female-empowerment,feminine-power
female-empowerment,free-spirited-woman
female-empowerment,frustration-with-dating-norms
female-empowerment,gender-and-domestic-burden
female-empowerment,gender-expectations
female-empowerment,gender-perspective-exchange
female-empowerment,good-girl-bad-boy-attraction
female-empowerment,good-girl-rebellion
female-empowerment,hope-and-empowerment
female-empowerment,independent-woman
female-empowerment,insecurity-and-masculinity
female-empowerment,intimidation-and-dominance
female-empowerment,irresistible-power
female-empowerment,male-control-and-dominance
female-empowerment,male-inadequacy
female-empowerment,male-incompetence
female-empowerment,male-inconsistency
female-empowerment,masculine-identity
female-empowerment,masculine-protection
female-empowerment,masculinity-and-self-reliance
female-empowerment,misogyny
female-empowerment,misogyny-and-sexual-exploitation
female-empowerment,playful-power-dynamics
female-empowerment,political-empowerment
female-empowerment,power-and-control
female-empowerment,power-and-control-in-relationships
female-empowerment,power-and-dominance
female-empowerment,power-and-systemic-control
female-empowerment,power-dynamic
female-empowerment,power-dynamics
female-empowerment,power-dynamics-in-romance
female-empowerment,power-over-men
female-empowerment,protecting-and-guiding-women
female-empowerment,pursuing-a-guarded-woman
female-empowerment,pursuing-women
female-empowerment,pursuit-of-women
female-empowerment,rebellion-against-good-girl-image
female-empowerment,refusal-to-be-objectified
female-empowerment,refusing-objectification
female-empowerment,rejecting-broke-men
female-empowerment,rejecting-gender-stereotypes
female-empowerment,rejecting-unworthy-men
female-empowerment,rejection
female-empowerment,rejection-and-cutting-contact
female-empowerment,rejection-and-dismissal
female-empowerment,rejection-and-feeling-unloved
female-empowerment,rejection-and-indifference
female-empowerment,rejection-and-refusal
female-empowerment,rejection-of-gender-stereotypes
female-empowerment,rejection-of-romance
female-empowerment,rejection-of-traditional-relationships
female-empowerment,rejection-of-women
female-empowerment,romantic-power-dynamic
female-empowerment,royal-power-imagery
female-empowerment,self-confidence-and-dominance
female-empowerment,self-confidence-and-empowerment
female-empowerment,self-empowerment-and-confidence
female-empowerment,self-worth-and-empowerment
female-empowerment,sexual-autonomy
female-empowerment,sexual-control-and-dominance
female-empowerment,sexual-dominance
female-empowerment,sexual-dominance-and-objectification
female-empowerment,sexual-empowerment
female-empowerment,sexual-freedom
female-empowerment,sexual-power
female-empowerment,sexual-power-and-agency
female-empowerment,sexual-power-and-dominance
female-empowerment,showing-a-woman-the-good-life
female-empowerment,societal-pressure-on-women
female-empowerment,societal-underestimation-of-women
female-empowerment,solidarity-among-women
female-empowerment,spite-and-rejection
female-empowerment,violence-and-dominance
female-empowerment,western-cowgirl-imagery
female-empowerment,wild-free-spirited-woman
female-empowerment,womanizing
female-empowerment,womanizing-lifestyle
female-empowerment,women-and-relationships
female-empowerment,women-and-status
female-empowerment,women-empowerment
female-empowerment,women-s-bodily-autonomy
female-empowerment,women-supporting-women
flirtation-and-seduction,bar-flirtation
flirtation-and-seduction,casual-closeness
flirtation-and-seduction,casual-encounters
flirtation-and-seduction,casual-hookup
flirtation-and-seduction,casual-hookups-and-situationships
flirtation-and-seduction,casual-physical-relationship
flirtation-and-seduction,casual-relationship
flirtation-and-seduction,casual-relationship-boundaries
flirtation-and-seduction,casual-relationship-dynamics
flirtation-and-seduction,casual-relationship-pain
flirtation-and-seduction,casual-relationships
flirtation-and-seduction,casual-relationships-as-coping
flirtation-and-seduction,casual-relationships-with-women
flirtation-and-seduction,casual-romance
flirtation-and-seduction,casual-sex
flirtation-and-seduction,casual-sexual-conquest
flirtation-and-seduction,casual-sexual-encounter
flirtation-and-seduction,casual-sexual-encounters
flirtation-and-seduction,casual-vs-deep-feelings
flirtation-and-seduction,celebrating-sexuality
flirtation-and-seduction,dancing-and-flirtation
flirtation-and-seduction,digital-flirtation
flirtation-and-seduction,emotional-games
flirtation-and-seduction,explicit-sexual-acts
flirtation-and-seduction,explicit-sexual-encounter
flirtation-and-seduction,family-humor
flirtation-and-seduction,female-sexual-skill
flirtation-and-seduction,flirtation
flirtation-and-seduction,flirtation-and-attraction
flirtation-and-seduction,flirtation-and-pursuit
flirtation-and-seduction,flirtation-and-seduction
flirtation-and-seduction,flirtatious-approach
flirtation-and-seduction,flirtatious-attention
flirtation-and-seduction,flirtatious-attraction
flirtation-and-seduction,flirtatious-invitation
flirtation-and-seduction,flirtatious-pursuit
flirtation-and-seduction,flirting-and-pursuit
flirtation-and-seduction,game-playing-in-relationships
flirtation-and-seduction,kink-and-bdsm
flirtation-and-seduction,love-games
flirtation-and-seduction,lovemaking
flirtation-and-seduction,material-seduction
flirtation-and-seduction,mind-games
flirtation-and-seduction,oral-sex
flirtation-and-seduction,performance-and-showmanship
flirtation-and-seduction,performative-femininity
flirtation-and-seduction,persuasion-and-seduction
flirtation-and-seduction,playful-game
flirtation-and-seduction,playful-intimacy
flirtation-and-seduction,playful-pursuit
flirtation-and-seduction,playful-relationship-dynamic
flirtation-and-seduction,playful-seduction
flirtation-and-seduction,playful-taunting
flirtation-and-seduction,playful-wordplay
flirtation-and-seduction,playfulness-and-humor
flirtation-and-seduction,playing-games-in-love
flirtation-and-seduction,playing-hard-to-get
flirtation-and-seduction,playing-the-field
flirtation-and-seduction,promiscuity
flirtation-and-seduction,promiscuity-and-casual-sex
flirtation-and-seduction,promiscuity-and-sexual-freedom
flirtation-and-seduction,promiscuity-as-coping
flirtation-and-seduction,provocative-seduction
flirtation-and-seduction,pursuit-and-flirtation
flirtation-and-seduction,pursuit-and-persuasion
flirtation-and-seduction,roleplay-and-kink
flirtation-and-seduction,romantic-and-sexual-conquest
flirtation-and-seduction,romantic-game-playing
flirtation-and-seduction,romantic-playfulness
flirtation-and-seduction,seduction
flirtation-and-seduction,seduction-and-attraction
flirtation-and-seduction,seduction-and-desire
flirtation-and-seduction,seduction-and-flirtation
flirtation-and-seduction,seduction-and-persuasion
flirtation-and-seduction,seduction-and-physical-attraction
flirtation-and-seduction,seduction-and-romance
flirtation-and-seduction,seduction-and-temptation
flirtation-and-seduction,seduction-invitation
flirtation-and-seduction,self-proclaimed-sexual-prowess
flirtation-and-seduction,sensory-seduction
flirtation-and-seduction,sexual-activity
flirtation-and-seduction,sexual-conquest
flirtation-and-seduction,sexual-desire-and-flirtation
flirtation-and-seduction,sexual-encounters
flirtation-and-seduction,sexual-explicitness
flirtation-and-seduction,sexual-flexibility-and-skill
flirtation-and-seduction,sexual-flirtation
flirtation-and-seduction,sexual-innuendo
flirtation-and-seduction,sexual-promiscuity
flirtation-and-seduction,sexual-prowess
flirtation-and-seduction,sexual-roleplay-and-kink
flirtation-and-seduction,sexual-solicitation
flirtation-and-seduction,sexual-teasing
flirtation-and-seduction,sexualidade-e-objetificação-feminina
flirtation-and-seduction,sexuality
flirtation-and-seduction,sexuality-and-relationships
flirtation-and-seduction,slow-seduction
flirtation-and-seduction,social-media-flirtation
flirtation-and-seduction,social-media-flirting
flirtation-and-seduction,spiritual-sexuality
flirtation-and-seduction,teasing-and-seduction
flirtation-and-seduction,women-and-casual-relationships
flirtation-and-seduction,women-and-sexual-conquest
flirtation-and-seduction,women-and-sexuality
freedom-and-escape,adventure-and-exploration
freedom-and-escape,adventure-and-freedom
freedom-and-escape,adventure-and-spontaneity
freedom-and-escape,adventurous-freedom
freedom-and-escape,alcohol-and-escapism
freedom-and-escape,alcohol-as-escape
freedom-and-escape,breaking-free
freedom-and-escape,carefree-abandon
freedom-and-escape,carefree-attitude
freedom-and-escape,carefree-escape
freedom-and-escape,carefree-escapism
freedom-and-escape,carefree-fun
freedom-and-escape,carefree-good-time
freedom-and-escape,carefree-joy
freedom-and-escape,carefree-lifestyle
freedom-and-escape,carefree-nightlife
freedom-and-escape,carefree-recklessness
freedom-and-escape,carefree-social-atmosphere
freedom-and-escape,carefree-spontaneity
freedom-and-escape,carefree-vibing
freedom-and-escape,checking-in-from-the-road
freedom-and-escape,co-dependency-and-entrapment
freedom-and-escape,contentment-without-travel
freedom-and-escape,cosmic-escapism
freedom-and-escape,country-road-freedom
freedom-and-escape,cowboy-lifestyle
freedom-and-escape,dangerous-journey
freedom-and-escape,desire-for-escape
freedom-and-escape,desire-for-freedom
freedom-and-escape,desire-to-escape
freedom-and-escape,distraction-and-escapism
freedom-and-escape,drinking-and-escapism
freedom-and-escape,driving-as-emotional-metaphor
freedom-and-escape,drug-use-as-escape
freedom-and-escape,entrapment-and-inability-to-escape
freedom-and-escape,escape-and-freedom
freedom-and-escape,escape-and-getaway
freedom-and-escape,escape-and-survival
freedom-and-escape,escape-from-lifestyle
freedom-and-escape,escape-from-old-life
freedom-and-escape,escape-from-reality
freedom-and-escape,escapism
freedom-and-escape,escapism-and-fantasy
freedom-and-escape,escapism-and-paradise
freedom-and-escape,escapism-and-pleasure
freedom-and-escape,escapism-and-temptation
freedom-and-escape,escapism-and-travel
freedom-and-escape,escapist-fantasy
freedom-and-escape,exclusive-lifestyle
freedom-and-escape,false-sense-of-freedom
freedom-and-escape,fantasy-and-escapism
freedom-and-escape,fast-lifestyle
freedom-and-escape,fast-living-lifestyle
freedom-and-escape,female-player-lifestyle
freedom-and-escape,flashy-lifestyle
freedom-and-escape,fleeing-from-truth
freedom-and-escape,freedom
freedom-and-escape,freedom-and-adventure
freedom-and-escape,freedom-and-encouragement
freedom-and-escape,freedom-and-escape
freedom-and-escape,freedom-and-fun
freedom-and-escape,freedom-and-letting-loose
freedom-and-escape,freedom-and-liberation
freedom-and-escape,freedom-and-pleasure
freedom-and-escape,freedom-and-wildness
freedom-and-escape,freedom-over-security
freedom-and-escape,futile-escape-attempts
freedom-and-escape,geographic-travel
freedom-and-escape,geographic-wandering
freedom-and-escape,girl-squad-lifestyle
freedom-and-escape,glamorous-lifestyle
freedom-and-escape,hedonism-and-excess
freedom-and-escape,hedonistic-lifestyle
freedom-and-escape,hidden-wild-side
freedom-and-escape,inability-to-escape
freedom-and-escape,inability-to-leave
freedom-and-escape,individual-freedom
freedom-and-escape,intimacy-and-escapism
freedom-and-escape,intoxication-as-escapism
freedom-and-escape,journey-and-road
freedom-and-escape,journey-as-reward
freedom-and-escape,late-night-escapism
freedom-and-escape,letting-loose
freedom-and-escape,life-journey
freedom-and-escape,life-on-the-road
freedom-and-escape,living-fast
freedom-and-escape,living-recklessly
freedom-and-escape,longing-for-escape
freedom-and-escape,longing-for-freedom
freedom-and-escape,mental-escape
freedom-and-escape,narco-lifestyle-pride
freedom-and-escape,newfound-freedom
freedom-and-escape,open-road-lifestyle
freedom-and-escape,openness-to-adventure
freedom-and-escape,outlaw-lifestyle
freedom-and-escape,overdue-liberation
freedom-and-escape,playboy-lifestyle
freedom-and-escape,player-lifestyle
freedom-and-escape,reckless-lifestyle
freedom-and-escape,reckless-living
freedom-and-escape,relaxation-and-escape
freedom-and-escape,relief-and-freedom
freedom-and-escape,return-journey
freedom-and-escape,riding-and-freedom
freedom-and-escape,road-and-journey
freedom-and-escape,road-and-return-journey
freedom-and-escape,road-and-travel-imagery
freedom-and-escape,road-as-metaphor
freedom-and-escape,road-trip-and-escape
freedom-and-escape,rockstar-lifestyle
freedom-and-escape,running-away
freedom-and-escape,running-from-love
freedom-and-escape,search-for-escape
freedom-and-escape,secret-escape
freedom-and-escape,self-liberation
freedom-and-escape,self-liberation-and-release
freedom-and-escape,spontaneity-and-adventure
freedom-and-escape,spontaneous-adventure
freedom-and-escape,stagnation-vs-escape
freedom-and-escape,substance-abuse-as-escape
freedom-and-escape,substance-use-as-escape
freedom-and-escape,survival-and-escape
freedom-and-escape,travel-and-adventure
freedom-and-escape,travel-and-freedom
freedom-and-escape,truck-culture
freedom-and-escape,trucks-and-driving
freedom-and-escape,unapologetic-freedom
freedom-and-escape,uninhibited-freedom
freedom-and-escape,uninhibited-wildness
freedom-and-escape,wanderlust
freedom-and-escape,wanderlust-and-adventure
freedom-and-escape,wanderlust-and-escape
freedom-and-escape,wanderlust-and-freedom
freedom-and-escape,wild-behavior
freedom-and-escape,wild-freedom
freedom-and-escape,wild-living
freedom-and-escape,youthful-carefree-feeling
freedom-and-escape,youthful-carefree-lifestyle
heartbreak-and-grief,acceptance-of-loss
heartbreak-and-grief,alcohol-and-numbness
heartbreak-and-grief,all-consuming-grief
heartbreak-and-grief,anticipating-heartbreak
heartbreak-and-grief,breakup-and-heartbreak
heartbreak-and-grief,brokenness-and-healing
heartbreak-and-grief,childhood-trauma
heartbreak-and-grief,childhood-trauma-and-marginalization
heartbreak-and-grief,community-and-generational-trauma
heartbreak-and-grief,compassion-turning-to-pity
heartbreak-and-grief,coping-with-loss
heartbreak-and-grief,coping-with-pain
heartbreak-and-grief,cry-for-help
heartbreak-and-grief,cycle-of-breakups-and-makeups
heartbreak-and-grief,cycle-of-hurt
heartbreak-and-grief,denial-of-pain
heartbreak-and-grief,desire-for-relief
heartbreak-and-grief,despair-and-hopelessness
heartbreak-and-grief,desperate-plea-for-comfort
heartbreak-and-grief,desperate-plea-for-relief
heartbreak-and-grief,desperate-pleading
heartbreak-and-grief,desperate-prayer
heartbreak-and-grief,desperation-for-relief
heartbreak-and-grief,domestic-abuse
heartbreak-and-grief,emotional-numbness
heartbreak-and-grief,emotional-numbness-after-breakup
heartbreak-and-grief,emotional-numbness-after-heartbreak
heartbreak-and-grief,emotional-numbness-and-avoidance
heartbreak-and-grief,emotional-numbness-and-depression
heartbreak-and-grief,emotional-numbness-sought
heartbreak-and-grief,faith-and-heartbreak
heartbreak-and-grief,family-trauma
heartbreak-and-grief,generational-trauma
heartbreak-and-grief,grief-and-death
heartbreak-and-grief,grief-and-loss
heartbreak-and-grief,grief-and-tears
heartbreak-and-grief,healing-and-recovery
heartbreak-and-grief,healing-and-renewal
heartbreak-and-grief,healing-from-past-hurt
heartbreak-and-grief,healing-through-connection
heartbreak-and-grief,healing-through-intimacy
heartbreak-and-grief,healing-through-love
heartbreak-and-grief,healing-with-time
heartbreak-and-grief,heartache-and-struggle
heartbreak-and-grief,heartbreak
heartbreak-and-grief,heartbreak-and-despair
heartbreak-and-grief,heartbreak-and-emotional-pain
heartbreak-and-grief,heartbreak-and-grief
heartbreak-and-grief,heartbreak-and-lingering-feelings
heartbreak-and-grief,heartbreak-and-loss
heartbreak-and-grief,heartbreak-and-lost-love
heartbreak-and-grief,heartbreak-and-moving-on
heartbreak-and-grief,heartbreak-and-not-moving-on
heartbreak-and-grief,heartbreak-and-pain
heartbreak-and-grief,heartbreak-and-regret
heartbreak-and-grief,heartbreak-and-resilience
heartbreak-and-grief,heartbreak-and-revenge
heartbreak-and-grief,heartbreak-and-separation
heartbreak-and-grief,heartbreak-and-suffering
heartbreak-and-grief,heartbreak-and-tears
heartbreak-and-grief,heartbreak-pain
heartbreak-and-grief,hidden-grief
heartbreak-and-grief,hidden-heartbreak
heartbreak-and-grief,hidden-pain
heartbreak-and-grief,hidden-sadness
heartbreak-and-grief,hidden-trauma
heartbreak-and-grief,hiding-pain-behind-a-facade
heartbreak-and-grief,hiding-pain-from-others
heartbreak-and-grief,hope-and-healing
heartbreak-and-grief,inevitable-heartbreak
heartbreak-and-grief,inherited-trauma
heartbreak-and-grief,intoxication-and-numbness
heartbreak-and-grief,lingering-heartbreak
heartbreak-and-grief,longing-for-relief
heartbreak-and-grief,loss-and-grief
heartbreak-and-grief,love-and-loss
heartbreak-and-grief,love-and-suffering
heartbreak-and-grief,love-as-healing
heartbreak-and-grief,masking-pain
heartbreak-and-grief,masochism-and-pain
heartbreak-and-grief,mastery-of-loss
heartbreak-and-grief,misunderstood-suffering
heartbreak-and-grief,moving-on-after-loss
heartbreak-and-grief,numbing-pain
heartbreak-and-grief,numbing-pain-through-substances
heartbreak-and-grief,one-sided-grief
heartbreak-and-grief,pain-as-transformation
heartbreak-and-grief,past-heartbreak
heartbreak-and-grief,past-trauma
heartbreak-and-grief,past-trauma-and-healing
heartbreak-and-grief,performing-despite-pain
heartbreak-and-grief,personal-growth-through-heartbreak
heartbreak-and-grief,physical-aftermath-of-grief
heartbreak-and-grief,physical-metaphor-for-grief
heartbreak-and-grief,physical-pain-of-grief
heartbreak-and-grief,plea-for-compassion
heartbreak-and-grief,plea-for-divine-mercy
heartbreak-and-grief,plea-for-support
heartbreak-and-grief,pleading-for-mercy
heartbreak-and-grief,pleading-for-support
heartbreak-and-grief,renewal-and-hope
heartbreak-and-grief,repeated-heartbreak
heartbreak-and-grief,repetitive-suffering
heartbreak-and-grief,resilience-after-heartbreak
heartbreak-and-grief,resilience-after-loss
heartbreak-and-grief,romantic-relationships-and-breakups
heartbreak-and-grief,sadness-and-despair
heartbreak-and-grief,sadness-and-melancholy
heartbreak-and-grief,searching-for-relief
heartbreak-and-grief,self-harm-and-hidden-pain
heartbreak-and-grief,self-protection-after-hurt
heartbreak-and-grief,shared-human-suffering
heartbreak-and-grief,silent-grief
heartbreak-and-grief,social-suffering-and-injustice
heartbreak-and-grief,spiritual-plea
heartbreak-and-grief,suppressed-grief
heartbreak-and-grief,survival-and-healing
heartbreak-and-grief,time-healing-wounds
heartbreak-and-grief,trauma-and-abuse
heartbreak-and-grief,trauma-and-emotional-scars
heartbreak-and-grief,trauma-and-memory
heartbreak-and-grief,trauma-and-past-wounds
heartbreak-and-grief,trauma-and-ptsd
heartbreak-and-grief,unexpected-grief
heartbreak-and-grief,unhealed-heartbreak
heartbreak-and-grief,universal-suffering
heartbreak-and-grief,unpreparedness-for-loss
heartbreak-and-grief,unreciprocated-grief
heartbreak-and-grief,unspoken-pain
heartbreak-and-grief,yearning-for-freedom-from-pain
hidden-emotional-struggle,actions-over-words
hidden-emotional-struggle,actions-speak-louder-than-words
hidden-emotional-struggle,ambivalence-about-love
hidden-emotional-struggle,avoidance-and-denial
hidden-emotional-struggle,avoidance-of-feelings
hidden-emotional-struggle,changed-feelings
hidden-emotional-struggle,concealed-feelings
hidden-emotional-struggle,confessing-feelings
hidden-emotional-struggle,confessing-unexpected-feelings
hidden-emotional-struggle,conflicted-feelings
hidden-emotional-struggle,coping-with-avoidance
hidden-emotional-struggle,day-to-night-emotional-spiral
hidden-emotional-struggle,declarations-of-love
hidden-emotional-struggle,denial-and-avoidance
hidden-emotional-struggle,denial-of-feelings
hidden-emotional-struggle,difficulty-expressing-feelings
hidden-emotional-struggle,difficulty-expressing-love
hidden-emotional-struggle,drowning-sorrows
hidden-emotional-struggle,emotional-abuse-and-suffering
hidden-emotional-struggle,emotional-ambivalence
hidden-emotional-struggle,emotional-ambivalence-in-love
hidden-emotional-struggle,emotional-attunement
hidden-emotional-struggle,emotional-avoidance
hidden-emotional-struggle,emotional-brokenness
hidden-emotional-struggle,emotional-burden
hidden-emotional-struggle,emotional-caution
hidden-emotional-struggle,emotional-coldness
hidden-emotional-struggle,emotional-coldness-of-the-other
hidden-emotional-struggle,emotional-complexity
hidden-emotional-struggle,emotional-concealment
hidden-emotional-struggle,emotional-conflict
hidden-emotional-struggle,emotional-conflict-and-guilt
hidden-emotional-struggle,emotional-confusion
hidden-emotional-struggle,emotional-contradiction
hidden-emotional-struggle,emotional-danger
hidden-emotional-struggle,emotional-distress
hidden-emotional-struggle,emotional-drowning
hidden-emotional-struggle,emotional-duality
hidden-emotional-struggle,emotional-free-spiritedness
hidden-emotional-struggle,emotional-freedom
hidden-emotional-struggle,emotional-freefall
hidden-emotional-struggle,emotional-hardness
hidden-emotional-struggle,emotional-heaviness-and-relief
hidden-emotional-struggle,emotional-highs-and-lows
hidden-emotional-struggle,emotional-highs-and-pain
hidden-emotional-struggle,emotional-hot-and-cold
hidden-emotional-struggle,emotional-imbalance-in-relationship
hidden-emotional-struggle,emotional-immaturity
hidden-emotional-struggle,emotional-independence
hidden-emotional-struggle,emotional-investment
hidden-emotional-struggle,emotional-investment-and-loss
hidden-emotional-struggle,emotional-labor
hidden-emotional-struggle,emotional-labor-burden
hidden-emotional-struggle,emotional-limitation
hidden-emotional-struggle,emotional-lostness
hidden-emotional-struggle,emotional-need
hidden-emotional-struggle,emotional-pain
hidden-emotional-struggle,emotional-pain-and-depression
hidden-emotional-struggle,emotional-pain-and-sadness
hidden-emotional-struggle,emotional-pain-and-scarring
hidden-emotional-struggle,emotional-pain-and-trauma
hidden-emotional-struggle,emotional-pain-as-rain
hidden-emotional-struggle,emotional-paralysis
hidden-emotional-struggle,emotional-regression
hidden-emotional-struggle,emotional-resilience
hidden-emotional-struggle,emotional-risk
hidden-emotional-struggle,emotional-risk-taking
hidden-emotional-struggle,emotional-rock-bottom
hidden-emotional-struggle,emotional-scarring
hidden-emotional-struggle,emotional-stagnation
hidden-emotional-struggle,emotional-struggle
hidden-emotional-struggle,emotional-struggle-beneath-the-surface
hidden-emotional-struggle,emotional-suffering
hidden-emotional-struggle,emotional-suffocation
hidden-emotional-struggle,emotional-suppression
hidden-emotional-struggle,emotional-survival
hidden-emotional-struggle,emotional-torment
hidden-emotional-struggle,emotional-toughness
hidden-emotional-struggle,emotional-unavailability
hidden-emotional-struggle,emotional-volatility
hidden-emotional-struggle,emotional-withholding
hidden-emotional-struggle,expressing-feelings
hidden-emotional-struggle,expressing-love-before-its-too-late
hidden-emotional-struggle,expressing-love-openly
hidden-emotional-struggle,forced-emotional-denial
hidden-emotional-struggle,hidden-emotional-struggle
hidden-emotional-struggle,hidden-feelings
hidden-emotional-struggle,hiding-true-feelings
hidden-emotional-struggle,inescapable-emotion
hidden-emotional-struggle,love-hate-ambivalence
hidden-emotional-struggle,love-hate-conflict
hidden-emotional-struggle,mental-burden
hidden-emotional-struggle,mixed-feelings
hidden-emotional-struggle,new-feelings
hidden-emotional-struggle,overwhelming-emotion
hidden-emotional-struggle,overwhelming-emotions
hidden-emotional-struggle,refusing-false-comfort
hidden-emotional-struggle,romantic-confession
hidden-emotional-struggle,suppressed-anger
hidden-emotional-struggle,suppressed-emotions
hidden-emotional-struggle,suppressed-feelings
hidden-emotional-struggle,taking-emotional-risks
hidden-emotional-struggle,unexpressed-feelings
hidden-emotional-struggle,unresolved-feelings
hidden-emotional-struggle,unsent-feelings
hidden-emotional-struggle,unsent-messages-and-unexpressed-feelings
hope-and-disillusionment,acceptance-of-an-ending
hope-and-disillusionment,acceptance-of-ending
hope-and-disillusionment,acceptance-of-fate
hope-and-disillusionment,acceptance-of-inevitable-endings
hope-and-disillusionment,acceptance-of-lifes-unpredictability
hope-and-disillusionment,acceptance-of-lifes-ups-and-downs
hope-and-disillusionment,afterglow-and-satisfaction
hope-and-disillusionment,aging-and-passage-of-time
hope-and-disillusionment,aging-and-time
hope-and-disillusionment,answered-prayer
hope-and-disillusionment,apocalyptic-ending
hope-and-disillusionment,apocalyptic-fantasy
hope-and-disillusionment,bad-luck-and-misfortune
hope-and-disillusionment,bad-omens
hope-and-disillusionment,belief-and-wonder
hope-and-disillusionment,bitter-consequences
hope-and-disillusionment,blessing-and-destiny
hope-and-disillusionment,cautious-optimism
hope-and-disillusionment,childhood-and-innocence
hope-and-disillusionment,crisis-of-faith
hope-and-disillusionment,cupid-and-fate
hope-and-disillusionment,damnation-and-lost-soul
hope-and-disillusionment,danger-and-mortality
hope-and-disillusionment,dark-thoughts
hope-and-disillusionment,dark-thoughts-and-emotional-vulnerability
hope-and-disillusionment,darkness-and-moral-corruption
hope-and-disillusionment,darkness-and-nihilism
hope-and-disillusionment,darkness-and-struggle
hope-and-disillusionment,darkness-to-light
hope-and-disillusionment,death-and-burial
hope-and-disillusionment,death-and-burial-wishes
hope-and-disillusionment,death-and-dying
hope-and-disillusionment,denial-of-ending
hope-and-disillusionment,desire-to-freeze-time
hope-and-disillusionment,destiny-and-fate
hope-and-disillusionment,destiny-and-purpose
hope-and-disillusionment,destruction-and-fire
hope-and-disillusionment,destruction-as-emotional-release
hope-and-disillusionment,destruction-of-the-enemy
hope-and-disillusionment,destructive-behavior
hope-and-disillusionment,destructive-breakup
hope-and-disillusionment,disappointment-and-failure
hope-and-disillusionment,disillusionment
hope-and-disillusionment,disillusionment-and-resignation
hope-and-disillusionment,disillusionment-with-existence
hope-and-disillusionment,disillusionment-with-leadership
hope-and-disillusionment,disillusionment-with-life
hope-and-disillusionment,disillusionment-with-success
hope-and-disillusionment,divine-destiny
hope-and-disillusionment,divine-favor-and-downfall
hope-and-disillusionment,divine-purpose-and-destiny
hope-and-disillusionment,doom-and-foreboding
hope-and-disillusionment,duality-of-good-and-evil
hope-and-disillusionment,earthly-paradise
hope-and-disillusionment,embracing-darkness
hope-and-disillusionment,emotional-consequences-for-others
hope-and-disillusionment,emotional-damage
hope-and-disillusionment,emotional-darkness
hope-and-disillusionment,emotional-darkness-and-despair
hope-and-disillusionment,emotional-destruction
hope-and-disillusionment,emotional-devastation
hope-and-disillusionment,emotional-warmth-in-darkness
hope-and-disillusionment,end-of-the-world-scenario
hope-and-disillusionment,endings-and-beginnings
hope-and-disillusionment,enemies-downfall
hope-and-disillusionment,everyday-optimism
hope-and-disillusionment,exposing-hidden-evil
hope-and-disillusionment,facing-death
hope-and-disillusionment,facing-mortality
hope-and-disillusionment,faith-and-afterlife
hope-and-disillusionment,faith-and-belief
hope-and-disillusionment,faith-and-mortality
hope-and-disillusionment,faith-and-prayer
hope-and-disillusionment,faith-and-religion
hope-and-disillusionment,faith-and-spirituality
hope-and-disillusionment,faith-and-values
hope-and-disillusionment,faith-introduced-by-love
hope-and-disillusionment,faith-refined-by-hardship
hope-and-disillusionment,faith-refined-by-trial
hope-and-disillusionment,fame-disillusionment
hope-and-disillusionment,family-and-faith
hope-and-disillusionment,fate-and-acceptance
hope-and-disillusionment,fate-and-destiny
hope-and-disillusionment,fate-and-external-forces
hope-and-disillusionment,fear-of-a-joyless-world
hope-and-disillusionment,fear-of-aging
hope-and-disillusionment,fear-of-prophecy
hope-and-disillusionment,finding-light-in-darkness
hope-and-disillusionment,fleeting-nature-of-time
hope-and-disillusionment,foolish-hope
hope-and-disillusionment,forced-optimism
hope-and-disillusionment,forgotten-happiness
hope-and-disillusionment,funeral-and-mourning-rituals
hope-and-disillusionment,future-optimism-and-wealth
hope-and-disillusionment,global-reach
hope-and-disillusionment,growing-up-and-lost-innocence
hope-and-disillusionment,heaven-and-afterlife
hope-and-disillusionment,heaven-and-the-afterlife
hope-and-disillusionment,hope-amid-crisis
hope-and-disillusionment,hope-amid-despair
hope-and-disillusionment,hope-amid-pain
hope-and-disillusionment,hope-amid-struggle
hope-and-disillusionment,hope-amid-vastness
hope-and-disillusionment,hope-and-change
hope-and-disillusionment,hope-and-disappointment
hope-and-disillusionment,hope-and-disillusionment
hope-and-disillusionment,hope-and-dreams
hope-and-disillusionment,hope-and-encouragement
hope-and-disillusionment,hope-and-optimism
hope-and-disillusionment,hope-and-wishful-thinking
hope-and-disillusionment,hope-beyond-this-life
hope-and-disillusionment,hope-despite-flaws
hope-and-disillusionment,hope-for-a-better-future
hope-and-disillusionment,hope-for-a-better-life
hope-and-disillusionment,hope-for-afterlife
hope-and-disillusionment,hope-for-change
hope-and-disillusionment,hope-for-change-of-heart
hope-and-disillusionment,hope-for-others
hope-and-disillusionment,hope-in-darkness
hope-and-disillusionment,hope-through-connection
hope-and-disillusionment,hoping-for-better-days
hope-and-disillusionment,hostile-world
hope-and-disillusionment,idol-worship
hope-and-disillusionment,inevitable-downfall
hope-and-disillusionment,inevitable-outcome
hope-and-disillusionment,informal-spirituality
hope-and-disillusionment,inner-darkness
hope-and-disillusionment,inner-darkness-and-self-doubt
hope-and-disillusionment,inner-hope-and-optimism
hope-and-disillusionment,letting-go-of-hope
hope-and-disillusionment,life-before-and-after
hope-and-disillusionment,life-disappointments
hope-and-disillusionment,light-overcoming-darkness
hope-and-disillusionment,losing-track-of-time
hope-and-disillusionment,loss-of-childhood-innocence
hope-and-disillusionment,loss-of-faith
hope-and-disillusionment,loss-of-faith-and-renewal
hope-and-disillusionment,loss-of-familiar-world
hope-and-disillusionment,loss-of-hope
hope-and-disillusionment,loss-of-innocence
hope-and-disillusionment,loss-of-sanity
hope-and-disillusionment,loss-of-self
hope-and-disillusionment,lost-ambition
hope-and-disillusionment,lost-happiness
hope-and-disillusionment,lost-hope
hope-and-disillusionment,lost-idealization
hope-and-disillusionment,lost-innocence
hope-and-disillusionment,lost-sense-of-self
hope-and-disillusionment,love-conquering-doubt
hope-and-disillusionment,mortality-and-afterlife
hope-and-disillusionment,mortality-and-aging
hope-and-disillusionment,mortality-and-death
hope-and-disillusionment,mortality-and-impermanence
hope-and-disillusionment,mortality-and-loss
hope-and-disillusionment,mortality-and-love
hope-and-disillusionment,mortality-and-passing-time
hope-and-disillusionment,mortality-and-reflection
hope-and-disillusionment,mortality-awareness
hope-and-disillusionment,moving-on-and-time-passing
hope-and-disillusionment,mutual-destruction
hope-and-disillusionment,natural-world-as-sacred
hope-and-disillusionment,neglected-religion
hope-and-disillusionment,neglected-religious-practice
hope-and-disillusionment,one-sided-emotional-aftermath
hope-and-disillusionment,optimism
hope-and-disillusionment,optimism-about-the-future
hope-and-disillusionment,optimism-and-hope
hope-and-disillusionment,optimism-and-wonder
hope-and-disillusionment,optimism-through-struggle
hope-and-disillusionment,overcoming-darkness
hope-and-disillusionment,painful-lessons-learned
hope-and-disillusionment,painful-memories
hope-and-disillusionment,paradise-and-chaos
hope-and-disillusionment,paradise-and-war
hope-and-disillusionment,passage-of-time
hope-and-disillusionment,past-peak-humiliation
hope-and-disillusionment,past-pride-and-downfall
hope-and-disillusionment,power-of-prayer
hope-and-disillusionment,prayer-and-desperation
hope-and-disillusionment,prayer-and-divine-intervention
hope-and-disillusionment,prayer-and-empathy
hope-and-disillusionment,prayer-and-empathy-for-others
hope-and-disillusionment,prayer-and-faith
hope-and-disillusionment,prayer-and-seeking-comfort
hope-and-disillusionment,prayer-and-spirituality
hope-and-disillusionment,prophecies-coming-true
hope-and-disillusionment,prophecy-and-apocalypse
hope-and-disillusionment,prophecy-coming-true
hope-and-disillusionment,relief-and-no-regret
hope-and-disillusionment,religious-neglect
hope-and-disillusionment,romantic-optimism
hope-and-disillusionment,sacred-and-profane-blending
hope-and-disillusionment,self-destruction
hope-and-disillusionment,self-inflicted-consequences
hope-and-disillusionment,simplicity-in-death
hope-and-disillusionment,soul-possession
hope-and-disillusionment,spiritual-and-divine-purpose
hope-and-disillusionment,spiritual-commentary
hope-and-disillusionment,spiritual-crisis
hope-and-disillusionment,spiritual-doubt
hope-and-disillusionment,spiritual-faith
hope-and-disillusionment,spiritual-hardship
hope-and-disillusionment,spiritual-healing
hope-and-disillusionment,spiritual-questioning
hope-and-disillusionment,spiritual-reckoning
hope-and-disillusionment,spiritual-reflection
hope-and-disillusionment,spiritual-salvation
hope-and-disillusionment,spiritual-searching
hope-and-disillusionment,spiritual-struggle
hope-and-disillusionment,time-slowing-down
hope-and-disillusionment,time-standing-still
hope-and-disillusionment,total-devastation
hope-and-disillusionment,triumph-and-vindication
hope-and-disillusionment,uncertainty-about-the-future
hope-and-disillusionment,us-against-the-world
hope-and-disillusionment,violence-and-darkness
hope-and-disillusionment,willing-self-destruction
hope-and-disillusionment,witnessing-death
hope-and-disillusionment,world-weariness
hope-and-disillusionment,worship-through-struggle
hope-and-disillusionment,wounded-pride
hope-and-disillusionment,wrestling-with-darkness
hope-and-disillusionment,yearning-for-hope
hope-and-disillusionment,youthful-denial-of-mortality
human-connection,anonymous-fleeting-connection
human-connection,connection-through-movement
human-connection,deep-connection
human-connection,deep-emotional-connection
human-connection,desire-for-connection
human-connection,desire-for-deeper-connection
human-connection,desire-for-genuine-connection
human-connection,desperate-longing-for-connection
human-connection,digital-connection
human-connection,digital-to-real-connection
human-connection,emotional-connection
human-connection,eternal-connection
human-connection,exclusive-connection
human-connection,exclusivity-of-connection
human-connection,eye-contact-and-connection
human-connection,failed-reconnection
human-connection,fleeting-connection
human-connection,fleeting-transient-connection
human-connection,hesitation-to-reconnect
human-connection,human-connection
human-connection,instant-connection
human-connection,longing-for-authentic-connection
human-connection,longing-for-connection
human-connection,lost-connection
human-connection,magnetic-connection
human-connection,missed-connection
human-connection,nonverbal-connection
human-connection,nonverbal-understanding
human-connection,physical-vs-emotional-connection
human-connection,plug-connect
human-connection,searching-for-connection
human-connection,shared-connection
human-connection,social-connections
human-connection,special-connection
human-connection,spiritual-connection
human-connection,stranger-connection
human-connection,telepathic-connection
human-connection,unexpected-connection
human-connection,unresolved-connection
human-connection,unspoken-connection
human-connection,virtual-vs-real-connection
hustle-and-self-made-success,ambition-and-grind
hustle-and-self-made-success,ambition-and-hustle
hustle-and-self-made-success,ambition-and-legacy
hustle-and-self-made-success,artist-branding-and-legacy
hustle-and-self-made-success,aspiring-to-be-worthy
hustle-and-self-made-success,bad-influences
hustle-and-self-made-success,being-pursued-for-status
hustle-and-self-made-success,blaming-upbringing
hustle-and-self-made-success,business-acumen
hustle-and-self-made-success,championship-success
hustle-and-self-made-success,come-up-and-ambition
hustle-and-self-made-success,come-up-and-growth
hustle-and-self-made-success,come-up-and-rising-status
hustle-and-self-made-success,come-up-and-self-made-success
hustle-and-self-made-success,come-up-and-success
hustle-and-self-made-success,come-up-from-humble-origins
hustle-and-self-made-success,come-up-from-nothing
hustle-and-self-made-success,come-up-from-poverty
hustle-and-self-made-success,come-up-from-the-bottom
hustle-and-self-made-success,come-up-story
hustle-and-self-made-success,coming-up-from-poverty
hustle-and-self-made-success,commercial-success
hustle-and-self-made-success,criminal-hustle
hustle-and-self-made-success,difficult-upbringing
hustle-and-self-made-success,done-being-humble
hustle-and-self-made-success,drug-dealing
hustle-and-self-made-success,drug-dealing-and-hustle
hustle-and-self-made-success,drug-trade
hustle-and-self-made-success,drug-trade-and-hustle
hustle-and-self-made-success,drug-trafficking
hustle-and-self-made-success,family-and-legacy
hustle-and-self-made-success,family-and-roots
hustle-and-self-made-success,family-legacy
hustle-and-self-made-success,fear-of-missing-out-on-roots
hustle-and-self-made-success,financial-legacy
hustle-and-self-made-success,ghetto-upbringing
hustle-and-self-made-success,grandparenthood-and-legacy
hustle-and-self-made-success,growing-up-in-poverty
hustle-and-self-made-success,hard-work-and-ambition
hustle-and-self-made-success,hard-work-and-community
hustle-and-self-made-success,hard-work-and-dedication
hustle-and-self-made-success,hard-work-and-grind
hustle-and-self-made-success,hard-work-and-sacrifice
hustle-and-self-made-success,harlem-upbringing
hustle-and-self-made-success,heritage-and-legacy
hustle-and-self-made-success,history-in-the-making
hustle-and-self-made-success,hollow-success
hustle-and-self-made-success,humble-beginnings
hustle-and-self-made-success,humble-origins-and-upward-mobility
hustle-and-self-made-success,hustle-and-ambition
hustle-and-self-made-success,hustle-and-grind
hustle-and-self-made-success,hustle-and-hard-work
hustle-and-self-made-success,hustle-and-money
hustle-and-self-made-success,hustle-and-providing
hustle-and-self-made-success,hustle-and-self-made-success
hustle-and-self-made-success,hustle-and-self-reliance
hustle-and-self-made-success,hustle-and-survival
hustle-and-self-made-success,hustle-and-work-ethic
hustle-and-self-made-success,hustle-mentality
hustle-and-self-made-success,hustler-mentality
hustle-and-self-made-success,hustling-from-poverty-to-success
hustle-and-self-made-success,intimate-influence
hustle-and-self-made-success,land-and-roots
hustle-and-self-made-success,legacy-and-ambition
hustle-and-self-made-success,legacy-and-destiny
hustle-and-self-made-success,legacy-and-family
hustle-and-self-made-success,legacy-and-grandchildren
hustle-and-self-made-success,legacy-and-greatness
hustle-and-self-made-success,legacy-and-inheritance
hustle-and-self-made-success,legacy-and-mortality
hustle-and-self-made-success,legacy-and-pride
hustle-and-self-made-success,legacy-and-recognition
hustle-and-self-made-success,living-like-a-king
hustle-and-self-made-success,loyalty-to-roots
hustle-and-self-made-success,material-success
hustle-and-self-made-success,maternal-influence
hustle-and-self-made-success,mentorship-and-legacy
hustle-and-self-made-success,michael-jackson-influence
hustle-and-self-made-success,money-and-street-hustle
hustle-and-self-made-success,money-and-time
hustle-and-self-made-success,money-hustle
hustle-and-self-made-success,money-hustling
hustle-and-self-made-success,mortality-and-legacy
hustle-and-self-made-success,pac-tribute-and-legacy
hustle-and-self-made-success,personal-growth-and-elevation
hustle-and-self-made-success,personal-power-and-success
hustle-and-self-made-success,possessive-legacy
hustle-and-self-made-success,poverty-and-working-class-struggle
hustle-and-self-made-success,practical-skills
hustle-and-self-made-success,pride-in-roots
hustle-and-self-made-success,privilege-and-excess
hustle-and-self-made-success,privilege-and-status
hustle-and-self-made-success,professional-hustle
hustle-and-self-made-success,projects-origins
hustle-and-self-made-success,record-breaking-ambition
hustle-and-self-made-success,record-breaking-legacy
hustle-and-self-made-success,retail-therapy
hustle-and-self-made-success,rise-from-poverty
hustle-and-self-made-success,rising-from-poverty
hustle-and-self-made-success,rising-to-power
hustle-and-self-made-success,rising-to-success
hustle-and-self-made-success,ruling-the-world
hustle-and-self-made-success,self-determination-and-hustle
hustle-and-self-made-success,self-made-greatness
hustle-and-self-made-success,self-made-hustle
hustle-and-self-made-success,self-made-hustler-identity
hustle-and-self-made-success,self-made-success
hustle-and-self-made-success,self-proclaimed-expertise
hustle-and-self-made-success,self-proclaimed-greatness
hustle-and-self-made-success,self-proclaimed-superiority
hustle-and-self-made-success,self-proclaimed-superiority-over-other-women
hustle-and-self-made-success,showing-off-status
hustle-and-self-made-success,social-elevation
hustle-and-self-made-success,social-status
hustle-and-self-made-success,status-and-recognition
hustle-and-self-made-success,status-seeking
hustle-and-self-made-success,staying-true-to-roots
hustle-and-self-made-success,street-hustle
hustle-and-self-made-success,street-hustle-and-come-up
hustle-and-self-made-success,street-hustle-and-dealing
hustle-and-self-made-success,street-hustle-and-drug-trade
hustle-and-self-made-success,street-hustling
hustle-and-self-made-success,street-hustling-and-drug-dealing
hustle-and-self-made-success,street-life-and-hustle
hustle-and-self-made-success,street-life-and-hustling
hustle-and-self-made-success,street-upbringing
hustle-and-self-made-success,success-against-doubt
hustle-and-self-made-success,success-against-the-odds
hustle-and-self-made-success,success-and-come-up
hustle-and-self-made-success,success-and-elevation
hustle-and-self-made-success,success-and-reward
hustle-and-self-made-success,success-and-rise
hustle-and-self-made-success,success-over-doubters
hustle-and-self-made-success,success-without-fulfillment
hustle-and-self-made-success,timeless-legacy
hustle-and-self-made-success,troubled-upbringing
hustle-and-self-made-success,unstoppable-success
hustle-and-self-made-success,welfare-and-social-criticism
hustle-and-self-made-success,working-class-exhaustion
hustle-and-self-made-success,working-class-identity
hustle-and-self-made-success,working-class-roots
hustle-and-self-made-success,working-class-struggle
independence-and-self-reliance,attraction-to-independence
independence-and-self-reliance,co-dependency
independence-and-self-reliance,codependency
independence-and-self-reliance,dependence-on-a-partner
independence-and-self-reliance,dependency-and-attachment
independence-and-self-reliance,dependency-and-emptiness
independence-and-self-reliance,dependency-on-a-loved-one
independence-and-self-reliance,dependency-on-a-lover
independence-and-self-reliance,dependency-on-a-partner
independence-and-self-reliance,dependency-on-a-person
independence-and-self-reliance,dependency-on-lover
independence-and-self-reliance,dependency-paradox
independence-and-self-reliance,emotional-dependence
independence-and-self-reliance,emotional-dependency
independence-and-self-reliance,freedom-and-independence
independence-and-self-reliance,independence
independence-and-self-reliance,independence-and-control
independence-and-self-reliance,independence-and-freedom
independence-and-self-reliance,independence-and-power
independence-and-self-reliance,independence-and-self-reliance
independence-and-self-reliance,independence-and-self-sufficiency
independence-and-self-reliance,independence-and-solo-lifestyle
independence-and-self-reliance,independence-and-unavailability
independence-and-self-reliance,independence-from-men
independence-and-self-reliance,loss-of-independence
independence-and-self-reliance,mutual-dependency
independence-and-self-reliance,neediness-and-dependency
independence-and-self-reliance,ownership-and-independence
independence-and-self-reliance,romantic-dependence
independence-and-self-reliance,self-determination
independence-and-self-reliance,self-independence
independence-and-self-reliance,self-made-independence
independence-and-self-reliance,self-reliance
independence-and-self-reliance,self-reliance-and-independence
independence-and-self-reliance,self-reliance-and-vigilance
independence-and-self-reliance,self-sufficiency
independence-and-self-reliance,self-sufficiency-and-confidence
independence-and-self-reliance,self-sufficiency-and-fearlessness
independence-and-self-reliance,self-sufficiency-and-independence
independence-and-self-reliance,self-worth-and-independence
intimacy-and-connection,aftermath-of-intimacy
intimacy-and-connection,anonymous-intimacy
intimacy-and-connection,anticipation-of-intimacy
intimacy-and-connection,betrayal-of-shared-intimacy
intimacy-and-connection,carefree-intimacy
intimacy-and-connection,comfort-in-intimacy
intimacy-and-connection,desire-and-intimacy
intimacy-and-connection,desire-for-closeness
intimacy-and-connection,desire-for-intimacy
intimacy-and-connection,desire-for-physical-intimacy
intimacy-and-connection,domestic-intimacy
intimacy-and-connection,emotional-connection-through-sex
intimacy-and-connection,emotional-intimacy
intimacy-and-connection,everyday-intimacy
intimacy-and-connection,fading-intimacy
intimacy-and-connection,fleeting-intimacy
intimacy-and-connection,hidden-intimacy
intimacy-and-connection,intimacy
intimacy-and-connection,intimacy-and-closeness
intimacy-and-connection,intimacy-and-companionship
intimacy-and-connection,intimacy-and-connection
intimacy-and-connection,intimacy-and-desire
intimacy-and-connection,intimacy-and-domesticity
intimacy-and-connection,intimacy-and-hookup
intimacy-and-connection,intimacy-and-loss
intimacy-and-connection,intimacy-and-privacy
intimacy-and-connection,intimacy-and-romance
intimacy-and-connection,intimacy-and-sensuality
intimacy-and-connection,intimacy-and-togetherness
intimacy-and-connection,intimacy-and-warmth
intimacy-and-connection,intimate-connection
intimacy-and-connection,intimate-familiarity
intimacy-and-connection,invitation-to-intimacy
intimacy-and-connection,isolation-with-lover
intimacy-and-connection,longing-for-closeness
intimacy-and-connection,longing-for-intimacy
intimacy-and-connection,longing-for-physical-closeness
intimacy-and-connection,longing-for-physical-presence
intimacy-and-connection,loss-of-intimacy
intimacy-and-connection,passionate-intimacy
intimacy-and-connection,physical-and-emotional-intimacy
intimacy-and-connection,physical-closeness
intimacy-and-connection,physical-intimacy
intimacy-and-connection,private-intimacy
intimacy-and-connection,quarantine-intimacy
intimacy-and-connection,recording-intimacy
intimacy-and-connection,recording-sexual-encounters
intimacy-and-connection,relationship-intimacy
intimacy-and-connection,relaxation-and-intimacy
intimacy-and-connection,romantic-intimacy
intimacy-and-connection,secret-intimacy
intimacy-and-connection,sensory-intimacy
intimacy-and-connection,sensual-intimacy
intimacy-and-connection,sensuality-and-intimacy
intimacy-and-connection,sexual-intimacy
intimacy-and-connection,sexual-roleplay-and-intimacy
intimacy-and-connection,spiritual-intimacy
intimacy-and-connection,spontaneous-intimacy
intimacy-and-connection,spontaneous-physical-intimacy
intimacy-and-connection,surrender-to-intimacy
jealousy-and-resentment-from-others,anger-and-resentment
jealousy-and-resentment-from-others,bitter-resentment
jealousy-and-resentment-from-others,bitterness-and-resentment
jealousy-and-resentment-from-others,clapping-back-at-critics
jealousy-and-resentment-from-others,clapping-back-at-haters
jealousy-and-resentment-from-others,critics-and-haters
jealousy-and-resentment-from-others,dealing-with-haters
jealousy-and-resentment-from-others,disbelief-and-shock
jealousy-and-resentment-from-others,disbelief-and-surprise
jealousy-and-resentment-from-others,disbelief-from-others
jealousy-and-resentment-from-others,dismissal-of-haters
jealousy-and-resentment-from-others,dismissing-critics
jealousy-and-resentment-from-others,dismissing-critics-and-haters
jealousy-and-resentment-from-others,dismissing-haters
jealousy-and-resentment-from-others,dismissing-jealousy
jealousy-and-resentment-from-others,emotional-revenge-fantasy
jealousy-and-resentment-from-others,envy-and-contrast
jealousy-and-resentment-from-others,envy-and-desire-for-status
jealousy-and-resentment-from-others,envy-and-fake-people
jealousy-and-resentment-from-others,envy-and-haters
jealousy-and-resentment-from-others,envy-and-hypocrisy
jealousy-and-resentment-from-others,envy-and-opposition
jealousy-and-resentment-from-others,envy-and-social-status
jealousy-and-resentment-from-others,envy-and-status
jealousy-and-resentment-from-others,fan-devotion
jealousy-and-resentment-from-others,frustration
jealousy-and-resentment-from-others,guilt-and-shame
jealousy-and-resentment-from-others,hater-dismissal
jealousy-and-resentment-from-others,hater-doubt
jealousy-and-resentment-from-others,hater-envy
jealousy-and-resentment-from-others,hater-to-fan-conversion
jealousy-and-resentment-from-others,haters-and-clones
jealousy-and-resentment-from-others,haters-and-competition
jealousy-and-resentment-from-others,haters-and-critics
jealousy-and-resentment-from-others,haters-and-doubt
jealousy-and-resentment-from-others,haters-and-enemies
jealousy-and-resentment-from-others,haters-and-envy
jealousy-and-resentment-from-others,haters-and-fake-love
jealousy-and-resentment-from-others,haters-and-opposition
jealousy-and-resentment-from-others,ignoring-criticism
jealousy-and-resentment-from-others,indifference-to-criticism
jealousy-and-resentment-from-others,jealousy
jealousy-and-resentment-from-others,jealousy-and-betrayal
jealousy-and-resentment-from-others,jealousy-and-bitterness
jealousy-and-resentment-from-others,jealousy-and-comparison
jealousy-and-resentment-from-others,jealousy-and-freedom
jealousy-and-resentment-from-others,jealousy-and-games
jealousy-and-resentment-from-others,jealousy-and-haters
jealousy-and-resentment-from-others,jealousy-and-humiliation
jealousy-and-resentment-from-others,jealousy-and-insecurity
jealousy-and-resentment-from-others,jealousy-and-outside-interference
jealousy-and-resentment-from-others,jealousy-and-pride
jealousy-and-resentment-from-others,jealousy-and-rage
jealousy-and-resentment-from-others,jealousy-and-resentment-from-others
jealousy-and-resentment-from-others,jealousy-and-sabotage
jealousy-and-resentment-from-others,jealousy-and-suspicion
jealousy-and-resentment-from-others,jealousy-from-others
jealousy-and-resentment-from-others,jealousy-provocation
jealousy-and-resentment-from-others,karmic-retribution
jealousy-and-resentment-from-others,lack-of-remorse
jealousy-and-resentment-from-others,mixed-feelings-about-fans
jealousy-and-resentment-from-others,mutual-jealousy
jealousy-and-resentment-from-others,rage-and-hatred
jealousy-and-resentment-from-others,resentment
jealousy-and-resentment-from-others,resentment-and-bitterness
jealousy-and-resentment-from-others,resentment-and-envy
jealousy-and-resentment-from-others,resentment-and-hatred
jealousy-and-resentment-from-others,retaliation-and-resentment
jealousy-and-resentment-from-others,revenge
jealousy-and-resentment-from-others,revenge-and-dismissal
jealousy-and-resentment-from-others,revenge-and-resilience
jealousy-and-resentment-from-others,revenge-and-retaliation
jealousy-and-resentment-from-others,revenge-and-retribution
jealousy-and-resentment-from-others,revenge-and-satisfaction
jealousy-and-resentment-from-others,revenge-and-spite
jealousy-and-resentment-from-others,revenge-and-violence
jealousy-and-resentment-from-others,rising-above-haters
jealousy-and-resentment-from-others,rumination-and-revenge
jealousy-and-resentment-from-others,schadenfreude
jealousy-and-resentment-from-others,shame-and-embarrassment
jealousy-and-resentment-from-others,success-attracting-envy
jealousy-and-resentment-from-others,telling-haters-to-back-off
jealousy-and-resentment-from-others,turning-haters-into-fans
jealousy-and-resentment-from-others,unwanted-attention-and-envy
longing-and-desire,anticipation
longing-and-desire,anticipation-and-desire
longing-and-desire,anticipation-and-longing
longing-and-desire,anticipation-and-waiting
longing-and-desire,bittersweet-longing
longing-and-desire,bittersweet-nostalgia
longing-and-desire,body-heat-and-desire
longing-and-desire,building-anticipation
longing-and-desire,craving-new-experience
longing-and-desire,dangerous-desire
longing-and-desire,deep-longing
longing-and-desire,demand-for-love-and-trust
longing-and-desire,desire
longing-and-desire,desire-and-fantasy
longing-and-desire,desire-and-longing
longing-and-desire,desire-and-lust
longing-and-desire,desire-and-offering
longing-and-desire,desire-and-passion
longing-and-desire,desire-and-pursuit
longing-and-desire,desire-and-want
longing-and-desire,desire-and-wanting
longing-and-desire,desire-for-affection
longing-and-desire,desire-for-authentic-affection
longing-and-desire,desire-for-commitment
longing-and-desire,desire-for-committed-love
longing-and-desire,desire-for-companionship
longing-and-desire,desire-for-reciprocal-love
longing-and-desire,desire-for-romantic-love
longing-and-desire,desire-for-self-love
longing-and-desire,desire-for-simple-love
longing-and-desire,desire-for-someone-taken
longing-and-desire,desire-for-togetherness
longing-and-desire,desire-to-be-pursued
longing-and-desire,desire-to-stay-together
longing-and-desire,desperate-longing
longing-and-desire,desperate-pursuit-of-love
longing-and-desire,desperation
longing-and-desire,desperation-and-drowning
longing-and-desire,desperation-and-helplessness
longing-and-desire,desperation-and-hopelessness
longing-and-desire,desperation-and-longing
longing-and-desire,desperation-and-obsession
longing-and-desire,desperation-and-pleading
longing-and-desire,distance-and-longing
longing-and-desire,emotional-desperation
longing-and-desire,forbidden-desire
longing-and-desire,grief-and-longing
longing-and-desire,heartbreak-and-longing
longing-and-desire,hidden-pain-and-longing
longing-and-desire,hometown-longing
longing-and-desire,hope-and-longing
longing-and-desire,intense-physical-desire
longing-and-desire,intense-romantic-desire
longing-and-desire,jealousy-and-longing
longing-and-desire,longing
longing-and-desire,longing-across-distance
longing-and-desire,longing-and-absence
longing-and-desire,longing-and-anticipation
longing-and-desire,longing-and-attachment
longing-and-desire,longing-and-connection
longing-and-desire,longing-and-desire
longing-and-desire,longing-and-heartache
longing-and-desire,longing-and-heartbreak
longing-and-desire,longing-and-impatience
longing-and-desire,longing-and-inability-to-move-on
longing-and-desire,longing-and-jealousy
longing-and-desire,longing-and-loss
longing-and-desire,longing-and-missing
longing-and-desire,longing-and-missing-partner
longing-and-desire,longing-and-missing-someone
longing-and-desire,longing-and-need
longing-and-desire,longing-and-obsession
longing-and-desire,longing-and-pursuit
longing-and-desire,longing-and-regret
longing-and-desire,longing-and-reunion
longing-and-desire,longing-and-waiting
longing-and-desire,longing-and-yearning
longing-and-desire,longing-for-a-loved-one
longing-and-desire,longing-for-a-partner
longing-and-desire,longing-for-acceptance
longing-and-desire,longing-for-an-unknown-lover
longing-and-desire,longing-for-another-life
longing-and-desire,longing-for-better-days
longing-and-desire,longing-for-commitment
longing-and-desire,longing-for-companionship
longing-and-desire,longing-for-equality
longing-and-desire,longing-for-genuine-love
longing-and-desire,longing-for-home
longing-and-desire,longing-for-lost-love
longing-and-desire,longing-for-love
longing-and-desire,longing-for-more-time
longing-and-desire,longing-for-place
longing-and-desire,longing-for-reciprocated-desire
longing-and-desire,longing-for-something-beautiful
longing-and-desire,longing-for-something-more
longing-and-desire,longing-for-the-deceased
longing-and-desire,longing-for-the-past
longing-and-desire,longing-for-togetherness
longing-and-desire,longing-to-be-someone-else
longing-and-desire,lost-love-and-longing
longing-and-desire,love-and-longing
longing-and-desire,male-desire
longing-and-desire,male-desire-and-longing
longing-and-desire,male-pursuit-and-desire
longing-and-desire,need-for-genuine-love
longing-and-desire,need-for-love
longing-and-desire,obsession-and-longing
longing-and-desire,obsessive-longing
longing-and-desire,one-sided-longing
longing-and-desire,passion-and-desire
longing-and-desire,physical-desire
longing-and-desire,physical-longing
longing-and-desire,pleading-and-begging
longing-and-desire,pleading-and-desperation
longing-and-desire,pursuit-and-attraction
longing-and-desire,regret-and-longing
longing-and-desire,romantic-and-sexual-desire
longing-and-desire,romantic-desire
longing-and-desire,romantic-longing
longing-and-desire,secret-desire
longing-and-desire,secret-longing
longing-and-desire,sexual-control-and-desire
longing-and-desire,sexual-desire
longing-and-desire,sexual-longing
longing-and-desire,sexual-tension
longing-and-desire,sexual-tension-and-desire
longing-and-desire,silent-longing
longing-and-desire,spiritual-longing
longing-and-desire,suppressed-desire
longing-and-desire,suppressed-longing
longing-and-desire,sweetness-and-desire
longing-and-desire,unattainable-desires
longing-and-desire,uncontrollable-desire
longing-and-desire,unfulfilled-longing
longing-and-desire,uninhibited-desire
longing-and-desire,universal-human-need
longing-and-desire,unreciprocated-desire
longing-and-desire,unreciprocated-love
longing-and-desire,unrequited-desire
longing-and-desire,unrequited-feelings
longing-and-desire,unrequited-longing
longing-and-desire,unrequited-love
longing-and-desire,unrequited-or-lost-love
longing-and-desire,unrequited-or-one-sided-love
longing-and-desire,unresolved-longing
longing-and-desire,unspoken-desire
longing-and-desire,vulnerability-and-longing
longing-and-desire,waiting-and-anticipation
longing-and-desire,waiting-and-longing
longing-and-desire,yearning-and-waiting
longing-for-clarity,abandoned-plans
longing-for-clarity,all-night-passion
longing-for-clarity,artificiality-and-performance
longing-for-clarity,backing-up-your-words
longing-for-clarity,being-kept-guessing
longing-for-clarity,being-lovestruck
longing-for-clarity,being-the-ride-or-die
longing-for-clarity,bitter-sarcasm
longing-for-clarity,blocking-and-digital-rejection
longing-for-clarity,body-swapping
longing-for-clarity,breaking-silence
longing-for-clarity,call-and-response
longing-for-clarity,call-to-action
longing-for-clarity,campfire-gathering
longing-for-clarity,canceling-plans
longing-for-clarity,clinging-to-love
longing-for-clarity,communication-breakdown
longing-for-clarity,compatibility
longing-for-clarity,confrontation-and-demand-for-truth
longing-for-clarity,confusion-and-questioning
longing-for-clarity,confusion-and-uncertainty
longing-for-clarity,coolness
longing-for-clarity,covering-up-problems
longing-for-clarity,crime-of-passion
longing-for-clarity,cyclical-human-failure
longing-for-clarity,dangerous-charm
longing-for-clarity,dark-desire
longing-for-clarity,dark-obsession
longing-for-clarity,decisiveness-demanded
longing-for-clarity,deep-curiosity-about-a-lover
longing-for-clarity,demand-for-clarity
longing-for-clarity,demand-for-truth
longing-for-clarity,demanding-honesty
longing-for-clarity,deserving-better
longing-for-clarity,desire-for-clarity
longing-for-clarity,desire-for-understanding
longing-for-clarity,desire-to-know-everything
longing-for-clarity,desperate-clinging
longing-for-clarity,digital-communication-anxiety
longing-for-clarity,door-left-open
longing-for-clarity,door-still-open
longing-for-clarity,driving-to-a-lover
longing-for-clarity,elopement-fantasy
longing-for-clarity,elusiveness
longing-for-clarity,exclusive-bond
longing-for-clarity,existential-exhaustion
longing-for-clarity,existential-questioning
longing-for-clarity,existential-searching
longing-for-clarity,existential-uncertainty
longing-for-clarity,failed-attempt-to-fix-someone
longing-for-clarity,failed-attempts-to-help
longing-for-clarity,fake-it-till-you-make-it
longing-for-clarity,faking-it
longing-for-clarity,falling-fast
longing-for-clarity,family-gathering
longing-for-clarity,father-child-bond
longing-for-clarity,father-son-bonding
longing-for-clarity,feeling-silenced
longing-for-clarity,fighting-for-love
longing-for-clarity,fighting-like-lovers
longing-for-clarity,finding-completeness
longing-for-clarity,frustration-with-mixed-signals
longing-for-clarity,going-the-extra-mile
longing-for-clarity,going-with-the-flow
longing-for-clarity,good-character
longing-for-clarity,gravity-of-attachment
longing-for-clarity,guilty-pleasure
longing-for-clarity,heart-over-head
longing-for-clarity,heart-vs-head
longing-for-clarity,heartbreaker-warning
longing-for-clarity,holding-on
longing-for-clarity,honeymoon-and-newlywed-life
longing-for-clarity,hurtful-words
longing-for-clarity,iconic-couple-inspiration
longing-for-clarity,iconic-couples-as-inspiration
longing-for-clarity,ignored-warning-signs
longing-for-clarity,ignored-warnings
longing-for-clarity,inability-to-save-each-other
longing-for-clarity,incompatibility
longing-for-clarity,incompatibility-acceptance
longing-for-clarity,irreversible-transformation
longing-for-clarity,keyboard-courage-vs-real-life
longing-for-clarity,lack-of-communication
longing-for-clarity,lack-of-warning-signs
longing-for-clarity,leaning-into-the-rumor
longing-for-clarity,leaving-complications-behind
longing-for-clarity,longing-for-clarity
longing-for-clarity,longing-for-understanding
longing-for-clarity,longing-to-be-believed
longing-for-clarity,longing-to-know-someones-inner-world
longing-for-clarity,lost-communication
longing-for-clarity,lost-future
longing-for-clarity,lost-future-together
longing-for-clarity,lost-potential
longing-for-clarity,love-worth-fighting-for
longing-for-clarity,making-excuses
longing-for-clarity,marriage-and-proposal
longing-for-clarity,marriage-proposal
longing-for-clarity,maternal-warning
longing-for-clarity,meeting-place-as-neutral-ground
longing-for-clarity,meeting-the-family
longing-for-clarity,miscommunication
longing-for-clarity,missed-communication
longing-for-clarity,missed-opportunities
longing-for-clarity,missed-opportunity
longing-for-clarity,misunderstanding
longing-for-clarity,mixed-signals
longing-for-clarity,mixed-signals-and-inconsistency
longing-for-clarity,moral-warning
longing-for-clarity,mother-son-bond
longing-for-clarity,moving-fast-together
longing-for-clarity,moving-forward
longing-for-clarity,moving-on-asymmetry
longing-for-clarity,moving-on-difficulty
longing-for-clarity,moving-on-failure
longing-for-clarity,mutual-pretending
longing-for-clarity,mutual-questioning
longing-for-clarity,mystery-and-enigma
longing-for-clarity,mystery-and-uncertainty
longing-for-clarity,natural-pairing
longing-for-clarity,navigating-obstacles
longing-for-clarity,need-for-honesty
longing-for-clarity,no-apology
longing-for-clarity,no-contact
longing-for-clarity,no-hard-feelings
longing-for-clarity,no-pressure-love
longing-for-clarity,no-strings-arrangement
longing-for-clarity,no-strings-attached
longing-for-clarity,no-strings-attachment
longing-for-clarity,no-strings-relationship
longing-for-clarity,no-type-open-desire
longing-for-clarity,offering-love
longing-for-clarity,offering-to-heal
longing-for-clarity,one-sided-attachment
longing-for-clarity,online-popularity
longing-for-clarity,online-tough-guys
longing-for-clarity,outlaw-couple
longing-for-clarity,outside-validation
longing-for-clarity,outsider-bond
longing-for-clarity,outsider-warning
longing-for-clarity,overcoming-underestimation
longing-for-clarity,perfect-compatibility
longing-for-clarity,perfect-timing
longing-for-clarity,performing-for-absent-lover
longing-for-clarity,playing-dumb-while-knowing
longing-for-clarity,playing-pretend
longing-for-clarity,power-of-silence
longing-for-clarity,private-secret-world
longing-for-clarity,private-world
longing-for-clarity,proving-oneself
longing-for-clarity,proving-oneself-to-others
longing-for-clarity,proving-worthiness
longing-for-clarity,proving-yourself
longing-for-clarity,public-image-management
longing-for-clarity,raw-unfiltered-expression
longing-for-clarity,reaching-out
longing-for-clarity,reaching-out-and-longing
longing-for-clarity,relationship-moving-too-fast
longing-for-clarity,ride-or-die-partnership
longing-for-clarity,role-reversal
longing-for-clarity,romantic-nickname
longing-for-clarity,romantic-warning
longing-for-clarity,scandalous-thrill
longing-for-clarity,search-for-truth
longing-for-clarity,searching-for-meaning
longing-for-clarity,secret-keeping
longing-for-clarity,secret-meeting-place
longing-for-clarity,secret-rendezvous
longing-for-clarity,self-expression-vs-silence
longing-for-clarity,self-silencing
longing-for-clarity,sensual-nickname
longing-for-clarity,silent-understanding
longing-for-clarity,simple-country-life
longing-for-clarity,simple-life-together
longing-for-clarity,slowing-down
longing-for-clarity,slowing-down-in-romance
longing-for-clarity,small-acts-of-love
longing-for-clarity,speaking-ones-truth
longing-for-clarity,struggling-with-low-points
longing-for-clarity,tables-turning
longing-for-clarity,taking-it-slow
longing-for-clarity,told-you-so-vindication
longing-for-clarity,too-little-too-late
longing-for-clarity,transformation
longing-for-clarity,tuning-out-noise
longing-for-clarity,turning-heads
longing-for-clarity,turning-the-tables
longing-for-clarity,unanswered-communication
longing-for-clarity,unanswered-questions
longing-for-clarity,unbreakable-bond
longing-for-clarity,uncertainty-and-doubt
longing-for-clarity,uncertainty-and-worry
longing-for-clarity,undeserved-apologies
longing-for-clarity,unexpected-attachment
longing-for-clarity,unforgettable-encounter
longing-for-clarity,unforgettable-ex
longing-for-clarity,unforgettable-lover
longing-for-clarity,unfulfilled-potential
longing-for-clarity,unintentional-hurt
longing-for-clarity,unmatched-status
longing-for-clarity,unresolved-communication
longing-for-clarity,unspoken-communication
longing-for-clarity,unspoken-tension
longing-for-clarity,unspoken-truth
longing-for-clarity,unspoken-words
longing-for-clarity,waiting-and-hope
longing-for-clarity,waiting-for-a-response
longing-for-clarity,warning-against-falling-in-love
longing-for-clarity,warning-off-suitors
longing-for-clarity,warning-the-new-girl
longing-for-clarity,wasted-time
longing-for-clarity,watching-over-a-lover
longing-for-clarity,wedding-as-breaking-point
longing-for-clarity,wedding-disruption
longing-for-clarity,wedding-setting
longing-for-clarity,wishful-thinking
longing-for-clarity,witty-charm
longing-for-clarity,wrong-timing
love-as-fleeting-and-transient,acceptance-of-suffering-for-love
love-as-fleeting-and-transient,adaptability-in-love
love-as-fleeting-and-transient,addictive-love
love-as-fleeting-and-transient,all-consuming-love
love-as-fleeting-and-transient,all-or-nothing-love
love-as-fleeting-and-transient,apocalyptic-love
love-as-fleeting-and-transient,awakening-to-love
love-as-fleeting-and-transient,being-lost-in-love
love-as-fleeting-and-transient,being-saved-by-love
love-as-fleeting-and-transient,blind-love
love-as-fleeting-and-transient,brief-intense-love-affair
love-as-fleeting-and-transient,brief-romance
love-as-fleeting-and-transient,career-vs-love
love-as-fleeting-and-transient,caution-in-love
love-as-fleeting-and-transient,complicated-love
love-as-fleeting-and-transient,conditional-affection
love-as-fleeting-and-transient,conditional-love
love-as-fleeting-and-transient,consequences-of-love
love-as-fleeting-and-transient,cosmic-love
love-as-fleeting-and-transient,deep-love
love-as-fleeting-and-transient,deep-romantic-obsession
love-as-fleeting-and-transient,defiant-love
love-as-fleeting-and-transient,desire-to-stop-loving
love-as-fleeting-and-transient,disillusionment-with-love
love-as-fleeting-and-transient,end-of-love
love-as-fleeting-and-transient,enduring-love
love-as-fleeting-and-transient,enduring-love-over-time
love-as-fleeting-and-transient,eternal-love
love-as-fleeting-and-transient,eternal-love-beyond-death
love-as-fleeting-and-transient,exclusive-love
love-as-fleeting-and-transient,exclusivity-in-love
love-as-fleeting-and-transient,exclusivity-of-love
love-as-fleeting-and-transient,falling-for-someone
love-as-fleeting-and-transient,falling-in-love
love-as-fleeting-and-transient,fame-versus-love
love-as-fleeting-and-transient,feeling-alive-through-love
love-as-fleeting-and-transient,fleeting-love
love-as-fleeting-and-transient,fleeting-one-night-love
love-as-fleeting-and-transient,fleeting-romance
love-as-fleeting-and-transient,getting-lost-in-love
love-as-fleeting-and-transient,giving-love-without-reciprocation
love-as-fleeting-and-transient,heartbeat-of-love
love-as-fleeting-and-transient,heartlessness
love-as-fleeting-and-transient,heartlessness-in-relationships
love-as-fleeting-and-transient,heaven-sent-love
love-as-fleeting-and-transient,helplessness-in-love
love-as-fleeting-and-transient,imperfect-love
love-as-fleeting-and-transient,inability-to-love
love-as-fleeting-and-transient,infatuation
love-as-fleeting-and-transient,infatuation-and-longing
love-as-fleeting-and-transient,infatuation-and-obsession
love-as-fleeting-and-transient,irrational-behavior-in-love
love-as-fleeting-and-transient,irreplaceable-love
love-as-fleeting-and-transient,lingering-love
love-as-fleeting-and-transient,long-lasting-love
love-as-fleeting-and-transient,losing-oneself-in-love
love-as-fleeting-and-transient,lost-love-and-disillusionment
love-as-fleeting-and-transient,love-addiction
love-as-fleeting-and-transient,love-and-death-duality
love-as-fleeting-and-transient,love-as-addiction
love-as-fleeting-and-transient,love-as-consuming-force
love-as-fleeting-and-transient,love-as-creation
love-as-fleeting-and-transient,love-as-distraction
love-as-fleeting-and-transient,love-as-fleeting
love-as-fleeting-and-transient,love-as-fleeting-and-transient
love-as-fleeting-and-transient,love-as-intoxication
love-as-fleeting-and-transient,love-as-life-lesson
love-as-fleeting-and-transient,love-as-life-purpose
love-as-fleeting-and-transient,love-as-priority
love-as-fleeting-and-transient,love-as-problem-solving
love-as-fleeting-and-transient,love-as-risk
love-as-fleeting-and-transient,love-as-salvation
love-as-fleeting-and-transient,love-as-transformation
love-as-fleeting-and-transient,love-as-transformative-teaching
love-as-fleeting-and-transient,love-as-universal
love-as-fleeting-and-transient,love-as-universal-experience
love-as-fleeting-and-transient,love-beyond-death
love-as-fleeting-and-transient,love-consuming-the-mind
love-as-fleeting-and-transient,love-destroying-life
love-as-fleeting-and-transient,love-flowing-through-the-body
love-as-fleeting-and-transient,love-is-blind
love-as-fleeting-and-transient,love-is-complex
love-as-fleeting-and-transient,love-persisting
love-as-fleeting-and-transient,love-surpassing-all-else
love-as-fleeting-and-transient,love-through-problems
love-as-fleeting-and-transient,love-without-regret
love-as-fleeting-and-transient,magical-love
love-as-fleeting-and-transient,mature-love
love-as-fleeting-and-transient,maturity-in-love
love-as-fleeting-and-transient,not-wasting-love
love-as-fleeting-and-transient,now-or-never-love
love-as-fleeting-and-transient,one-sided-love
love-as-fleeting-and-transient,one-sided-relationship
love-as-fleeting-and-transient,overcoming-fear-of-love
love-as-fleeting-and-transient,overwhelming-effect-of-love
love-as-fleeting-and-transient,overwhelming-effort-for-love
love-as-fleeting-and-transient,overwhelming-love
love-as-fleeting-and-transient,pain-of-loving-someone-selfish
love-as-fleeting-and-transient,paradox-of-love-and-destruction
love-as-fleeting-and-transient,perseverance-in-love
love-as-fleeting-and-transient,personal-growth-through-love
love-as-fleeting-and-transient,personal-growth-through-relationship
love-as-fleeting-and-transient,personal-transformation-through-love
love-as-fleeting-and-transient,purposelessness-without-love
love-as-fleeting-and-transient,pushing-love-away
love-as-fleeting-and-transient,rare-and-unique-love
love-as-fleeting-and-transient,recklessness-in-love
love-as-fleeting-and-transient,redefining-love
love-as-fleeting-and-transient,redemption-through-love
love-as-fleeting-and-transient,romantic-exclusivity
love-as-fleeting-and-transient,romantic-infatuation
love-as-fleeting-and-transient,romantic-obsession
love-as-fleeting-and-transient,romantic-recklessness
love-as-fleeting-and-transient,rushing-into-love
love-as-fleeting-and-transient,sacred-love
love-as-fleeting-and-transient,salvation-through-love
love-as-fleeting-and-transient,self-destructive-love
love-as-fleeting-and-transient,self-improvement-for-love
love-as-fleeting-and-transient,self-worth-through-love
love-as-fleeting-and-transient,selfless-love
love-as-fleeting-and-transient,shared-imperfection-in-love
love-as-fleeting-and-transient,speechlessness-in-love
love-as-fleeting-and-transient,taking-a-chance-on-love
love-as-fleeting-and-transient,taking-control-of-love
love-as-fleeting-and-transient,tension-between-success-and-love
love-as-fleeting-and-transient,timelessness-of-love
love-as-fleeting-and-transient,total-infatuation
love-as-fleeting-and-transient,transcendence-through-love
love-as-fleeting-and-transient,transcendent-love
love-as-fleeting-and-transient,transformation-through-love
love-as-fleeting-and-transient,transformative-love
love-as-fleeting-and-transient,transformative-power-of-love
love-as-fleeting-and-transient,transformative-relationship
love-as-fleeting-and-transient,unconditional-commitment
love-as-fleeting-and-transient,unconditional-devotion
love-as-fleeting-and-transient,unconditional-love
love-as-fleeting-and-transient,unconditional-loyalty
love-as-fleeting-and-transient,unexpected-falling-in-love
love-as-fleeting-and-transient,unexpected-love
love-as-fleeting-and-transient,unfinished-love
love-as-fleeting-and-transient,unrecognized-vision
love-as-fleeting-and-transient,urgency-to-express-love
love-as-fleeting-and-transient,volatile-love
love-as-fleeting-and-transient,willing-suffering-for-love
love-as-fleeting-and-transient,young-love
love-as-fleeting-and-transient,youthful-first-love
love-as-fleeting-and-transient,youthful-intimacy
love-as-fleeting-and-transient,youthful-love
loyalty-and-commitment,anti-commitment
loyalty-and-commitment,authenticity-and-loyalty
loyalty-and-commitment,avoidance-of-commitment
loyalty-and-commitment,avoiding-commitment
loyalty-and-commitment,clique-loyalty
loyalty-and-commitment,commitment
loyalty-and-commitment,commitment-ambivalence
loyalty-and-commitment,commitment-and-future
loyalty-and-commitment,commitment-and-marriage
loyalty-and-commitment,commitment-and-promise
loyalty-and-commitment,commitment-and-return
loyalty-and-commitment,commitment-and-togetherness
loyalty-and-commitment,commitment-avoidance
loyalty-and-commitment,commitment-conflict
loyalty-and-commitment,commitment-declaration
loyalty-and-commitment,commitment-phobia
loyalty-and-commitment,commitment-struggle
loyalty-and-commitment,commitment-to-another-relationship
loyalty-and-commitment,commitment-to-current-partner
loyalty-and-commitment,commitment-uncertainty
loyalty-and-commitment,committed-love
loyalty-and-commitment,committed-relationship
loyalty-and-commitment,conditional-commitment
loyalty-and-commitment,deferred-commitment
loyalty-and-commitment,devotion-and-loyalty
loyalty-and-commitment,enduring-commitment
loyalty-and-commitment,eternal-commitment
loyalty-and-commitment,family-loyalty
loyalty-and-commitment,fear-of-commitment
loyalty-and-commitment,female-friendship-and-loyalty
loyalty-and-commitment,friendship-and-loyalty
loyalty-and-commitment,hopeful-commitment
loyalty-and-commitment,inability-to-commit
loyalty-and-commitment,lifelong-commitment
loyalty-and-commitment,lost-loyalty
loyalty-and-commitment,love-and-commitment
loyalty-and-commitment,love-plans-and-promises
loyalty-and-commitment,loyalty-and-allegiance
loyalty-and-commitment,loyalty-and-authenticity
loyalty-and-commitment,loyalty-and-commitment
loyalty-and-commitment,loyalty-and-dedication
loyalty-and-commitment,loyalty-and-devotion
loyalty-and-commitment,loyalty-and-discretion
loyalty-and-commitment,loyalty-and-distrust
loyalty-and-commitment,loyalty-and-exclusivity
loyalty-and-commitment,loyalty-and-expectations
loyalty-and-commitment,loyalty-and-faithfulness
loyalty-and-commitment,loyalty-and-female-friendship
loyalty-and-commitment,loyalty-and-friendship
loyalty-and-commitment,loyalty-and-independence
loyalty-and-commitment,loyalty-and-integrity
loyalty-and-commitment,loyalty-and-keeping-word
loyalty-and-commitment,loyalty-and-loss
loyalty-and-commitment,loyalty-and-love
loyalty-and-commitment,loyalty-and-moral-restraint
loyalty-and-commitment,loyalty-and-protection
loyalty-and-commitment,loyalty-and-relationships
loyalty-and-commitment,loyalty-and-resilience
loyalty-and-commitment,loyalty-and-sacrifice
loyalty-and-commitment,loyalty-and-silence
loyalty-and-commitment,loyalty-and-sisterhood
loyalty-and-commitment,loyalty-and-solidarity
loyalty-and-commitment,loyalty-and-squad
loyalty-and-commitment,loyalty-and-staying-true
loyalty-and-commitment,loyalty-and-support
loyalty-and-commitment,loyalty-and-toughness
loyalty-and-commitment,loyalty-and-trust
loyalty-and-commitment,loyalty-in-relationships
loyalty-and-commitment,loyalty-through-hardship
loyalty-and-commitment,loyalty-to-day-ones
loyalty-and-commitment,loyalty-to-the-game
loyalty-and-commitment,loyalty-vs-desire
loyalty-and-commitment,loyalty-vs-lust
loyalty-and-commitment,marriage-commitment
loyalty-and-commitment,maternal-pride-and-loyalty
loyalty-and-commitment,mutual-commitment
loyalty-and-commitment,no-commitment
loyalty-and-commitment,non-commitment
loyalty-and-commitment,personal-identity-and-loyalty
loyalty-and-commitment,promise-of-commitment
loyalty-and-commitment,protection-and-loyalty
loyalty-and-commitment,proving-commitment
loyalty-and-commitment,questioning-true-allegiance
loyalty-and-commitment,rejection-of-commitment
loyalty-and-commitment,romantic-commitment
loyalty-and-commitment,romantic-loyalty
loyalty-and-commitment,romantic-promise
loyalty-and-commitment,running-from-commitment
loyalty-and-commitment,shared-fate-and-loyalty
loyalty-and-commitment,shared-history-and-loyalty
loyalty-and-commitment,sports-loyalty-tested
loyalty-and-commitment,steadfast-commitment
loyalty-and-commitment,total-commitment
mutual-individuality,avoidance-of-shared-memories
mutual-individuality,belonging-together
mutual-individuality,brotherhood
mutual-individuality,brotherhood-and-coping
mutual-individuality,brotherhood-and-family
mutual-individuality,brotherhood-and-hood-ties
mutual-individuality,brotherly-bond-and-shared-memory
mutual-individuality,camaraderie-and-brotherhood
mutual-individuality,collaborations-and-crew
mutual-individuality,collective-empowerment
mutual-individuality,collective-identity
mutual-individuality,collective-storytelling
mutual-individuality,collective-voice-and-unity
mutual-individuality,community-and-connection
mutual-individuality,community-and-giving-back
mutual-individuality,community-and-greeting
mutual-individuality,community-and-togetherness
mutual-individuality,community-and-tradition
mutual-individuality,community-responsibility
mutual-individuality,community-solidarity
mutual-individuality,companionship
mutual-individuality,comparison-of-relationships
mutual-individuality,comparison-to-a-predecessor
mutual-individuality,comparison-to-another-woman
mutual-individuality,complicated-friendship
mutual-individuality,contentment-in-togetherness
mutual-individuality,contrasting-personalities
mutual-individuality,coping-through-friendship
mutual-individuality,crew-affiliation
mutual-individuality,crew-and-brotherhood
mutual-individuality,crew-and-social-circle
mutual-individuality,crew-loyalty
mutual-individuality,crew-solidarity
mutual-individuality,cultural-contrast
mutual-individuality,deep-friendship
mutual-individuality,deep-mutual-connection
mutual-individuality,deep-mutual-knowing
mutual-individuality,distrust-and-fake-friends
mutual-individuality,encouragement-and-solidarity
mutual-individuality,entertainment-comparison
mutual-individuality,erasing-shared-memories
mutual-individuality,exclusivity
mutual-individuality,exclusivity-and-status
mutual-individuality,exclusivity-in-relationships
mutual-individuality,exclusivity-of-relationship
mutual-individuality,fake-friends
mutual-individuality,fake-friends-and-betrayal
mutual-individuality,fake-friends-and-users
mutual-individuality,fake-friendship
mutual-individuality,false-friends-and-betrayal
mutual-individuality,false-friendship
mutual-individuality,false-friendship-and-betrayal
mutual-individuality,female-companionship
mutual-individuality,female-friendship
mutual-individuality,female-friendship-and-support
mutual-individuality,female-uniqueness
mutual-individuality,friends-with-benefits
mutual-individuality,friendship
mutual-individuality,friendship-and-brotherhood
mutual-individuality,friendship-and-camaraderie
mutual-individuality,friendship-and-community
mutual-individuality,friendship-and-growing-apart
mutual-individuality,friendship-and-guidance
mutual-individuality,friendship-and-social-bonds
mutual-individuality,friendship-and-social-frustration
mutual-individuality,friendship-and-solidarity
mutual-individuality,friendship-and-support
mutual-individuality,group-camaraderie
mutual-individuality,group-unity
mutual-individuality,hidden-mutual-interest
mutual-individuality,hope-for-a-shared-future
mutual-individuality,hope-for-togetherness
mutual-individuality,hospitality-and-welcome
mutual-individuality,inclusivity
mutual-individuality,inclusivity-and-welcome
mutual-individuality,intellectual-ownership
mutual-individuality,jealousy-and-fake-friends
mutual-individuality,jealousy-and-possessiveness
mutual-individuality,long-term-friendship
mutual-individuality,long-time-friendship
mutual-individuality,loss-of-friendship
mutual-individuality,loyalty-and-brotherhood
mutual-individuality,loyalty-and-crew
mutual-individuality,loyalty-to-crew
mutual-individuality,loyalty-to-crew-and-community
mutual-individuality,loyalty-to-crew-over-women
mutual-individuality,loyalty-to-family-and-crew
mutual-individuality,male-jealousy-and-possessiveness
mutual-individuality,maternal-contrast
mutual-individuality,mutual-awareness
mutual-individuality,mutual-brokenness
mutual-individuality,mutual-complicity
mutual-individuality,mutual-connection
mutual-individuality,mutual-desire
mutual-individuality,mutual-dysfunction
mutual-individuality,mutual-enjoyment
mutual-individuality,mutual-exchange-in-love
mutual-individuality,mutual-fault
mutual-individuality,mutual-fulfillment
mutual-individuality,mutual-guilt
mutual-individuality,mutual-individuality
mutual-individuality,mutual-interest
mutual-individuality,mutual-irrationality
mutual-individuality,mutual-longing
mutual-individuality,mutual-need
mutual-individuality,mutual-one-of-a-kind
mutual-individuality,mutual-pleasure
mutual-individuality,mutual-possession
mutual-individuality,mutual-satisfaction
mutual-individuality,mutual-support
mutual-individuality,mutual-worthiness
mutual-individuality,oversharing-and-emotional-chaos
mutual-individuality,partnership-and-unity
mutual-individuality,paying-it-forward
mutual-individuality,possessive-love
mutual-individuality,possessiveness
mutual-individuality,possessiveness-and-control
mutual-individuality,possessiveness-and-desire
mutual-individuality,possessiveness-and-devotion
mutual-individuality,possessiveness-and-exclusivity
mutual-individuality,possessiveness-and-jealousy
mutual-individuality,possessiveness-and-obsession
mutual-individuality,quiet-togetherness
mutual-individuality,rarity-and-uniqueness
mutual-individuality,rejecting-exclusivity
mutual-individuality,rejection-of-false-friendship
mutual-individuality,rejection-of-friendship
mutual-individuality,resentment-toward-fake-friends
mutual-individuality,shared-adventure
mutual-individuality,shared-adventure-and-love
mutual-individuality,shared-blame
mutual-individuality,shared-brokenness
mutual-individuality,shared-complicity
mutual-individuality,shared-experiences
mutual-individuality,shared-flaws
mutual-individuality,shared-guilt
mutual-individuality,shared-history
mutual-individuality,shared-human-experience
mutual-individuality,shared-irrationality
mutual-individuality,shared-journey
mutual-individuality,shared-madness
mutual-individuality,shared-memories
mutual-individuality,shared-memories-and-places
mutual-individuality,shared-wildness
mutual-individuality,solidarity-and-not-being-alone
mutual-individuality,solidarity-and-partnership
mutual-individuality,spiritual-comparison
mutual-individuality,togetherness
mutual-individuality,total-possession
mutual-individuality,total-possession-and-exclusivity
mutual-individuality,uniqueness
mutual-individuality,uniqueness-and-standing-out
mutual-individuality,uniqueness-and-superiority
mutual-individuality,uniqueness-of-a-woman
mutual-individuality,unity-and-inclusion
mutual-individuality,unity-and-partnership
mutual-individuality,unity-and-togetherness
mutual-individuality,vulnerability-and-oversharing
nostalgia-and-memory,avoidance-of-the-past
nostalgia-and-memory,bad-boy-past
nostalgia-and-memory,being-haunted-by-exes
nostalgia-and-memory,bitter-well-wishing
nostalgia-and-memory,carpe-diem
nostalgia-and-memory,cherished-memories
nostalgia-and-memory,cherishing-memories
nostalgia-and-memory,childhood-and-nostalgia
nostalgia-and-memory,childhood-imagination
nostalgia-and-memory,childhood-memory
nostalgia-and-memory,childhood-nostalgia
nostalgia-and-memory,confronting-the-past
nostalgia-and-memory,creating-new-memories
nostalgia-and-memory,drinking-to-forget
nostalgia-and-memory,emotional-haunting
nostalgia-and-memory,emotional-lingering
nostalgia-and-memory,family-nostalgia
nostalgia-and-memory,final-wishes
nostalgia-and-memory,grief-and-remembrance
nostalgia-and-memory,haunted-by-memory
nostalgia-and-memory,haunting-by-an-ex
nostalgia-and-memory,haunting-guilt
nostalgia-and-memory,haunting-memories
nostalgia-and-memory,haunting-presence
nostalgia-and-memory,holding-onto-memories
nostalgia-and-memory,holding-onto-the-past
nostalgia-and-memory,homesickness-and-nostalgia
nostalgia-and-memory,inability-to-forget
nostalgia-and-memory,leaving-past-behind
nostalgia-and-memory,leaving-the-past-behind
nostalgia-and-memory,letting-go-of-the-past
nostalgia-and-memory,lingering-attachment
nostalgia-and-memory,lingering-feelings
nostalgia-and-memory,lingering-grief
nostalgia-and-memory,lingering-memories
nostalgia-and-memory,lingering-pain
nostalgia-and-memory,longing-and-nostalgia
nostalgia-and-memory,longing-for-acknowledgment
nostalgia-and-memory,longing-to-be-remembered
nostalgia-and-memory,longing-to-be-thought-of
nostalgia-and-memory,memory-and-nostalgia
nostalgia-and-memory,memory-and-remembrance
nostalgia-and-memory,memory-as-comfort
nostalgia-and-memory,mental-haunting
nostalgia-and-memory,moving-on-from-the-past
nostalgia-and-memory,nostalgia
nostalgia-and-memory,nostalgia-and-better-days
nostalgia-and-memory,nostalgia-and-change
nostalgia-and-memory,nostalgia-and-homecoming
nostalgia-and-memory,nostalgia-and-humble-origins
nostalgia-and-memory,nostalgia-and-intimacy
nostalgia-and-memory,nostalgia-and-longing
nostalgia-and-memory,nostalgia-and-memory
nostalgia-and-memory,nostalgia-and-personal-history
nostalgia-and-memory,nostalgia-and-regret
nostalgia-and-memory,nostalgia-and-self-reflection
nostalgia-and-memory,nostalgia-and-sentiment
nostalgia-and-memory,nostalgia-and-shared-past
nostalgia-and-memory,nostalgia-and-simpler-times
nostalgia-and-memory,nostalgia-for-better-days
nostalgia-and-memory,nostalgia-for-childhood
nostalgia-and-memory,nostalgia-for-intimacy
nostalgia-and-memory,nostalgia-for-past-encounter
nostalgia-and-memory,nostalgia-for-past-love
nostalgia-and-memory,nostalgia-for-past-relationship
nostalgia-and-memory,nostalgia-for-past-romance
nostalgia-and-memory,nostalgia-for-simple-life
nostalgia-and-memory,nostalgia-for-simple-things
nostalgia-and-memory,nostalgia-for-the-past
nostalgia-and-memory,nostalgia-for-the-relationship
nostalgia-and-memory,nostalgic-memories
nostalgia-and-memory,nostalgic-memory
nostalgia-and-memory,personal-nostalgia
nostalgia-and-memory,relationship-nostalgia
nostalgia-and-memory,remembering-the-deceased
nostalgia-and-memory,romantic-nostalgia
nostalgia-and-memory,tribute-and-remembrance
nostalgia-and-memory,tribute-to-virgil-abloh
nostalgia-and-memory,troubled-past
nostalgia-and-memory,unacknowledged-past
nostalgia-and-memory,undying-memory
nostalgia-and-memory,unresolved-past
nostalgia-and-memory,vivid-memory
nostalgia-and-memory,wishing-ex-well
nostalgia-and-memory,wishing-happiness-for-another
nostalgia-and-memory,wishing-love-away
nostalgia-and-memory,wishing-well-for-ex
nostalgia-and-memory,wishing-well-on-an-ex
nostalgia-and-memory,wishing-well-to-an-ex
nostalgia-and-memory,wondering-if-you-are-thought-of
nostalgia-and-memory,youthful-nostalgia
obsession-and-madness,addiction
obsession-and-madness,addiction-and-compulsion
obsession-and-madness,addiction-and-obsession
obsession-and-madness,addiction-and-sobriety
obsession-and-madness,addiction-to-a-person
obsession-and-madness,adult-stress-and-anxiety
obsession-and-madness,altered-mental-state
obsession-and-madness,anxiety-and-fear
obsession-and-madness,anxiety-and-mental-struggle
obsession-and-madness,anxiety-and-overthinking
obsession-and-madness,anxiety-and-overwhelm
obsession-and-madness,anxiety-and-panic
obsession-and-madness,anxiety-and-worry
obsession-and-madness,avoidance-of-reminders
obsession-and-madness,avoidance-of-triggers
obsession-and-madness,awakening-and-empowerment
obsession-and-madness,awakening-and-resistance
obsession-and-madness,being-mesmerized
obsession-and-madness,breaking-unhealthy-patterns
obsession-and-madness,choosing-love-over-vices
obsession-and-madness,cigarettes-as-narrative-device
obsession-and-madness,conflict-and-arguing
obsession-and-madness,conflict-and-arguments
obsession-and-madness,conflict-and-fighting
obsession-and-madness,craving-and-addiction
obsession-and-madness,craving-and-obsession
obsession-and-madness,cycle-of-relapse
obsession-and-madness,cycle-of-temptation
obsession-and-madness,dependency-and-addiction
obsession-and-madness,depression-and-mental-anguish
obsession-and-madness,depression-and-mental-health
obsession-and-madness,desire-and-craving
obsession-and-madness,desire-and-indulgence
obsession-and-madness,desire-and-temptation
obsession-and-madness,disorientation
obsession-and-madness,disorientation-and-vulnerability
obsession-and-madness,distraction-and-entertainment
obsession-and-madness,distraction-and-reflection
obsession-and-madness,dream-and-awakening
obsession-and-madness,dream-imagery
obsession-and-madness,dream-vs-reality
obsession-and-madness,dreaming
obsession-and-madness,dreaming-and-awakening
obsession-and-madness,dreams-and-inner-struggle
obsession-and-madness,dreams-and-premonition
obsession-and-madness,dreams-versus-reality
obsession-and-madness,dreams-vs-reality
obsession-and-madness,eating-disorder
obsession-and-madness,eating-disorders
obsession-and-madness,effort-and-exhaustion
obsession-and-madness,emotional-awakening
obsession-and-madness,emotional-breakdown
obsession-and-madness,emotional-collapse
obsession-and-madness,emotional-deterioration
obsession-and-madness,emotional-distraction
obsession-and-madness,emotional-exhaustion
obsession-and-madness,emotional-instability
obsession-and-madness,emotional-obsession
obsession-and-madness,emotional-overwhelm
obsession-and-madness,emotional-sleeplessness
obsession-and-madness,emotional-turmoil
obsession-and-madness,freedom-and-restlessness
obsession-and-madness,frustration-and-exhaustion
obsession-and-madness,futility-of-distraction
obsession-and-madness,growing-obsession
obsession-and-madness,growing-up-and-lost-dreams
obsession-and-madness,hidden-inner-struggle
obsession-and-madness,hidden-inner-turmoil
obsession-and-madness,indulgence-and-pleasure
obsession-and-madness,indulgence-and-vices
obsession-and-madness,inner-conflict
obsession-and-madness,inner-conflict-and-demons
obsession-and-madness,inner-demons
obsession-and-madness,inner-demons-and-struggle
obsession-and-madness,inner-mental-turmoil
obsession-and-madness,inner-rage
obsession-and-madness,inner-struggle
obsession-and-madness,inner-struggles-and-dreams
obsession-and-madness,inner-turmoil
obsession-and-madness,inner-voices
obsession-and-madness,insatiable-appetite
obsession-and-madness,insomnia-and-nightmares
obsession-and-madness,internal-conflict
obsession-and-madness,intoxication-and-indulgence
obsession-and-madness,irresistible-temptation
obsession-and-madness,keeping-dreams-alive
obsession-and-madness,lingering-obsession
obsession-and-madness,loneliness-and-lost-dreams
obsession-and-madness,losing-inhibitions
obsession-and-madness,lost-dreams
obsession-and-madness,love-and-conflict
obsession-and-madness,magic-and-dreams
obsession-and-madness,male-struggle-and-suicide
obsession-and-madness,mental-anguish
obsession-and-madness,mental-breakdown
obsession-and-madness,mental-deterioration
obsession-and-madness,mental-exhaustion
obsession-and-madness,mental-health-awareness
obsession-and-madness,mental-health-crisis
obsession-and-madness,mental-health-struggle
obsession-and-madness,mental-health-struggles
obsession-and-madness,mental-instability
obsession-and-madness,mental-intrusion
obsession-and-madness,mental-obsession
obsession-and-madness,mental-overwhelm
obsession-and-madness,mental-struggle
obsession-and-madness,mental-struggle-and-survival
obsession-and-madness,mental-unraveling
obsession-and-madness,mind-reading
obsession-and-madness,mindfulness-and-breathing
obsession-and-madness,nightmares-and-bad-dreams
obsession-and-madness,nightmares-and-sleep
obsession-and-madness,obsession
obsession-and-madness,obsession-and-control
obsession-and-madness,obsession-and-fixation
obsession-and-madness,obsession-and-madness
obsession-and-madness,obsession-and-negativity
obsession-and-madness,obsession-with-someone
obsession-and-madness,obsession-with-someone-new
obsession-and-madness,obsessive-attachment
obsession-and-madness,obsessive-attraction
obsession-and-madness,obsessive-craving
obsession-and-madness,obsessive-desire
obsession-and-madness,obsessive-infatuation
obsession-and-madness,obsessive-love
obsession-and-madness,obsessive-thinking
obsession-and-madness,obsessive-thoughts
obsession-and-madness,overthinking
obsession-and-madness,personal-struggle-with-addiction
obsession-and-madness,physical-manifestation-of-anxiety
obsession-and-madness,prioritization-of-vices
obsession-and-madness,prioritizing-vices
obsession-and-madness,relapse-and-struggle
obsession-and-madness,repetitive-conflict
obsession-and-madness,resisting-temptation
obsession-and-madness,restless-energy
obsession-and-madness,restless-wandering
obsession-and-madness,restlessness
obsession-and-madness,restlessness-and-insomnia
obsession-and-madness,restlessness-and-moving-on
obsession-and-madness,restlessness-and-searching
obsession-and-madness,restlessness-and-wandering
obsession-and-madness,reverting-to-old-self-destructive-habits
obsession-and-madness,rumination
obsession-and-madness,seeking-distraction
obsession-and-madness,self-destructive-cycle
obsession-and-madness,self-discipline-through-repetition
obsession-and-madness,sensual-indulgence
obsession-and-madness,sexual-exhaustion
obsession-and-madness,sexual-obsession
obsession-and-madness,sexual-temptation
obsession-and-madness,shared-dreams
obsession-and-madness,sinful-indulgence
obsession-and-madness,sinful-temptation
obsession-and-madness,sleepless-nights
obsession-and-madness,sleeplessness
obsession-and-madness,sleeplessness-and-insomnia
obsession-and-madness,sleeplessness-and-obsession
obsession-and-madness,sleeplessness-and-restlessness
obsession-and-madness,smoking-and-vices
obsession-and-madness,spiritual-awakening
obsession-and-madness,staying-alert-and-grinding
obsession-and-madness,staying-awake-and-alert
obsession-and-madness,staying-grounded
obsession-and-madness,stress-and-exhaustion
obsession-and-madness,suicidal-despair
obsession-and-madness,suicidal-ideation
obsession-and-madness,suicidal-ideation-and-despair
obsession-and-madness,survival-and-vigilance
obsession-and-madness,temptation
obsession-and-madness,temptation-and-desire
obsession-and-madness,tension-and-conflict
obsession-and-madness,toxic-obsession
obsession-and-madness,unfulfilled-dreams-dont-matter
obsession-and-madness,unwanted-intrusive-thoughts
obsession-and-madness,vigilance
obsession-and-madness,vigilance-and-alertness
obsession-and-madness,withdrawal-and-craving
partner-inadequacy,admiration-of-a-partner
partner-inadequacy,admiration-of-partner
partner-inadequacy,admiring-a-partner's-beauty
partner-inadequacy,ambiguous-relationship
partner-inadequacy,being-a-better-partner
partner-inadequacy,being-coupled-up
partner-inadequacy,being-the-primary-partner
partner-inadequacy,challenge-to-a-partner
partner-inadequacy,chaotic-relationship
partner-inadequacy,complementary-partnership
partner-inadequacy,complicated-relationship
partner-inadequacy,complicated-relationship-dynamic
partner-inadequacy,complicated-relationships
partner-inadequacy,criticism-of-ex-partner
partner-inadequacy,criticism-of-partner
partner-inadequacy,criticizing-a-rival-lover
partner-inadequacy,daily-relationship-routine
partner-inadequacy,deceptive-partner
partner-inadequacy,defending-a-flawed-partner
partner-inadequacy,desire-to-make-partner-happy
partner-inadequacy,devoted-partnership
partner-inadequacy,dismissiveness-toward-partner
partner-inadequacy,dissatisfaction-in-relationship
partner-inadequacy,distrust-of-partner
partner-inadequacy,divine-blessing-of-relationship
partner-inadequacy,effortless-relationship
partner-inadequacy,emotional-significance-of-a-partner
partner-inadequacy,equal-partnership
partner-inadequacy,escaping-a-toxic-relationship
partner-inadequacy,everyday-beauty-of-a-partner
partner-inadequacy,everyday-relationship-moments
partner-inadequacy,farewell-to-toxic-relationship
partner-inadequacy,fixing-a-broken-partner
partner-inadequacy,frustration-with-partner
partner-inadequacy,generosity-toward-partner
partner-inadequacy,healthy-relationship
partner-inadequacy,imperfect-relationship
partner-inadequacy,incompatibility-in-relationships
partner-inadequacy,indecision-in-relationship
partner-inadequacy,independence-from-relationships
partner-inadequacy,influence-on-a-partner
partner-inadequacy,inner-goodness-of-partner
partner-inadequacy,irreplaceable-partner
partner-inadequacy,irreplaceable-relationships
partner-inadequacy,jealousy-of-new-partner
partner-inadequacy,jealousy-over-new-partner
partner-inadequacy,jealousy-over-new-relationship
partner-inadequacy,jealousy-toward-new-partner
partner-inadequacy,leaving-a-toxic-relationship
partner-inadequacy,leaving-with-someone-new
partner-inadequacy,long-term-partnership-and-growth
partner-inadequacy,losing-control-over-partner
partner-inadequacy,material-investment-in-relationship
partner-inadequacy,multiple-options-and-dating
partner-inadequacy,multiple-partners
partner-inadequacy,multiple-romantic-interests
partner-inadequacy,multiple-romantic-partners
partner-inadequacy,need-for-partner
partner-inadequacy,new-relationship-discovery
partner-inadequacy,new-relationship-inadequacy
partner-inadequacy,on-again-off-again-relationship
partner-inadequacy,on-and-off-relationship
partner-inadequacy,partner-appreciation
partner-inadequacy,partner-as-an-asset
partner-inadequacy,partner-as-authority-figure
partner-inadequacy,partner-as-divine-light
partner-inadequacy,partner-as-everything
partner-inadequacy,partner-as-focus
partner-inadequacy,partner-as-irresistible
partner-inadequacy,partner-as-mirror
partner-inadequacy,partner-as-priority
partner-inadequacy,partner-avoidance
partner-inadequacy,partner-changing
partner-inadequacy,partner-disappointment
partner-inadequacy,partner-inadequacy
partner-inadequacy,partner-insecurity
partner-inadequacy,partner-self-doubt
partner-inadequacy,partnership
partner-inadequacy,past-toxic-relationships
partner-inadequacy,pleasing-a-partner
partner-inadequacy,quitting-toxic-work
partner-inadequacy,reassuring-a-partner
partner-inadequacy,relationship-ambiguity
partner-inadequacy,relationship-ambivalence
partner-inadequacy,relationship-certainty
partner-inadequacy,relationship-complexity
partner-inadequacy,relationship-complications
partner-inadequacy,relationship-conflict
partner-inadequacy,relationship-confusion
partner-inadequacy,relationship-crossroads
partner-inadequacy,relationship-direction
partner-inadequacy,relationship-disappointment
partner-inadequacy,relationship-dissatisfaction
partner-inadequacy,relationship-effort
partner-inadequacy,relationship-frustration
partner-inadequacy,relationship-incompatibility
partner-inadequacy,relationship-longevity-doubt
partner-inadequacy,relationship-mistakes
partner-inadequacy,relationship-on-the-brink
partner-inadequacy,relationship-on-the-edge
partner-inadequacy,relationship-resilience
partner-inadequacy,relationship-standards
partner-inadequacy,relationship-standards-and-demands
partner-inadequacy,relationship-strain
partner-inadequacy,relationship-struggle
partner-inadequacy,relationship-struggles
partner-inadequacy,relationship-tension
partner-inadequacy,relationship-transition
partner-inadequacy,relationship-transition-and-hope
partner-inadequacy,relationship-turbulence
partner-inadequacy,relationship-ultimatum
partner-inadequacy,relationship-uncertainty
partner-inadequacy,romantic-partnership
partner-inadequacy,romantic-relationship-tension
partner-inadequacy,search-for-a-good-partner
partner-inadequacy,seeing-through-a-partner
partner-inadequacy,self-improvement-through-partnership
partner-inadequacy,spiritual-partnership
partner-inadequacy,spoiling-a-partner
partner-inadequacy,stealing-someone-elses-partner
partner-inadequacy,taking-a-partner-for-granted
partner-inadequacy,taking-each-other-for-granted
partner-inadequacy,the-new-partner
partner-inadequacy,toxic-attachment
partner-inadequacy,toxic-attraction
partner-inadequacy,toxic-attraction-patterns
partner-inadequacy,toxic-ex-relationship
partner-inadequacy,toxic-influence
partner-inadequacy,toxic-love
partner-inadequacy,toxic-love-addiction
partner-inadequacy,toxic-love-cycle
partner-inadequacy,toxic-love-dependency
partner-inadequacy,toxic-partner
partner-inadequacy,toxic-partnership
partner-inadequacy,toxic-past-relationships
partner-inadequacy,toxic-relationship
partner-inadequacy,toxic-relationship-cycle
partner-inadequacy,toxic-relationship-left-behind
partner-inadequacy,toxic-relationship-patterns
partner-inadequacy,toxic-relationships
partner-inadequacy,transactional-desire
partner-inadequacy,transactional-relationship
partner-inadequacy,transactional-relationships
partner-inadequacy,transactional-sex
partner-inadequacy,treating-your-partner
partner-inadequacy,turbulent-relationship
partner-inadequacy,uncertainty-in-relationships
partner-inadequacy,undefined-relationship
partner-inadequacy,unwanted-association
partner-inadequacy,volatile-relationships
partner-inadequacy,wanting-a-loyal-equal-partner
partner-inadequacy,wanting-stability-in-a-partner
partner-inadequacy,warning-to-a-partner
partner-inadequacy,wasted-investment-in-relationship
partying-and-nightlife,affordable-date-night
partying-and-nightlife,after-party-hookup
partying-and-nightlife,alcohol-and-drinking
partying-and-nightlife,alcohol-and-nightlife
partying-and-nightlife,alcohol-and-partying
partying-and-nightlife,alcohol-fueled-longing
partying-and-nightlife,asking-for-a-clean-break
partying-and-nightlife,bar-and-music-as-refuge
partying-and-nightlife,bar-and-music-culture
partying-and-nightlife,bar-and-nightlife
partying-and-nightlife,bar-nightlife-setting
partying-and-nightlife,bar-party-setting
partying-and-nightlife,bar-pickup-setting
partying-and-nightlife,bar-scene
partying-and-nightlife,bar-scene-as-refuge
partying-and-nightlife,bar-scene-atmosphere
partying-and-nightlife,bar-setting
partying-and-nightlife,club-energy
partying-and-nightlife,country-night-atmosphere
partying-and-nightlife,dancing-and-nightlife
partying-and-nightlife,dancing-and-partying
partying-and-nightlife,drinking-and-bar-culture
partying-and-nightlife,drinking-and-dive-bars
partying-and-nightlife,drinking-and-good-times
partying-and-nightlife,drinking-and-leisure
partying-and-nightlife,drinking-and-moonshine
partying-and-nightlife,drinking-and-partying
partying-and-nightlife,drug-and-party-lifestyle
partying-and-nightlife,drug-use-and-partying
partying-and-nightlife,escaping-the-party
partying-and-nightlife,friday-night-fun
partying-and-nightlife,friday-payday-relief
partying-and-nightlife,hangover-and-morning-after
partying-and-nightlife,hangover-recovery
partying-and-nightlife,hedonistic-partying
partying-and-nightlife,hollywood-nightlife
partying-and-nightlife,intimacy-over-nightlife
partying-and-nightlife,late-night-adventure
partying-and-nightlife,late-night-attraction
partying-and-nightlife,late-night-bar-encounters
partying-and-nightlife,late-night-crisis
partying-and-nightlife,late-night-despair
partying-and-nightlife,late-night-drive
partying-and-nightlife,late-night-encounter
partying-and-nightlife,late-night-escape
partying-and-nightlife,late-night-hookup
partying-and-nightlife,late-night-loneliness
partying-and-nightlife,late-night-longing
partying-and-nightlife,late-night-partying
partying-and-nightlife,late-night-rendezvous
partying-and-nightlife,late-night-revelry
partying-and-nightlife,late-night-spontaneity
partying-and-nightlife,leaving-the-strip-club-life
partying-and-nightlife,life-changing-night
partying-and-nightlife,loneliness-at-night
partying-and-nightlife,longing-and-sleeplessness
partying-and-nightlife,meeting-up
partying-and-nightlife,miami-nightlife
partying-and-nightlife,morning-after
partying-and-nightlife,night-owl-lifestyle
partying-and-nightlife,night-shift-separation
partying-and-nightlife,nightclub-atmosphere
partying-and-nightlife,nightclub-energy
partying-and-nightlife,nightclub-lifestyle
partying-and-nightlife,nightclub-party-culture
partying-and-nightlife,nightclub-pickup
partying-and-nightlife,nightlife
partying-and-nightlife,nightlife-and-celebrity
partying-and-nightlife,nightlife-and-clubbing
partying-and-nightlife,nightlife-and-dancing
partying-and-nightlife,nightlife-and-excess
partying-and-nightlife,nightlife-and-midnight-thrills
partying-and-nightlife,nightlife-and-party
partying-and-nightlife,nightlife-and-partying
partying-and-nightlife,nightlife-and-performance
partying-and-nightlife,nightlife-and-secrecy
partying-and-nightlife,nightlife-and-urban-atmosphere
partying-and-nightlife,nightlife-atmosphere
partying-and-nightlife,nightlife-bar-scene
partying-and-nightlife,nightlife-chaos
partying-and-nightlife,nightlife-dancing
partying-and-nightlife,nightlife-encounter
partying-and-nightlife,nightlife-glamour
partying-and-nightlife,nightlife-meetup
partying-and-nightlife,nightlife-setting
partying-and-nightlife,nighttime-atmosphere
partying-and-nightlife,nighttime-desire
partying-and-nightlife,nighttime-drive
partying-and-nightlife,nighttime-festivities
partying-and-nightlife,nighttime-revelry
partying-and-nightlife,one-night-connection
partying-and-nightlife,one-night-encounter
partying-and-nightlife,one-night-life-changing
partying-and-nightlife,one-night-stand
partying-and-nightlife,outdoor-nightlife
partying-and-nightlife,party-and-nightlife
partying-and-nightlife,party-and-performance-energy
partying-and-nightlife,party-atmosphere
partying-and-nightlife,party-culture-and-excess
partying-and-nightlife,party-discomfort
partying-and-nightlife,party-energy
partying-and-nightlife,party-excess
partying-and-nightlife,party-lifestyle
partying-and-nightlife,partying-and-dancing
partying-and-nightlife,partying-and-drinking
partying-and-nightlife,partying-and-getting-high
partying-and-nightlife,partying-and-indulgence
partying-and-nightlife,partying-and-intoxication
partying-and-nightlife,partying-and-nightlife
partying-and-nightlife,partying-and-substance-use
partying-and-nightlife,partying-and-substances
partying-and-nightlife,partying-and-turning-up
partying-and-nightlife,partying-and-wild-lifestyle
partying-and-nightlife,partying-and-women
partying-and-nightlife,prolonging-the-night
partying-and-nightlife,romance-and-nightclub-atmosphere
partying-and-nightlife,seizing-the-night
partying-and-nightlife,sleeping-apart-while-together
partying-and-nightlife,sleeping-in-a-truck
partying-and-nightlife,sleeping-rough
partying-and-nightlife,social-drinking
partying-and-nightlife,staying-in
partying-and-nightlife,staying-in-bed
partying-and-nightlife,staying-up-all-night
partying-and-nightlife,strip-club-culture
partying-and-nightlife,substance-use-and-partying
partying-and-nightlife,weekend-freedom
partying-and-nightlife,wild-night-out
partying-and-nightlife,wild-partying
personal-growth-and-change,change-and-constancy
personal-growth-and-change,change-and-growth
personal-growth-and-change,change-and-loss
personal-growth-and-change,change-and-moving-on
personal-growth-and-change,children-growing-up
personal-growth-and-change,cleansing-and-renewal
personal-growth-and-change,coming-of-age
personal-growth-and-change,coming-of-age-milestone
personal-growth-and-change,desire-for-change
personal-growth-and-change,emotional-change
personal-growth-and-change,emotional-maturity-and-growth
personal-growth-and-change,emotional-rebirth
personal-growth-and-change,emotional-renewal
personal-growth-and-change,fear-of-change
personal-growth-and-change,fleeting-youth-and-time
personal-growth-and-change,generational-change
personal-growth-and-change,generational-role-reversal
personal-growth-and-change,growing-up
personal-growth-and-change,growing-up-and-life-changes
personal-growth-and-change,growing-up-and-maturity
personal-growth-and-change,identity-reinvention
personal-growth-and-change,intergenerational-wisdom
personal-growth-and-change,late-bloomer-growth
personal-growth-and-change,life-disruption-and-upheaval
personal-growth-and-change,life-transformation
personal-growth-and-change,longing-for-change
personal-growth-and-change,maturity-and-commitment
personal-growth-and-change,maturity-and-growth
personal-growth-and-change,passage-of-time-and-youth
personal-growth-and-change,personal-change
personal-growth-and-change,personal-growth
personal-growth-and-change,personal-growth-and-change
personal-growth-and-change,personal-growth-and-past
personal-growth-and-change,personal-growth-and-self-improvement
personal-growth-and-change,personal-growth-and-transformation
personal-growth-and-change,personal-reinvention
personal-growth-and-change,personal-renewal
personal-growth-and-change,personal-transformation
personal-growth-and-change,potential-for-change
personal-growth-and-change,readiness-for-change
personal-growth-and-change,resistance-to-growing-up
personal-growth-and-change,revival-and-renewal
personal-growth-and-change,self-improvement-and-success
personal-growth-and-change,self-reclamation
personal-growth-and-change,self-reinvention
personal-growth-and-change,self-renewal
personal-growth-and-change,social-lifestyle-shift
personal-growth-and-change,spiritual-rebirth
personal-growth-and-change,spiritual-transformation
personal-growth-and-change,struggle-for-self-improvement
personal-growth-and-change,teenage-certainty-vs-hindsight
personal-growth-and-change,transformation-and-renewal
personal-growth-and-change,urgency-of-youth
personal-growth-and-change,wisdom-passed-down
personal-growth-and-change,youth
personal-growth-and-change,youth-and-beauty
personal-growth-and-change,youth-and-coming-up
personal-growth-and-change,youth-despair
personal-growth-and-change,youthful-ambition
personal-growth-and-change,youthful-anxiety
personal-growth-and-change,youthful-desperation
personal-growth-and-change,youthful-identity
personal-growth-and-change,youthful-inexperience
personal-growth-and-change,youthful-past
personal-growth-and-change,youthful-regret-and-growth
personal-growth-and-change,youthful-restlessness
personal-growth-and-change,youthful-struggle
personal-growth-and-change,youthful-uncertainty
personal-growth-and-change,youthful-urgency
personal-growth-and-change,youthful-vulnerability
reggaeton-culture,anti-lgbtq-bigotry
reggaeton-culture,college-football-culture
reggaeton-culture,corridos-tumbados-culture
reggaeton-culture,corridos-tumbados-identity
reggaeton-culture,country-authenticity
reggaeton-culture,country-music-culture
reggaeton-culture,country-music-devotion
reggaeton-culture,country-music-identity
reggaeton-culture,country-music-nostalgia
reggaeton-culture,country-music-self-awareness
reggaeton-culture,country-music-tradition
reggaeton-culture,country-music-tribute
reggaeton-culture,country-music-tropes
reggaeton-culture,country-western-imagery
reggaeton-culture,cultural-authenticity
reggaeton-culture,cultural-diversity
reggaeton-culture,cultural-identity
reggaeton-culture,cultural-pride-and-collaboration
reggaeton-culture,dedication-through-song
reggaeton-culture,desconfiança-e-rivalidade
reggaeton-culture,desire-for-energetic-music
reggaeton-culture,dinheiro-e-acumulação-de-riqueza
reggaeton-culture,gun-culture
reggaeton-culture,gun-culture-and-heritage
reggaeton-culture,gun-rights-and-heritage
reggaeton-culture,hookup-culture
reggaeton-culture,latin-cultural-identity
reggaeton-culture,latino-pride-and-culture
reggaeton-culture,lealdade-à-gangue
reggaeton-culture,lean-culture
reggaeton-culture,lgbtq-identity-and-acceptance
reggaeton-culture,luxo-e-ostentação
reggaeton-culture,midnight-hookup-culture
reggaeton-culture,multicultural-collaboration
reggaeton-culture,music-and-expression
reggaeton-culture,music-and-singing
reggaeton-culture,music-appreciation
reggaeton-culture,music-as-celebration
reggaeton-culture,music-as-connection
reggaeton-culture,music-as-emotional-connection
reggaeton-culture,music-as-entertainment
reggaeton-culture,music-as-joy
reggaeton-culture,music-as-metaphor
reggaeton-culture,music-as-painful-reminder
reggaeton-culture,music-as-salvation
reggaeton-culture,music-career-success
reggaeton-culture,music-industry-authenticity
reggaeton-culture,music-industry-criticism
reggaeton-culture,music-industry-exploitation
reggaeton-culture,musical-dominance
reggaeton-culture,musical-harmony-as-metaphor
reggaeton-culture,musical-metaphor
reggaeton-culture,nostalgia-for-classic-country
reggaeton-culture,nostalgia-for-country-music
reggaeton-culture,physical-sensation-of-music
reggaeton-culture,puerto-rican-pride
reggaeton-culture,puerto-rican-pride-and-identity
reggaeton-culture,pursuing-a-music-career
reggaeton-culture,queer-identity
reggaeton-culture,rap-beef-and-rivalry
reggaeton-culture,rap-career-and-artistry
reggaeton-culture,rap-collaboration-and-clout
reggaeton-culture,rap-competition
reggaeton-culture,rap-dominance
reggaeton-culture,rap-dominance-and-braggadocio
reggaeton-culture,rap-dominance-and-influence
reggaeton-culture,rap-dominance-and-lyrical-worth
reggaeton-culture,rap-legacy
reggaeton-culture,rap-success-and-wealth
reggaeton-culture,rap-superiority
reggaeton-culture,rap-supremacy
reggaeton-culture,rapper-deaths
reggaeton-culture,rapper-deaths-and-mortality
reggaeton-culture,reggaeton-culture
reggaeton-culture,reggaeton-dancing
reggaeton-culture,reggaeton-dominance
reggaeton-culture,reggaeton-nightlife
reggaeton-culture,reggaeton-party-culture
reggaeton-culture,regional-mexican-music-identity
reggaeton-culture,riqueza-e-ascensão-social
reggaeton-culture,rivalry-and-rap-competition
reggaeton-culture,shared-musical-connection
reggaeton-culture,the-american-west
reggaeton-culture,the-american-west-as-mythic-space
reggaeton-culture,tradition-versus-modernity
reggaeton-culture,tradition-vs-modernity
reggaeton-culture,traditional-values
reggaeton-culture,trap-music-scene-rivalry
reggaeton-culture,tráfico-de-drogas
reggaeton-culture,urban-reggaeton-culture
reggaeton-culture,violência-e-armamento
regret-and-guilt,accountability-and-confrontation
regret-and-guilt,apology-and-guilt
regret-and-guilt,apology-and-regret
regret-and-guilt,blame-and-accountability
regret-and-guilt,blame-shifting
regret-and-guilt,confession-and-guilt
regret-and-guilt,demand-for-accountability
regret-and-guilt,desire-for-accountability
regret-and-guilt,desire-for-forgiveness
regret-and-guilt,disavowal-of-responsibility
regret-and-guilt,dishonesty-and-neglect
regret-and-guilt,flowers-as-apology
regret-and-guilt,foolishness-and-regret
regret-and-guilt,forgiveness
regret-and-guilt,forgiveness-and-divine-justice
regret-and-guilt,forgiveness-and-forgetting
regret-and-guilt,guilt-and-apology
regret-and-guilt,guilt-and-complicity
regret-and-guilt,guilt-and-conscience
regret-and-guilt,guilt-and-forgiveness
regret-and-guilt,guilt-and-infidelity
regret-and-guilt,guilt-and-moral-compromise
regret-and-guilt,guilt-and-moral-conflict
regret-and-guilt,guilt-and-redemption
regret-and-guilt,guilt-and-regret
regret-and-guilt,guilt-and-remorse
regret-and-guilt,guilt-and-secrets
regret-and-guilt,guilt-and-unworthiness
regret-and-guilt,longing-for-forgiveness
regret-and-guilt,longing-for-redemption
regret-and-guilt,manipulation-and-blame
regret-and-guilt,mistakes-and-regret
regret-and-guilt,moving-on-and-forgiveness
regret-and-guilt,moving-on-and-regret
regret-and-guilt,need-for-redemption
regret-and-guilt,neglect-of-responsibility
regret-and-guilt,no-regrets
regret-and-guilt,no-regrets-attitude
regret-and-guilt,parental-guilt-and-apology
regret-and-guilt,personal-growth-and-redemption
regret-and-guilt,personal-recovery
regret-and-guilt,personal-redemption
regret-and-guilt,plea-for-forgiveness
regret-and-guilt,prayer-and-forgiveness
regret-and-guilt,prayer-and-redemption
regret-and-guilt,procrastination-and-regret
regret-and-guilt,redemption-and-damnation
regret-and-guilt,redemption-and-salvation
regret-and-guilt,regret
regret-and-guilt,regret-and-acceptance
regret-and-guilt,regret-and-apology
regret-and-guilt,regret-and-blame
regret-and-guilt,regret-and-guilt
regret-and-guilt,regret-and-hindsight
regret-and-guilt,regret-and-imperfection
regret-and-guilt,regret-and-letting-someone-down
regret-and-guilt,regret-and-loss
regret-and-guilt,regret-and-lost-love
regret-and-guilt,regret-and-missed-timing
regret-and-guilt,regret-and-moving-on
regret-and-guilt,regret-and-reflection
regret-and-guilt,regret-and-remorse
regret-and-guilt,regret-and-retrospection
regret-and-guilt,regret-and-self-blame
regret-and-guilt,regret-and-self-warning
regret-and-guilt,regret-and-sin
regret-and-guilt,regret-and-sorrow
regret-and-guilt,regret-and-unspoken-feelings
regret-and-guilt,regret-and-wasted-effort
regret-and-guilt,regret-and-what-if
regret-and-guilt,regret-over-timing
regret-and-guilt,regret-over-words
regret-and-guilt,rejected-apology
regret-and-guilt,rejection-of-apology
regret-and-guilt,rejection-of-blame
regret-and-guilt,remorse-and-regret
regret-and-guilt,repeated-forgiveness
regret-and-guilt,seeking-forgiveness
regret-and-guilt,self-awareness-and-regret
regret-and-guilt,self-blame
regret-and-guilt,self-blame-and-low-self-worth
regret-and-guilt,self-blame-and-victimhood
regret-and-guilt,self-doubt-and-regret
regret-and-guilt,self-reflection-and-regret
regret-and-guilt,shame-and-regret
regret-and-guilt,sin-and-redemption
regret-and-guilt,sin-and-salvation
regret-and-guilt,sin-and-spirituality
regret-and-guilt,taking-responsibility
regret-and-guilt,unapologetic-apology
relentless-ambition,adrenaline-and-drive
relentless-ambition,aggression-and-toughness
relentless-ambition,ambition-and-achievement
relentless-ambition,ambition-and-aspiration
relentless-ambition,ambition-and-big-dreams
relentless-ambition,ambition-and-dreaming
relentless-ambition,ambition-and-drive
relentless-ambition,ambition-and-growth
relentless-ambition,ambition-and-self-determination
relentless-ambition,ambition-and-success
relentless-ambition,ambition-since-youth
relentless-ambition,ambivalence-and-indecision
relentless-ambition,animalistic-desire
relentless-ambition,aspiration-and-disappointment
relentless-ambition,attraction-to-danger
relentless-ambition,attraction-to-trouble
relentless-ambition,bad-decisions
relentless-ambition,balancing-ambition-and-pleasure
relentless-ambition,being-at-a-crossroads
relentless-ambition,boredom-as-motivation
relentless-ambition,calling-out-fake-toughness
relentless-ambition,career-ambition
relentless-ambition,career-dedication
relentless-ambition,casual-convenience
relentless-ambition,championship-mentality
relentless-ambition,chasing-dreams
relentless-ambition,chasing-fleeting-pleasure
relentless-ambition,chasing-your-dreams
relentless-ambition,constant-hustle
relentless-ambition,criminal-ambition
relentless-ambition,decision-and-crossroads
relentless-ambition,desire-for-success
relentless-ambition,desire-to-slow-down-vs-urgency
relentless-ambition,desires-and-ambitions
relentless-ambition,dominance-and-toughness
relentless-ambition,dreams-and-aspiration
relentless-ambition,drunken-reckless-behavior
relentless-ambition,drunken-recklessness
relentless-ambition,duality-of-ambition
relentless-ambition,emotional-recklessness
relentless-ambition,encouragement
relentless-ambition,excitement-and-nervousness
relentless-ambition,fake-toughness-and-posturing
relentless-ambition,financial-ambition
relentless-ambition,finding-new-purpose
relentless-ambition,fleeting-luck-and-fortune
relentless-ambition,focused-ambition
relentless-ambition,freedom-and-spontaneity
relentless-ambition,generational-fun
relentless-ambition,growing-up-and-changing-priorities
relentless-ambition,hope-and-aspiration
relentless-ambition,hope-and-will-to-live
relentless-ambition,human-nature
relentless-ambition,impulsive-choices
relentless-ambition,impulsive-decisions
relentless-ambition,indecision
relentless-ambition,indecisiveness
relentless-ambition,indecisiveness-and-mixed-signals
relentless-ambition,inner-motivation
relentless-ambition,inner-strength
relentless-ambition,intoxication-and-recklessness
relentless-ambition,joyful-fun
relentless-ambition,life-priorities
relentless-ambition,living-desires-and-ambitions
relentless-ambition,luck-and-optimism
relentless-ambition,luck-and-risk-taking
relentless-ambition,material-ambition
relentless-ambition,meaningful-work
relentless-ambition,never-give-up-mentality
relentless-ambition,nonstop-drive
relentless-ambition,nothing-to-lose-mentality
relentless-ambition,now-or-never-urgency
relentless-ambition,passion-and-purpose
relentless-ambition,passion-for-music
relentless-ambition,patience-and-gentleness
relentless-ambition,patience-and-perseverance
relentless-ambition,patience-and-respect
relentless-ambition,patient-pursuit
relentless-ambition,personal-strength
relentless-ambition,physical-arousal
relentless-ambition,physical-endurance
relentless-ambition,physical-intensity
relentless-ambition,positive-mindset
relentless-ambition,primal-desire
relentless-ambition,primal-instinct
relentless-ambition,pursuing-dreams
relentless-ambition,pursuit-of-dreams
relentless-ambition,pursuit-of-happiness
relentless-ambition,pursuit-of-success
relentless-ambition,readiness-and-ambition
relentless-ambition,reckless-abandon
relentless-ambition,reckless-behavior
relentless-ambition,relentless-ambition
relentless-ambition,relentless-drive
relentless-ambition,relentless-grind
relentless-ambition,risk-taking
relentless-ambition,risk-taking-and-danger
relentless-ambition,risk-taking-and-living-boldly
relentless-ambition,risk-taking-lifestyle
relentless-ambition,rock-and-roll-spirit
relentless-ambition,rule-breaking-ambition
relentless-ambition,ruthless-determination
relentless-ambition,scoring-and-winning
relentless-ambition,search-for-purpose
relentless-ambition,self-focus-and-ambition
relentless-ambition,self-made-ambition
relentless-ambition,self-proclaimed-toughness
relentless-ambition,sex-work
relentless-ambition,singular-purpose
relentless-ambition,skipping-responsibilities-for-pleasure
relentless-ambition,speed-and-thrill-seeking
relentless-ambition,spontaneity-and-chance
relentless-ambition,spontaneity-and-location
relentless-ambition,spontaneous-fun
relentless-ambition,street-credibility-and-toughness
relentless-ambition,street-loyalty-and-toughness
relentless-ambition,street-toughness
relentless-ambition,striving-and-aspiration
relentless-ambition,survival-instinct
relentless-ambition,survival-mentality
relentless-ambition,taking-a-risk
relentless-ambition,taking-risks
relentless-ambition,thrill-of-danger
relentless-ambition,thrill-of-the-moment
relentless-ambition,thrill-seeking
relentless-ambition,time-and-priorities
relentless-ambition,time-pressure-and-urgency
relentless-ambition,toughness-and-dominance
relentless-ambition,unstoppable-ambition
relentless-ambition,unstoppable-drive
relentless-ambition,unwavering-attention
relentless-ambition,unwavering-pursuit
relentless-ambition,urgency
relentless-ambition,urgency-and-anticipation
relentless-ambition,urgency-and-desperation
relentless-ambition,urgency-and-impatience
relentless-ambition,urgency-and-now-or-never
relentless-ambition,urgency-and-pressure
relentless-ambition,urgency-and-pursuit
relentless-ambition,urgency-and-running-out-of-time
relentless-ambition,urgency-and-seizing-the-moment
relentless-ambition,urgency-and-time
relentless-ambition,urgency-and-time-pressure
relentless-ambition,urgency-of-living
relentless-ambition,urgency-of-the-moment
relentless-ambition,urgency-of-the-present
relentless-ambition,urgency-of-time
relentless-ambition,will-to-live
relentless-ambition,winning-mentality
relentless-ambition,work-as-sexual-metaphor
relentless-ambition,youthful-recklessness
resilience-through-hardship,acceptance-of-hardship
resilience-through-hardship,acceptance-of-struggle
resilience-through-hardship,adult-hardship
resilience-through-hardship,adversity-and-struggle
resilience-through-hardship,agricultural-hardship
resilience-through-hardship,comeback-and-resilience
resilience-through-hardship,comeback-resilience
resilience-through-hardship,community-struggle
resilience-through-hardship,daily-survival
resilience-through-hardship,defiance-and-resilience
resilience-through-hardship,embracing-hardship
resilience-through-hardship,everyday-hardship
resilience-through-hardship,everyday-survival
resilience-through-hardship,facing-lifes-hardships
resilience-through-hardship,faith-and-resilience
resilience-through-hardship,forced-strength-and-resilience
resilience-through-hardship,growing-up-and-resilience
resilience-through-hardship,hardship-and-struggle
resilience-through-hardship,hardship-and-survival
resilience-through-hardship,hope-and-perseverance
resilience-through-hardship,hope-and-resilience
resilience-through-hardship,hope-through-hardship
resilience-through-hardship,hopelessness-and-perseverance
resilience-through-hardship,inner-fire-and-resilience
resilience-through-hardship,inner-strength-and-resilience
resilience-through-hardship,life-and-survival
resilience-through-hardship,life-challenges-and-hardship
resilience-through-hardship,living-on-the-edge
resilience-through-hardship,living-without-money
resilience-through-hardship,making-the-best-of-hardship
resilience-through-hardship,overcoming-adversity
resilience-through-hardship,overcoming-hardship
resilience-through-hardship,overcoming-hardship-and-success
resilience-through-hardship,overcoming-obstacles-together
resilience-through-hardship,overcoming-odds-together
resilience-through-hardship,past-struggles-and-hardship
resilience-through-hardship,perseverance
resilience-through-hardship,perseverance-against-odds
resilience-through-hardship,perseverance-and-struggle
resilience-through-hardship,perseverance-despite-hardship
resilience-through-hardship,perseverance-in-faith
resilience-through-hardship,perseverance-through-struggle
resilience-through-hardship,personal-growth-and-resilience
resilience-through-hardship,personal-growth-through-hardship
resilience-through-hardship,personal-struggle
resilience-through-hardship,resilience
resilience-through-hardship,resilience-after-struggle
resilience-through-hardship,resilience-and-carrying-on
resilience-through-hardship,resilience-and-comeback
resilience-through-hardship,resilience-and-comeup
resilience-through-hardship,resilience-and-defiance
resilience-through-hardship,resilience-and-determination
resilience-through-hardship,resilience-and-fearlessness
resilience-through-hardship,resilience-and-hope
resilience-through-hardship,resilience-and-inner-strength
resilience-through-hardship,resilience-and-moving-on
resilience-through-hardship,resilience-and-perseverance
resilience-through-hardship,resilience-and-rebuilding
resilience-through-hardship,resilience-and-recovery
resilience-through-hardship,resilience-and-self-belief
resilience-through-hardship,resilience-and-self-determination
resilience-through-hardship,resilience-and-strength
resilience-through-hardship,resilience-and-survival
resilience-through-hardship,resilience-and-toughness
resilience-through-hardship,resilience-and-transformation
resilience-through-hardship,resilience-in-adversity
resilience-through-hardship,resilience-through-hardship
resilience-through-hardship,resilience-under-pressure
resilience-through-hardship,rising-above-struggle
resilience-through-hardship,self-confidence-and-resilience
resilience-through-hardship,self-worth-and-resilience
resilience-through-hardship,spiritual-resilience
resilience-through-hardship,struggle-and-ambition
resilience-through-hardship,struggle-and-perseverance
resilience-through-hardship,struggle-to-survive
resilience-through-hardship,survival-and-resilience
resilience-through-hardship,surviving-without-thriving
resilience-through-hardship,turning-adversity-into-strength
resilience-through-hardship,universal-struggle
resilience-through-hardship,weathering-hardship
rivalry-and-superiority,beef-and-rivalry
rivalry-and-superiority,braggadocio-and-rivalry
rivalry-and-superiority,comparison-to-an-idealized-rival
rivalry-and-superiority,competition-and-self-doubt
rivalry-and-superiority,competitive-dominance
rivalry-and-superiority,competitive-tension
rivalry-and-superiority,confidence-and-competition
rivalry-and-superiority,confronting-challengers
rivalry-and-superiority,cross-state-rivalry
rivalry-and-superiority,dismissing-fake-competition
rivalry-and-superiority,dismissing-rivals
rivalry-and-superiority,dismissiveness-toward-rivals
rivalry-and-superiority,dominance-and-rivalry
rivalry-and-superiority,dominance-and-victory
rivalry-and-superiority,dominance-over-rivals
rivalry-and-superiority,envy-and-rivalry
rivalry-and-superiority,female-dominance-and-rivalry
rivalry-and-superiority,female-rivalry
rivalry-and-superiority,female-rivalry-and-clout
rivalry-and-superiority,haters-and-rivalry
rivalry-and-superiority,jealousy-and-rivalry
rivalry-and-superiority,jealousy-toward-rival
rivalry-and-superiority,male-rivalry
rivalry-and-superiority,outshining-others
rivalry-and-superiority,refusing-to-be-second
rivalry-and-superiority,refusing-to-compete-over-a-man
rivalry-and-superiority,rising-above-opposition
rivalry-and-superiority,rising-above-oppression
rivalry-and-superiority,rivalry-and-beef
rivalry-and-superiority,rivalry-and-braggadocio
rivalry-and-superiority,rivalry-and-bravado
rivalry-and-superiority,rivalry-and-clout
rivalry-and-superiority,rivalry-and-competition
rivalry-and-superiority,rivalry-and-conflict
rivalry-and-superiority,rivalry-and-confrontation
rivalry-and-superiority,rivalry-and-dismissal
rivalry-and-superiority,rivalry-and-dismissal-of-haters
rivalry-and-superiority,rivalry-and-disrespect
rivalry-and-superiority,rivalry-and-diss
rivalry-and-superiority,rivalry-and-dominance
rivalry-and-superiority,rivalry-and-enemies
rivalry-and-superiority,rivalry-and-envy
rivalry-and-superiority,rivalry-and-haters
rivalry-and-superiority,rivalry-and-imitation
rivalry-and-superiority,rivalry-and-intimidation
rivalry-and-superiority,rivalry-and-loyalty
rivalry-and-superiority,rivalry-and-opposition
rivalry-and-superiority,rivalry-and-superiority
rivalry-and-superiority,rivalry-and-trash-talk
rivalry-and-superiority,rivalry-over-a-woman
rivalry-and-superiority,rivalry-with-a-partner
rivalry-and-superiority,rivalry-with-another-man
rivalry-and-superiority,rivalry-with-new-partner
rivalry-and-superiority,rivalry-with-other-women
rivalry-and-superiority,romantic-rivalry
rivalry-and-superiority,sexual-rivalry
rivalry-and-superiority,street-rivalry
rivalry-and-superiority,superiority-and-rivalry
rivalry-and-superiority,superiority-over-rivals
rivalry-and-superiority,territorial-dominance
rivalry-and-superiority,territorial-rivalry
rivalry-and-superiority,underdog-rising
rivalry-and-superiority,underdog-to-success
rivalry-and-superiority,warning-to-rivals
romantic-pursuit,all-night-intimacy
romantic-pursuit,all-night-lovemaking
romantic-pursuit,carefree-togetherness
romantic-pursuit,celebrating-a-lover
romantic-pursuit,celebration-of-relationship
romantic-pursuit,certainty-in-love
romantic-pursuit,certainty-of-true-love
romantic-pursuit,chance-romantic-encounter
romantic-pursuit,cherishing-loved-ones
romantic-pursuit,companionship-invitation
romantic-pursuit,couple-confidence
romantic-pursuit,dark-romance
romantic-pursuit,deep-romantic-connection
romantic-pursuit,destined-love
romantic-pursuit,divine-or-fated-love
romantic-pursuit,dreaming-of-a-lover
romantic-pursuit,dreaming-of-romance
romantic-pursuit,everyday-romance
romantic-pursuit,finding-love
romantic-pursuit,finding-the-one
romantic-pursuit,finding-the-right-person
romantic-pursuit,forbidden-love
romantic-pursuit,forbidden-romance
romantic-pursuit,fragile-new-romance
romantic-pursuit,friendship-after-romance
romantic-pursuit,friendship-turning-romantic
romantic-pursuit,friendship-turning-to-romance
romantic-pursuit,hidden-romance
romantic-pursuit,holiday-romance
romantic-pursuit,hope-for-future-love
romantic-pursuit,hope-for-lasting-love
romantic-pursuit,hope-for-love
romantic-pursuit,hope-for-new-love
romantic-pursuit,imperfect-romance
romantic-pursuit,intimacy-and-doubt
romantic-pursuit,intimate-escape
romantic-pursuit,intimate-exploration
romantic-pursuit,kissing-and-sensuality
romantic-pursuit,kissing-as-central-act
romantic-pursuit,late-night-intimacy
romantic-pursuit,late-night-romance
romantic-pursuit,lavish-romantic-gestures
romantic-pursuit,long-time-friendship-turning-romantic
romantic-pursuit,lost-romance
romantic-pursuit,making-someone-feel-special
romantic-pursuit,missed-romantic-opportunity
romantic-pursuit,mutual-affection
romantic-pursuit,new-beginning-in-love
romantic-pursuit,new-love
romantic-pursuit,new-love-and-connection
romantic-pursuit,new-love-awakening
romantic-pursuit,new-love-interest
romantic-pursuit,new-relationship
romantic-pursuit,new-relationship-and-falling-in-love
romantic-pursuit,new-relationship-potential
romantic-pursuit,new-romance
romantic-pursuit,new-romantic-interest
romantic-pursuit,new-romantic-prospects
romantic-pursuit,new-romantic-relationship
romantic-pursuit,newly-single
romantic-pursuit,nighttime-romance
romantic-pursuit,obvious-romantic-choice
romantic-pursuit,ordinary-romance
romantic-pursuit,outdoor-romance
romantic-pursuit,outlaw-romance
romantic-pursuit,overnight-intimacy
romantic-pursuit,passion-over-romance
romantic-pursuit,physical-affection
romantic-pursuit,pleading-for-love
romantic-pursuit,private-romantic-encounter
romantic-pursuit,public-display-of-affection
romantic-pursuit,pursuing-love
romantic-pursuit,pursuit-of-romance
romantic-pursuit,recycled-romance
romantic-pursuit,romance-and-kissing
romantic-pursuit,romance-and-nighttime-adventure
romantic-pursuit,romantic-adventure
romantic-pursuit,romantic-ambition
romantic-pursuit,romantic-attraction
romantic-pursuit,romantic-challenge
romantic-pursuit,romantic-confidence
romantic-pursuit,romantic-conflict
romantic-pursuit,romantic-connection
romantic-pursuit,romantic-daydreaming
romantic-pursuit,romantic-destiny
romantic-pursuit,romantic-discovery
romantic-pursuit,romantic-doubt-and-trust
romantic-pursuit,romantic-entanglement
romantic-pursuit,romantic-failure
romantic-pursuit,romantic-fantasy
romantic-pursuit,romantic-first-encounter
romantic-pursuit,romantic-frustration
romantic-pursuit,romantic-gestures
romantic-pursuit,romantic-heartbreak
romantic-pursuit,romantic-imagery
romantic-pursuit,romantic-indecisiveness
romantic-pursuit,romantic-invitation
romantic-pursuit,romantic-loss
romantic-pursuit,romantic-love
romantic-pursuit,romantic-pursuit
romantic-pursuit,romantic-rediscovery
romantic-pursuit,romantic-skepticism
romantic-pursuit,romantic-struggle
romantic-pursuit,romantic-tension
romantic-pursuit,romantic-togetherness
romantic-pursuit,romantic-transience
romantic-pursuit,romantic-uncertainty
romantic-pursuit,romantic-unreadiness
romantic-pursuit,search-for-identity
romantic-pursuit,searching-for-love
romantic-pursuit,searching-for-someone
romantic-pursuit,secret-affair
romantic-pursuit,secret-emotional-affair
romantic-pursuit,secret-relationship
romantic-pursuit,secret-romance
romantic-pursuit,self-doubt-in-love
romantic-pursuit,serial-dating
romantic-pursuit,serial-romance
romantic-pursuit,shared-intimacy
romantic-pursuit,shared-romantic-experience
romantic-pursuit,skipping-romance-for-raw-connection
romantic-pursuit,soulmate-destiny
romantic-pursuit,soulmate-feeling
romantic-pursuit,summer-romance
romantic-pursuit,tender-affection
romantic-pursuit,uncertainty-about-soulmate
romantic-pursuit,unconventional-love
romantic-pursuit,unconventional-love-interest
romantic-pursuit,unfulfilled-romantic-destiny
romantic-pursuit,unfulfilled-search-for-love
romantic-pursuit,urban-romance
romantic-pursuit,vivid-romantic-flashback
romantic-pursuit,waiting-for-love
romantic-pursuit,whirlwind-romance
romantic-pursuit,working-class-romance
romantic-pursuit,youthful-romance
romantic-pursuit,youthful-summer-romance
secrecy-and-paranoia,anti-law-enforcement
secrecy-and-paranoia,anti-police-sentiment
secrecy-and-paranoia,armed-lifestyle
secrecy-and-paranoia,armed-protection
secrecy-and-paranoia,armed-readiness
secrecy-and-paranoia,armed-self-protection
secrecy-and-paranoia,avoiding-law-enforcement
secrecy-and-paranoia,avoiding-police
secrecy-and-paranoia,awkward-unexpected-encounter
secrecy-and-paranoia,bad-reputation
secrecy-and-paranoia,battle-readiness
secrecy-and-paranoia,being-replaced
secrecy-and-paranoia,being-stood-up
secrecy-and-paranoia,being-taken-advantage-of
secrecy-and-paranoia,being-targeted-or-watched
secrecy-and-paranoia,being-used
secrecy-and-paranoia,being-watched
secrecy-and-paranoia,betrayal-and-replacement
secrecy-and-paranoia,calling-out-a-cheater
secrecy-and-paranoia,calling-out-a-player
secrecy-and-paranoia,calling-out-fake-beef
secrecy-and-paranoia,calling-out-fake-opponents
secrecy-and-paranoia,calling-out-fake-people
secrecy-and-paranoia,calling-out-fake-women
secrecy-and-paranoia,calling-out-fakers
secrecy-and-paranoia,chance-encounter
secrecy-and-paranoia,community-reputation
secrecy-and-paranoia,concealment-and-identity
secrecy-and-paranoia,consequences-and-risk
secrecy-and-paranoia,criminal-lifestyle
secrecy-and-paranoia,criminal-past-and-present
secrecy-and-paranoia,criminal-secrecy
secrecy-and-paranoia,cutting-off-an-ex
secrecy-and-paranoia,cutting-off-fake-people
secrecy-and-paranoia,cutting-off-toxic-people
secrecy-and-paranoia,cutting-someone-off
secrecy-and-paranoia,damaged-reputation
secrecy-and-paranoia,danger-and-consequence
secrecy-and-paranoia,dangerous-company
secrecy-and-paranoia,desperate-pursuit
secrecy-and-paranoia,discretion-and-secrecy
secrecy-and-paranoia,dismissing-conversation
secrecy-and-paranoia,dismissing-fake-people
secrecy-and-paranoia,dismissing-manipulation
secrecy-and-paranoia,distrust-and-secrecy
secrecy-and-paranoia,emotional-exploitation
secrecy-and-paranoia,emotional-manipulation
secrecy-and-paranoia,emotional-refuge
secrecy-and-paranoia,emotional-self-protection
secrecy-and-paranoia,enemies-and-opposition
secrecy-and-paranoia,enemies-and-reputation
secrecy-and-paranoia,enemies-and-threats
secrecy-and-paranoia,enemies-wishing-harm
secrecy-and-paranoia,enemy-threats
secrecy-and-paranoia,escalation-to-murder
secrecy-and-paranoia,evading-law-enforcement
secrecy-and-paranoia,exploitation-and-colonization
secrecy-and-paranoia,exploitation-and-cost
secrecy-and-paranoia,exploitation-and-using-others
secrecy-and-paranoia,extortion-and-power
secrecy-and-paranoia,extortion-and-robbery
secrecy-and-paranoia,fake-beef-and-attention-seeking
secrecy-and-paranoia,female-manipulation-through-sex
secrecy-and-paranoia,financial-exploitation
secrecy-and-paranoia,financial-secrecy
secrecy-and-paranoia,goat-debate
secrecy-and-paranoia,gossip-and-reputation
secrecy-and-paranoia,hidden-danger
secrecy-and-paranoia,imprisonment
secrecy-and-paranoia,incarceration
secrecy-and-paranoia,incarceration-and-legal-struggle
secrecy-and-paranoia,isolation-and-concealment
secrecy-and-paranoia,jealousy-and-replacement
secrecy-and-paranoia,karma
secrecy-and-paranoia,karma-and-consequences
secrecy-and-paranoia,karma-and-fate
secrecy-and-paranoia,karma-and-justice
secrecy-and-paranoia,karma-and-poetic-justice
secrecy-and-paranoia,karma-as-justice
secrecy-and-paranoia,lack-of-privacy
secrecy-and-paranoia,law-enforcement-pressure
secrecy-and-paranoia,legal-trouble
secrecy-and-paranoia,legal-trouble-and-incarceration
secrecy-and-paranoia,legal-trouble-and-law-enforcement
secrecy-and-paranoia,legal-troubles
secrecy-and-paranoia,longing-for-protection
secrecy-and-paranoia,longing-for-safety
secrecy-and-paranoia,longing-for-safety-and-rest
secrecy-and-paranoia,loyalty-and-incarceration
secrecy-and-paranoia,loyalty-to-incarcerated-friends
secrecy-and-paranoia,magical-rescue
secrecy-and-paranoia,male-manipulation
secrecy-and-paranoia,male-pursuit
secrecy-and-paranoia,manipulation
secrecy-and-paranoia,manipulation-and-games
secrecy-and-paranoia,manipulation-and-power
secrecy-and-paranoia,manipulation-and-seduction
secrecy-and-paranoia,media-and-blog-fakery
secrecy-and-paranoia,media-and-public-image
secrecy-and-paranoia,media-criticism
secrecy-and-paranoia,media-distrust
secrecy-and-paranoia,media-fakeness
secrecy-and-paranoia,media-gossip
secrecy-and-paranoia,military-deployment
secrecy-and-paranoia,mutual-escalation
secrecy-and-paranoia,mutual-protection
secrecy-and-paranoia,mutual-rescue
secrecy-and-paranoia,narcissism-and-predatory-behavior
secrecy-and-paranoia,obsession-with-weapons
secrecy-and-paranoia,obsessive-social-media-stalking
secrecy-and-paranoia,ocean-wildlife
secrecy-and-paranoia,online-harassment
secrecy-and-paranoia,overcoming-manipulation
secrecy-and-paranoia,paranoia-and-surveillance
secrecy-and-paranoia,police-arrest
secrecy-and-paranoia,police-brutality
secrecy-and-paranoia,police-scrutiny
secrecy-and-paranoia,power-and-manipulation
secrecy-and-paranoia,predator-and-prey
secrecy-and-paranoia,predatory-behavior
secrecy-and-paranoia,predatory-behavior-accusations
secrecy-and-paranoia,predatory-confidence
secrecy-and-paranoia,predatory-hunting
secrecy-and-paranoia,predatory-threat
secrecy-and-paranoia,privacy-and-exposure
secrecy-and-paranoia,privacy-and-outside-interference
secrecy-and-paranoia,privacy-and-public-scrutiny
secrecy-and-paranoia,privacy-and-secrecy
secrecy-and-paranoia,private-retreat
secrecy-and-paranoia,protection-and-safety
secrecy-and-paranoia,protection-and-security
secrecy-and-paranoia,protection-of-loved-one
secrecy-and-paranoia,protection-through-love
secrecy-and-paranoia,protective-love
secrecy-and-paranoia,protective-relationship
secrecy-and-paranoia,provocation-and-shock
secrecy-and-paranoia,public-scrutiny
secrecy-and-paranoia,public-scrutiny-and-media-pressure
secrecy-and-paranoia,pursuit-and-retaliation
secrecy-and-paranoia,pursuit-of-a-woman
secrecy-and-paranoia,questioning-karma-and-fairness
secrecy-and-paranoia,racial-tension-and-policing
secrecy-and-paranoia,reassurance-and-protection
secrecy-and-paranoia,rejecting-fake-people
secrecy-and-paranoia,rejecting-social-media
secrecy-and-paranoia,relief-and-safety
secrecy-and-paranoia,reputation-and-gossip
secrecy-and-paranoia,reputation-and-rumors
secrecy-and-paranoia,reputation-and-social-life
secrecy-and-paranoia,reputation-at-stake
secrecy-and-paranoia,reputation-damage
secrecy-and-paranoia,rescue-and-protection
secrecy-and-paranoia,robbery-and-crime
secrecy-and-paranoia,rumor-and-gossip
secrecy-and-paranoia,rumor-and-reputation
secrecy-and-paranoia,ruthless-reputation
secrecy-and-paranoia,safety-and-security
secrecy-and-paranoia,scandal-and-drama
secrecy-and-paranoia,scandal-and-shame
secrecy-and-paranoia,secrecy-and-deception
secrecy-and-paranoia,secrecy-and-discretion
secrecy-and-paranoia,secrecy-and-double-standards
secrecy-and-paranoia,secrecy-and-loyalty
secrecy-and-paranoia,secrecy-and-mystery
secrecy-and-paranoia,secrecy-and-paranoia
secrecy-and-paranoia,secrecy-and-scandal
secrecy-and-paranoia,secret-keeping-and-discretion
secrecy-and-paranoia,seduction-pursuit
secrecy-and-paranoia,seeking-comfort-and-safety
secrecy-and-paranoia,seeking-refuge
secrecy-and-paranoia,self-preservation
secrecy-and-paranoia,self-protection
secrecy-and-paranoia,self-protection-and-detachment
secrecy-and-paranoia,sexual-exploitation
secrecy-and-paranoia,sexual-pursuit
secrecy-and-paranoia,shock-humor-provocation
secrecy-and-paranoia,small-town-gossip
secrecy-and-paranoia,small-town-gossip-and-community
secrecy-and-paranoia,social-media-addiction
secrecy-and-paranoia,social-media-and-artificiality
secrecy-and-paranoia,social-media-and-public-opinion
secrecy-and-paranoia,social-media-commentary
secrecy-and-paranoia,social-media-criticism
secrecy-and-paranoia,social-media-culture
secrecy-and-paranoia,social-media-drama
secrecy-and-paranoia,social-media-flexing
secrecy-and-paranoia,social-media-obsession
secrecy-and-paranoia,social-media-rejection
secrecy-and-paranoia,social-media-stalking
secrecy-and-paranoia,spiritual-warfare
secrecy-and-paranoia,stalking-and-hunting-enemies
secrecy-and-paranoia,street-reputation
secrecy-and-paranoia,street-secrecy
secrecy-and-paranoia,surveillance-and-scrutiny
secrecy-and-paranoia,threat-and-danger
secrecy-and-paranoia,threat-and-power
secrecy-and-paranoia,threatening-opponents
secrecy-and-paranoia,threatening-power
secrecy-and-paranoia,threatening-rivals
secrecy-and-paranoia,threats-and-bravado
secrecy-and-paranoia,turning-rumor-into-reality
secrecy-and-paranoia,unexpected-encounter
secrecy-and-paranoia,unexpected-pregnancy
secrecy-and-paranoia,uninvited-pursuit
secrecy-and-paranoia,unsolicited-advice
secrecy-and-paranoia,unwanted-advances
secrecy-and-paranoia,unwanted-contact
secrecy-and-paranoia,unwanted-pursuit
secrecy-and-paranoia,verbal-weaponry
secrecy-and-paranoia,vigilante-justice
secrecy-and-paranoia,warning-and-consequences
secrecy-and-paranoia,warning-and-deterrence
secrecy-and-paranoia,wealth-and-criminal-success
secrecy-and-paranoia,weapons
secrecy-and-paranoia,weapons-and-firepower
secrecy-and-paranoia,weapons-and-toughness
secrecy-and-paranoia,weapons-obsession
self-worth-and-insecurity,confidence-and-self-worth
self-worth-and-insecurity,emotional-immaturity-vs-self-awareness
self-worth-and-insecurity,emotional-self-awareness
self-worth-and-insecurity,guilt-and-self-awareness
self-worth-and-insecurity,hope-versus-doubt
self-worth-and-insecurity,insecurity-and-self-doubt
self-worth-and-insecurity,low-self-worth
self-worth-and-insecurity,marriage-and-self-deprecation
self-worth-and-insecurity,naivety-and-self-reproach
self-worth-and-insecurity,narcissism-and-heartlessness
self-worth-and-insecurity,narcissism-and-self-deception
self-worth-and-insecurity,narcissism-and-selfishness
self-worth-and-insecurity,narcissism-and-vanity
self-worth-and-insecurity,overcoming-doubt
self-worth-and-insecurity,overcoming-doubt-and-adversity
self-worth-and-insecurity,overcoming-self-doubt
self-worth-and-insecurity,reclaiming-self-worth
self-worth-and-insecurity,rediscovering-lost-parts-of-self
self-worth-and-insecurity,religious-self-deprecation
self-worth-and-insecurity,self-acceptance
self-worth-and-insecurity,self-achievement
self-worth-and-insecurity,self-admiration
self-worth-and-insecurity,self-assertion
self-worth-and-insecurity,self-awareness
self-worth-and-insecurity,self-awareness-and-doubt
self-worth-and-insecurity,self-awareness-and-growth
self-worth-and-insecurity,self-awareness-and-shame
self-worth-and-insecurity,self-awareness-and-vulnerability
self-worth-and-insecurity,self-awareness-despite-weakness
self-worth-and-insecurity,self-awareness-in-conflict
self-worth-and-insecurity,self-awareness-of-bad-behavior
self-worth-and-insecurity,self-awareness-of-bad-choices
self-worth-and-insecurity,self-awareness-of-toxicity
self-worth-and-insecurity,self-awareness-of-wrongdoing
self-worth-and-insecurity,self-awareness-too-late
self-worth-and-insecurity,self-awareness-vs-irrationality
self-worth-and-insecurity,self-awareness-without-change
self-worth-and-insecurity,self-belief
self-worth-and-insecurity,self-care
self-worth-and-insecurity,self-celebration
self-worth-and-insecurity,self-delusion
self-worth-and-insecurity,self-deprecation
self-worth-and-insecurity,self-destructive-behavior
self-worth-and-insecurity,self-destructive-desire
self-worth-and-insecurity,self-destructive-habits
self-worth-and-insecurity,self-destructive-lifestyle
self-worth-and-insecurity,self-destructive-tendencies
self-worth-and-insecurity,self-discovery
self-worth-and-insecurity,self-doubt
self-worth-and-insecurity,self-doubt-and-disorientation
self-worth-and-insecurity,self-doubt-and-fear
self-worth-and-insecurity,self-doubt-and-hesitation
self-worth-and-insecurity,self-doubt-and-inadequacy
self-worth-and-insecurity,self-doubt-and-insecurity
self-worth-and-insecurity,self-doubt-and-introspection
self-worth-and-insecurity,self-doubt-and-judgment
self-worth-and-insecurity,self-empowerment
self-worth-and-insecurity,self-expression
self-worth-and-insecurity,self-improvement
self-worth-and-insecurity,self-inadequacy
self-worth-and-insecurity,self-justification
self-worth-and-insecurity,self-love
self-worth-and-insecurity,self-love-and-self-discovery
self-worth-and-insecurity,self-rediscovery
self-worth-and-insecurity,self-reflection
self-worth-and-insecurity,self-reflection-and-doubt
self-worth-and-insecurity,self-reflection-on-past
self-worth-and-insecurity,self-worth
self-worth-and-insecurity,self-worth-and-boundaries
self-worth-and-insecurity,self-worth-and-confidence
self-worth-and-insecurity,self-worth-and-indifference
self-worth-and-insecurity,self-worth-and-insecurity
self-worth-and-insecurity,self-worth-and-loss
self-worth-and-insecurity,self-worth-and-moving-on
self-worth-and-insecurity,self-worth-and-pride
self-worth-and-insecurity,self-worth-and-reassurance
self-worth-and-insecurity,self-worth-and-regret
self-worth-and-insecurity,self-worth-and-speaking-up
self-worth-and-insecurity,self-worth-and-standards
self-worth-and-insecurity,self-worth-despite-mediocrity
self-worth-and-insecurity,self-worth-discovery
self-worth-and-insecurity,self-worth-struggles
self-worth-and-insecurity,self-worth-tied-to-usefulness
self-worth-and-insecurity,shame-and-self-acceptance
self-worth-and-insecurity,therapy-and-self-reflection
self-worth-and-insecurity,truth-and-self-awareness
small-town-roots-and-identity,atlanta-street-culture
small-town-roots-and-identity,atlanta-street-pride
small-town-roots-and-identity,city-pride
small-town-roots-and-identity,compton-and-local-pride
small-town-roots-and-identity,country-lifestyle
small-town-roots-and-identity,country-outdoor-lifestyle
small-town-roots-and-identity,country-roots-and-pride
small-town-roots-and-identity,escaping-small-town-life
small-town-roots-and-identity,hometown-loyalty
small-town-roots-and-identity,hometown-pride
small-town-roots-and-identity,hometown-roots
small-town-roots-and-identity,hometown-vs-big-city
small-town-roots-and-identity,houston-pride
small-town-roots-and-identity,identity-and-place
small-town-roots-and-identity,loyalty-to-hometown
small-town-roots-and-identity,loyalty-to-place
small-town-roots-and-identity,neighborhood-identity
small-town-roots-and-identity,new-york-city-life
small-town-roots-and-identity,new-york-identity
small-town-roots-and-identity,new-york-pride
small-town-roots-and-identity,place-and-memory
small-town-roots-and-identity,place-as-identity
small-town-roots-and-identity,regional-identity
small-town-roots-and-identity,regional-lifestyle
small-town-roots-and-identity,regional-pride
small-town-roots-and-identity,rural-country-life
small-town-roots-and-identity,rural-country-lifestyle
small-town-roots-and-identity,rural-escape
small-town-roots-and-identity,rural-lifestyle
small-town-roots-and-identity,rural-setting
small-town-roots-and-identity,rural-southern-identity
small-town-roots-and-identity,rural-southern-setting
small-town-roots-and-identity,rural-upbringing
small-town-roots-and-identity,rural-vs-urban
small-town-roots-and-identity,rural-vs-urban-divide
small-town-roots-and-identity,rural-working-class-life
small-town-roots-and-identity,sense-of-place
small-town-roots-and-identity,small-town-americana
small-town-roots-and-identity,small-town-escape
small-town-roots-and-identity,small-town-heartbreaker
small-town-roots-and-identity,small-town-identity
small-town-roots-and-identity,small-town-life
small-town-roots-and-identity,small-town-pride
small-town-roots-and-identity,small-town-romance
small-town-roots-and-identity,small-town-roots
small-town-roots-and-identity,small-town-roots-and-identity
small-town-roots-and-identity,small-town-setting
small-town-roots-and-identity,southern-identity
small-town-roots-and-identity,southern-identity-and-roots
small-town-roots-and-identity,southern-lifestyle
small-town-roots-and-identity,southern-pride
small-town-roots-and-identity,southern-upbringing
small-town-roots-and-identity,toronto-pride
small-town-roots-and-identity,urban-roots
street-loyalty-and-danger,calling-out-fake-gangsters
street-loyalty-and-danger,choosing-street-success-over-education
street-loyalty-and-danger,escaping-the-trap-lifestyle
street-loyalty-and-danger,gang-affiliation
street-loyalty-and-danger,gang-affiliation-and-street-credibility
street-loyalty-and-danger,gang-loyalty
street-loyalty-and-danger,gang-loyalty-and-threats
street-loyalty-and-danger,gang-violence
street-loyalty-and-danger,gang-violence-and-rivalry
street-loyalty-and-danger,gangster-imagery
street-loyalty-and-danger,hood-dominance
street-loyalty-and-danger,hood-lifestyle-and-authenticity
street-loyalty-and-danger,hood-origins
street-loyalty-and-danger,hood-origins-and-identity
street-loyalty-and-danger,informant-betrayal
street-loyalty-and-danger,loyalty-and-gang-life
street-loyalty-and-danger,loyalty-and-snitching
street-loyalty-and-danger,loyalty-and-street-code
street-loyalty-and-danger,loyalty-and-street-life
street-loyalty-and-danger,menacing-attitude
street-loyalty-and-danger,no-gang-affiliation
street-loyalty-and-danger,paranoia-and-enemies
street-loyalty-and-danger,paranoia-and-powerlessness
street-loyalty-and-danger,paranoia-and-street-awareness
street-loyalty-and-danger,paranoia-and-street-survival
street-loyalty-and-danger,paranoia-and-survival-mentality
street-loyalty-and-danger,security-and-street-danger
street-loyalty-and-danger,self-preservation-and-paranoia
street-loyalty-and-danger,snitching-and-street-code
street-loyalty-and-danger,street-and-trap-culture
street-loyalty-and-danger,street-authenticity
street-loyalty-and-danger,street-awareness
street-loyalty-and-danger,street-awareness-and-self-protection
street-loyalty-and-danger,street-code-and-authenticity
street-loyalty-and-danger,street-code-and-game
street-loyalty-and-danger,street-come-up
street-loyalty-and-danger,street-credibility
street-loyalty-and-danger,street-credibility-and-reputation
street-loyalty-and-danger,street-culture
street-loyalty-and-danger,street-culture-and-swagger
street-loyalty-and-danger,street-culture-references
street-loyalty-and-danger,street-danger
street-loyalty-and-danger,street-danger-and-protection
street-loyalty-and-danger,street-danger-and-survival
street-loyalty-and-danger,street-dominance
street-loyalty-and-danger,street-gang-attitude
street-loyalty-and-danger,street-gang-loyalty
street-loyalty-and-danger,street-hardship-and-survival
street-loyalty-and-danger,street-identity
street-loyalty-and-danger,street-identity-and-loyalty
street-loyalty-and-danger,street-life
street-loyalty-and-danger,street-life-and-career-sacrifice
street-loyalty-and-danger,street-life-and-crime
street-loyalty-and-danger,street-life-and-criminality
street-loyalty-and-danger,street-life-and-drug-trade
street-loyalty-and-danger,street-life-and-gang-culture
street-loyalty-and-danger,street-life-and-hood-loyalty
street-loyalty-and-danger,street-life-and-loyalty
street-loyalty-and-danger,street-life-and-trap
street-loyalty-and-danger,street-life-and-trapping
street-loyalty-and-danger,street-life-hardship
street-loyalty-and-danger,street-life-survival
street-loyalty-and-danger,street-lifestyle
street-loyalty-and-danger,street-loyalty
street-loyalty-and-danger,street-loyalty-and-betrayal
street-loyalty-and-danger,street-loyalty-and-code
street-loyalty-and-danger,street-loyalty-and-crew
street-loyalty-and-danger,street-loyalty-and-danger
street-loyalty-and-danger,street-loyalty-and-distrust
street-loyalty-and-danger,street-loyalty-and-gang-identity
street-loyalty-and-danger,street-loyalty-and-integrity
street-loyalty-and-danger,street-loyalty-and-loss
street-loyalty-and-danger,street-loyalty-and-protection
street-loyalty-and-danger,street-loyalty-and-respect
street-loyalty-and-danger,street-loyalty-and-solidarity
street-loyalty-and-danger,street-loyalty-and-violence
street-loyalty-and-danger,street-origins
street-loyalty-and-danger,street-origins-and-come-up
street-loyalty-and-danger,street-origins-and-hardship
street-loyalty-and-danger,street-origins-and-loyalty
street-loyalty-and-danger,street-origins-and-poverty
street-loyalty-and-danger,street-origins-and-struggle
street-loyalty-and-danger,street-origins-to-success
street-loyalty-and-danger,street-paranoia
street-loyalty-and-danger,street-paranoia-and-snitching
street-loyalty-and-danger,street-savvy-and-self-preservation
street-loyalty-and-danger,street-smarts-and-survival
street-loyalty-and-danger,street-survival
street-loyalty-and-danger,street-survival-and-paranoia
street-loyalty-and-danger,street-to-success
street-loyalty-and-danger,trap-culture-nostalgia
street-loyalty-and-danger,trap-life
street-loyalty-and-danger,trap-lifestyle
street-loyalty-and-danger,untouchability-and-street-credibility
street-loyalty-and-danger,urban-danger
street-loyalty-and-danger,urban-street-lifestyle
street-loyalty-and-danger,weapons-and-street-code
wealth-and-luxury,carefree-spending
wealth-and-luxury,cash-and-nightlife
wealth-and-luxury,cash-and-no-credit
wealth-and-luxury,cash-only-mentality
wealth-and-luxury,conspicuous-spending
wealth-and-luxury,contentment-over-material-wealth
wealth-and-luxury,contentment-with-modest-lifestyle
wealth-and-luxury,demanding-financial-standards
wealth-and-luxury,designer-fashion-and-jewelry
wealth-and-luxury,devotion-and-generosity
wealth-and-luxury,diamond-jewelry
wealth-and-luxury,diamonds-and-jewelry
wealth-and-luxury,economic-inequality
wealth-and-luxury,exotic-cars
wealth-and-luxury,fashion-and-luxury
wealth-and-luxury,fashion-and-status
wealth-and-luxury,female-attraction-to-wealth
wealth-and-luxury,financial-demands
wealth-and-luxury,financial-discipline
wealth-and-luxury,financial-dominance
wealth-and-luxury,financial-independence
wealth-and-luxury,financial-provision
wealth-and-luxury,financial-stress
wealth-and-luxury,financial-struggle
wealth-and-luxury,financial-success
wealth-and-luxury,flaunting-money
wealth-and-luxury,flaunting-wealth
wealth-and-luxury,flaunting-wealth-and-lifestyle
wealth-and-luxury,generosity-and-providing
wealth-and-luxury,generosity-and-spending
wealth-and-luxury,generosity-in-love
wealth-and-luxury,gift-giving-and-care
wealth-and-luxury,gift-giving-and-romance
wealth-and-luxury,gifting-and-material-rewards
wealth-and-luxury,gifting-and-spending
wealth-and-luxury,gold-digging
wealth-and-luxury,jewelry-and-bling
wealth-and-luxury,jewelry-and-diamonds
wealth-and-luxury,jewelry-and-fashion
wealth-and-luxury,jewelry-and-wealth
wealth-and-luxury,lavish-gift-giving
wealth-and-luxury,lavish-gifting
wealth-and-luxury,lavish-gifts
wealth-and-luxury,lavish-gifts-and-promises
wealth-and-luxury,lavish-lifestyle
wealth-and-luxury,lavish-lifestyle-and-travel
wealth-and-luxury,lavish-spending
wealth-and-luxury,lavish-spending-on-partner
wealth-and-luxury,love-over-material-wealth
wealth-and-luxury,luxury-and-comfort
wealth-and-luxury,luxury-and-designer-goods
wealth-and-luxury,luxury-and-designer-lifestyle
wealth-and-luxury,luxury-and-fashion
wealth-and-luxury,luxury-and-lavish-lifestyle
wealth-and-luxury,luxury-and-lifestyle
wealth-and-luxury,luxury-and-materialism
wealth-and-luxury,luxury-and-status
wealth-and-luxury,luxury-and-wealth
wealth-and-luxury,luxury-and-wealth-display
wealth-and-luxury,luxury-brand-obsession
wealth-and-luxury,luxury-cars
wealth-and-luxury,luxury-cars-and-lifestyle
wealth-and-luxury,luxury-cars-and-speed
wealth-and-luxury,luxury-fashion
wealth-and-luxury,luxury-fashion-and-lifestyle
wealth-and-luxury,luxury-jewelry
wealth-and-luxury,luxury-jewelry-and-watches
wealth-and-luxury,luxury-lifestyle
wealth-and-luxury,luxury-spending
wealth-and-luxury,luxury-vehicles
wealth-and-luxury,luxury-watches
wealth-and-luxury,material-generosity
wealth-and-luxury,material-generosity-and-ingratitude
wealth-and-luxury,material-gifts-and-luxury
wealth-and-luxury,material-lifestyle
wealth-and-luxury,material-success-vs-emotional-emptiness
wealth-and-luxury,material-vs-spiritual-wealth
wealth-and-luxury,material-wealth
wealth-and-luxury,material-wealth-and-fashion
wealth-and-luxury,materialism
wealth-and-luxury,materialism-and-corruption
wealth-and-luxury,materialism-and-gift-giving
wealth-and-luxury,materialism-and-luxury
wealth-and-luxury,materialism-and-spending
wealth-and-luxury,materialism-and-wealth
wealth-and-luxury,materialism-over-spirituality
wealth-and-luxury,materialism-vs-genuine-love
wealth-and-luxury,materialism-vs-true-happiness
wealth-and-luxury,money-and-bag-chasing
wealth-and-luxury,money-and-cash
wealth-and-luxury,money-and-financial-power
wealth-and-luxury,money-and-financial-success
wealth-and-luxury,money-and-investing
wealth-and-luxury,money-and-materialism
wealth-and-luxury,money-and-power
wealth-and-luxury,money-and-profit
wealth-and-luxury,money-and-spending
wealth-and-luxury,money-and-wealth
wealth-and-luxury,money-and-wealth-pursuit
wealth-and-luxury,money-as-happiness
wealth-and-luxury,money-as-identity
wealth-and-luxury,money-as-power
wealth-and-luxury,money-chasing
wealth-and-luxury,money-management
wealth-and-luxury,money-mindset
wealth-and-luxury,money-motivation
wealth-and-luxury,money-obsession
wealth-and-luxury,money-over-everything
wealth-and-luxury,money-over-relationships
wealth-and-luxury,preference-for-wealthy-men
wealth-and-luxury,pursuit-of-wealth-as-escape
wealth-and-luxury,rags-to-riches
wealth-and-luxury,reckless-spending
wealth-and-luxury,rejection-of-material-gifts
wealth-and-luxury,showing-affection-through-spending
wealth-and-luxury,sincere-love-over-wealth
wealth-and-luxury,sincerity-over-wealth
wealth-and-luxury,spending-money
wealth-and-luxury,spending-money-on-women
wealth-and-luxury,status-and-luxury
wealth-and-luxury,status-and-wealth
wealth-and-luxury,status-and-wealth-display
wealth-and-luxury,street-wealth-and-success
wealth-and-luxury,success-and-wealth
wealth-and-luxury,trap-wealth
wealth-and-luxury,unlimited-wealth-and-luxury
wealth-and-luxury,wealth-accumulation
wealth-and-luxury,wealth-and-come-up
wealth-and-luxury,wealth-and-excess
wealth-and-luxury,wealth-and-financial-dominance
wealth-and-luxury,wealth-and-financial-success
wealth-and-luxury,wealth-and-generosity
wealth-and-luxury,wealth-and-independence
wealth-and-luxury,wealth-and-jewelry
wealth-and-luxury,wealth-and-lifestyle
wealth-and-luxury,wealth-and-luxury
wealth-and-luxury,wealth-and-luxury-lifestyle
wealth-and-luxury,wealth-and-material-status
wealth-and-luxury,wealth-and-material-success
wealth-and-luxury,wealth-and-materialism
wealth-and-luxury,wealth-and-money
wealth-and-luxury,wealth-and-power
wealth-and-luxury,wealth-and-spending
wealth-and-luxury,wealth-and-status
wealth-and-luxury,wealth-and-status-display
wealth-and-luxury,wealth-and-status-flaunting
wealth-and-luxury,wealth-and-street-life
wealth-and-luxury,wealth-and-success
wealth-and-luxury,wealth-as-attraction
wealth-and-luxury,wealth-attraction
wealth-and-luxury,wealth-display
wealth-and-luxury,wealth-does-not-define-character
wealth-and-luxury,wealth-flaunting
wealth-and-luxury,wealth-obsession
wealth-and-luxury,wealthy-la-lifestyle
wealth-and-luxury,wealthy-lifestyle-excess
